icao,name
00A,Bensalem - Total Rf
00AA,Leoti - Aero B Ranch
00AK,Anchor Point - Lowell
00AL,Harvest - Epps
00AN,King Salmon - Katmai Lodge
00AR,Bennington - Arland
00AS,Alex - Fulton
00AZ,Cordes
00C,Durango - Animas Air Park
00CA,Barstow - Goldstone Gts
00CL,Biggs - Williams Ag
00CN,Pine Valley - Kitchen Creek Helibase
00CO,Briggsdale - Cass
00F,Broadus
00FA,Bushnell - Grass Patch
00FL,Okeechobee - River Oak
00GA,Lithonia - Lt World
00GE,Hiram - Caffrey
00ID,Clark Fork - Delta Shores
00IG,Mcdonald - Goltl
00IL,Polo - Hammer
00IN,Hobart - Center
00IS,Kings - Farms
00KS,Gardner - Hayden Farm
00KY,Stanford - Robbins Roost
00LA,Gonzales - Shell Chemical
00LS,Esterwood - Lejeune
00M,Bay Springs - Thigpen
00MD,Federalsburg - Slater
00MI,Davison - The Waldron Way
00MN,Battle Lake
00MO,Alba - Cooper Flying Service
00MT,Livingston Healthcare
00N,Bridgeton - Bucks
00NC,Louisburg - North
00NJ,New Brunswick - Colgate-Piscataway
00NK,Beekmantown - Cliche Cove
00NR,Rodanthe
00NY,West Bloomfield - Weiss
00OH,Cincinnati - Center
00OI,Dayton - Miami Valley Hospital
00OK,Sandsprings - Bay Landing
00PN,Mercer - Ferrell
00PS,Loysville - Thomas
00R,Livingston Muni
00S,Mc Kenzie Bridge
00SC,Sumter - Flying O
00SD,Gary - Homan
00TA,Port Arthur - Sabine Pilots
00TN,Lebanon - Thompson Farms
00TS,Everman - Alpine Range
00TT,Goodlett - Nowhere
00TX,Van - Delva
00U,Hardin - Big Horn County
00VA,Alton - Vaughan
00VI,Hillsville - Groundhog Mountain
00W,Colfax - Lower Granite State
00WA,Longbranch - Howell
00WI,Waupaca - Northern Lite
00WN,Asotin - Hawks Run
00WV,Beverly - Lazy J
00WY,Casper - Mountain View
00XA,Hempstead - Weeski Ranch
00XS,Benavides - Sweden Ranch
01A,Purkeypile
01AK,Seward Providence
01AL,Clanton - Ware Island
01AN,Wasilla - Mc Hone Heights
01AZ,Camp Verde - Yat
01B,Warsaw - Tippecanoe
01CA,Hesperia - Lugo Substation
01CL,Placerville - Swansboro Country
01CN,Talkeetna - Coleman Homestead
01CO,Leadville - St
01CT,Berlin Fairgrounds
01D,Syracuse - Lake Wawasee
01E,Angola - James
01F,Hamilton Lake
01FA,Orlando - Rybolt Ranch
01FD,Altamonte Springs Advent
01FL,Geneva - Ranch
01G,Perry Warsaw
01GA,Columbus - Medical Center
01GE,Wrightsville - The Farm
01H,Culver - Lake Maxinkuckee
01IA,Maysville - Stender
01ID,Lava Hot Springs
01II,Lizton - Myers
01IL,Hoopeston
01IN,Anderson - Community Hospital
01IS,Dow - William E Koenig
01J,Hilliard
01K,Caldwell Muni
01KS,Lost Springs - Flying N Ranch
01KY,Paducah - Lourdes Hospital
01L,Winona - Bass Lake
01LA,Oak Ridge - Barham
01LL,Pinckneyville - Schumaier Restricted Landing
01LS,Slaughter - Country Breeze
01M,Belmont - Tishomingo County
01MA,Andover Compaq
01MD,Annapolis
01ME,Portage Lake - St
01MI,Flint - Flow Through Trml
01MN,Cook - Barnes
01MT,Fortine - Crystal Lakes Resort
01MU,Tucson - Nwmc/Houghton
01NC,Holly Ridge - Topsail
01NE,Wellfleet - Detour
01NH,Canaan - Moore
01NK,Granville
01NM,Artesia - Champion Ranch
01NR,Wilmington - Mcgee 01
01NV,Yerington - Lantana Ranch
01NY,Poughkeepsie - Center
01OH,Middletown - Atrium Medical Center
01OI,Galion Community
01OK,Mounds - Merrill Ranch
01OL,Tishomingo - Spring Creek Ranch
01OR,La Grande Ronde
01PA,Bolivar - Powell Kaiser
01PN,Bellefonte - Bierly(Personal Use
01PS,Meshoppen - Nort'S Resort
01SC,York
01TE,Forney - Smith
01TN,Collierville - Colonial Air Park
01TS,Groesbeck - Fort Parker Flying
01TT,Clute
01TX,Graham - Beulah
01U,Duckwater
01UT,La Sal
01VA,Berryville - Pickles
01WA,South Bend - Willapa Harbor
01WI,Tomah - Prehn Cranberry Company
01WN,Coupeville - Whidbey General Hospital
01WT,Renton - Odyssey
01WY,Moorcroft - Keyhole
01XA,Kyle - Hays
02A,Clanton - Chilton County
02AA,Big Lake - Barefoot
02AK,Willow - Rustic Wilderness
02AL,Foley - Bass
02AN,Homer - Emerald Ridge
02AR,Murfreesboro - Mount Moriah
02AZ,Marana - Silver Bell Ahp
02C,Brookfield - Capitol Drive
02CA,Huntington Beach - Beta Platform Ellen
02CD,Clarksdale - Shannon
02CL,Frazier Park - Conover Air Lodge
02CO,Monte Vista - Mc Cullough
02CT,Ellington - Strangers Point
02D,Winona Lake
02FA,Groveland - Osborn
02FD,Baker - Triple R Ranch
02FL,Plant City South
02G,East Liverpool - Columbiana
02GA,Commerce - Doug Bolton Fld
02GE,Euharlee - Etowah Fields
02HI,Pearl Harbor - K3 Helipad
02IA,Boone County
02ID,Cascade - Morgan Ranch
02II,Westfield - King
02IN,Muncie - Diamond P
02IS,Libertyville - Center
02KS,St Marys - Jmj Landing
02KT,Morehead - St Claire Healthcare
02KY,Frankfort - Boone Ntl Guard
02LA,Bossier City - La
02LS,Broussard - Windy Hill
02MA,Gosnold - Cuttyhunk
02MD,Brandywine - Garner
02ME,Acton - Nadeau
02MI,Greenville - Fairplains
02MN,Cambridge - Gregory
02MO,Troy Airpark
02MS,Rochdale - Watts
02MT,Culbertson - Steppler
02MU,Cassville - Timber Line
02NE,Valparaiso - Benes Service
02NH,Dummer - Iroquois Landing
02NJ,Kenilworth
02NM,Animas Ffr
02NR,Greenville - Mcgee 02
02NV,Winnemucca - Paiute Meadows
02NY,Durhamville - Hansen
02OH,Fremont - Zimmerman
02OI,Conneaut - Murtha
02OK,Lamont - Bobbitt
02OL,Wilburton - War Veterans Colony
02OR,The Dalles - Rowena Dell
02PN,Berwyn
02PR,Vega Baja - Cuylers
02PS,Tioga - Hughes Ultralightport
02RI,Newport - Miramar Residence
02SC,Estill - Harpers
02T,Wise River
02TN,Murfreesboro - Ellis
02TS,Charlotte - El Tesoro Ranch
02TX,Nacogdoches Meml
02UT,Lucin
02VA,Culpeper - The Greenhouse
02WA,South Prairie
02WI,Hudson - Beer
02WN,Tonasket - Fowler
02XA,Honey Grove - Jls Farms
02XS,Elroy - Seidel Ranch
03AK,Kenai - Joe Clouds
03AL,Scottsboro - Highland Medical Center
03AN,Alaska Glacier
03AR,Malvern - Hscmh
03AZ,Hereford - Thompson
03B,Mansfield Muni
03CA,La Mesa - Grossmont Hospital
03CO,Saguache - Blue Water
03D,Memphis Meml
03FA,Lake Placid Persimmon
03FD,Bonifay - Tharpe
03FL,Cape Coral - Greens Farm
03G,Erie - Thermal-G
03GA,Statesboro - Hia
03GE,Dahlonega - Ngmc Lumpkin Hospital
03IA,Elliott - Flatlander
03ID,Council - Flying Y Ranch
03II,Mount Vernon - Davis
03IL,Monee - Wix
03IN,Arcadia - Heinzman
03IS,Alton - Center
03KY,Henderson - Flying H Farms
03LA,Carville - Damien
03LS,Winnsboro - Fmc Nr 1
03M,East Winthrop - Marina
03MA,Hadley
03MD,Bel Air - Center
03ME,Harrison - Maple Ridge
03MI,Bay City - Harold Miller
03MN,Lakefield - Nauerth Land Ranch
03MO,Richmond - Dorton
03MT,Billings Flying Service
03MU,Archie - Mc Donnell
03N,Utirik Island
03NC,Carolina Beach - Pilots Ridge
03ND,Edinburg - Olafson Brothers
03NE,Comstock - Hyde Ranch
03NH,Milford - Lorden
03NJ,Paterson - Joseph'S
03NM,Raton - Center
03NR,Clayton - Johnston Medical Center
03NV,Ruby Valley - Llama Ranch
03NY,Riverhead - Talmage
03OH,Fremont - Gibbs
03OI,Garfield Heights - Hospital
03OK,Sapulpa - Sahoma Lake
03OL,Alex - Bluebird
03OR,Troy - Powwatka Ridge
03PA,Collegeville
03PN,Berwick - M P Metals
03PR,Bonner Springs - Sun View
03PS,Bellefonte - Ziggy
03S,Sandy
03SC,Little River - Seacoast Medical Center
03TA,Midland Meml
03TE,Hebbronville - Barronena Ranch
03TN,Sevierville - Eagles Landing
03TS,San Angelo - Shannon Medical Center
03TT,Orchard - Brazos Polo
03TX,Pearland - M D K
03UT,Mexican Hat - Corporation
03VA,Fredericksburg - Spotsylvania
03WA,Spangle
03WI,Grafton Aurora
03WN,Goldendale - Aerostone
03WT,Lopez Island
03XA,El Paso - Center
03XS,Mertzon - Creekside
04A,Luverne - Frank Sikes
04AA,Soldotna - Flying W Ranch
04AL,Anniston Army
04AN,Sutton - North
04AR,Benton - Saline Meml Hospital
04AZ,White Hills
04CA,Palmdale - Gray Butte
04CL,Julian - Ranch
04FA,Homestead - Richards
04FD,Brandon Tampa
04FL,Ormond - Cross Creek Farms
04G,Youngstown - Lansdowne
04GA,Monroe - Verge Towers
04IA,Packwood - Middlekoop
04ID,Emmett - Lanham
04II,New Haven - Turkey Run
04IL,Hudson - Full Throttle
04IN,Angola - Lake Gage
04IS,Mansfield - Van Gorder
04KS,Minneola - Kraemer Airfield
04KY,Hiseville - Natchez Trace Farm
04LA,Lutcher - St
04LL,West Dundee - Brunner
04LS,Baton Rouge - La
04M,Pittsboro - Calhoun County
04MA,Haverhill - Goddard
04MD,Chesapeake City
04ME,Mercer - Beech Hill
04MI,Eaton Rapids Airway
04MN,Kelliher - Helblad
04MO,Kansas City - Kc Stadium
04MS,Rolling Fork - Inc
04MT,Cohagen - Pluhar
04NC,Cary
04NE,Sarben - Mc Connell
04NJ,Elmer - Emmanuel
04NR,Jacksonville - Mcgee 04
04NV,Sandy Valley - Kingston Ranch
04NY,Hudson - Klaverack
04OG,Forest Grove - Teufel
04OH,Brunswick Cleveland
04OK,Stillwater Medical
04OR,Mitchell - Collins Landing Strip
04SC,Easley - Emergency Helipad
04SD,Eagle Butte - Center
04TA,Austin - Building
04TE,Houston - Center
04TN,Chuckey - Hensley
04TT,Utopia - Brushy Creek Ranch
04TX,China Spring - Pocock
04UT,Navajo Mountain Trdng Post
04V,Saguache
04VA,Lebanon - Center
04VG,Manquin
04VT,Cabot - Lightning Bolt
04W,Hinckley - Field
04WA,Spokane - Ox Meadows
04WI,Bristol - Dutch Gap Airstrip
04WN,Royal City - Stillwater Creek
04XA,Jermyn - Pecan
04Y,Hawley
05AA,Chatham
05AK,Palmer - Wasilla Creek
05AL,Fort Novosel (Wicksburg) - Allen Stagefield Ahp
05AN,Fox - Aerodrome
05AR,Kingston - Ozark Skies
05AZ,Yuma Rgnl Medical Center
05B,Van Buren
05C,Griffith
05CA,Calabasas - Lost Hills Sheriff'S
05CL,Pope Valley
05CO,Mead - Rancho De Aereo
05D,New Town
05FA,Florala - Melanie
05FD,North Miami Beach - Aventura
05FL,La Belle - Charlton Strip
05GA,Richland - Ark
05IA,Nora Springs - Spotts
05ID,Grangeville - Running Creek Ranch
05II,New Haven - Reichhart
05IL,Bonfield - Classic Landings
05IN,Belleville - Cooper
05IS,Mount Auburn - Hardy
05KS,Elk City - Darbro
05KT,Frankfort - High Point Farm
05KY,Berea - Cartersville
05LA,Baskin - Greg'S Flying Service
05LL,Willowbrook - Midwest Meml
05LS,Alexandria - Grass Roots
05M,Lehi - Point
05MA,Ipswich - Bentley
05MD,Chestertown - Breezecroft
05ME,Jonesboro - Drisko Kelley
05MI,Taylor Beaumont
05MN,Aurora - Center
05MO,Edina - Jetsetter Outdoors
05MT,Belgrade - Jones Landing
05N,Winterville - South
05NC,Beaufort - Dead Cow
05NE,Spalding - Mc Kay
05NH,Kensington - Stumpfield
05NJ,Jersey City - Paulus Hook Pier
05NR,Mebane - Fox
05NV,Baker Ranches
05NY,Pulaski Oswego
05OG,Eugene - Drill
05OH,Conesville - Eaglecrest
05OI,Columbia Station - Dorlon
05OK,Hydro - Muncy
05OR,Enterprise - 6 Ranch
05PA,Philadelphia - Peco Mob
05PN,Harrisburg - Iii
05PS,Burnt Cabins - Mills Brothers
05S,Vernonia
05TA,Sealy - Brandes Air
05TE,Georgetown - Hilde-Griff
05TN,Memphis - Regional
05TS,Justin - Dew Drop
05TX,Blum - Circle 'A' Ranch
05U,Eureka
05UT,Veyo - Sand Cove Ranch
05V,Blanca
05VA,Farmville - Providence
05VT,Highgate Springs
05WA,Spokane - Helistop
05WI,Darien - Ames Private
05WN,Kettle Falls - Flat Creek
05XA,Dumas - District
05XS,Wilmot - Johnson
05Y,Henning
06A,Tuskegee - Moton
06AA,Sterling - Twisted Sisters
06AK,Wasilla - June Lake
06AL,Fort Novosel (New Brockton) - Brown Stagefield Ahp
06AN,Nikiski - Niesen Airstrip
06AR,Higden - Cy Bond Meml
06AZ,Gilbert Mercy
06B,Bangor - Lucky Landing Marina
06C,Chicago/Schaumburg Rgnl
06CA,Yermo - Sce Solar I
06CL,Glendale - Abc7-Tv
06CO,Branson - Jecan
06D,Rolla Krech
06FA,Jupiter - William P Gwinn
06FD,Mascotte - Grass Roots
06FL,Clearwater - Morton Plant Hospital
06GA,Redan - Smith
06I,French Lick - Area
06IA,Walford - Rich
06ID,Kuna - Larkin
06IL,Earlville - Humm
06IN,Bloomington Iu
06IS,Nauvoo - Sinele Strip
06KY,Williamstown - Air Evac 133
06LA,Belle Chasse - Panther Helicopters Inc
06LS,St Francisville - Tembec
06M,Eupora
06MA,Pepperell - The Barn
06MD,Baltimore - Center
06ME,Bethel - Barker
06MI,Jackson Henry
06MN,Deer River - Cutfoot Sioux
06MO,Waldron - Noahs Ark
06MT,Ethridge - Torgerson
06N,Middletown - Randall
06N7,New York
06NC,St. Pauls - Tailwinds
06ND,Glen Ullin - Fitterer
06NH,Kensington - Cole Farm
06NJ,New Brunswick J&J
06NV,Baker - Silver Creek
06NY,Auburn - Murphy
06O1,Youngstown - Center
06OH,Williamsfield - Hal Joy
06OI,New Lebanon - Green Acres
06OR,Forest Grove - Hayden Mountain
06PA,Ceres - Freefall Oz
06SN,Derby - Beyer Farm
06TA,Buckholts - Glaser
06TE,Cleveland - Cavok
06TN,Columbia - Hunter
06TS,Paint Rock - M Sansom Ranch
06TT,Fort Mckavett - 6 Mile
06TX,Hockley - Diamond N Ranch
06U,Jackpot
06VA,Grottoes - Mount Horeb
06WA,Spokane - Yard
06WI,Wausaukee - Lazy River
06WN,Yelm - Western
06XA,Van Alstyne - Hill
06XS,Aubrey - Campbell
06Y,Herman
07A,Union Springs - Franklin
07AA,Willow - Pan Lake Strip
07AL,Fort Novosel (Samson) - Stagefield Ahp
07AN,Trapper Creek - Bro Majors
07AR,Morrilton
07AZ,Scottsdale - Peoples Hangar
07CL,Richvale
07CO,Kiowa - Comanche Creek
07F,Gladewater
07FA,Key Largo - Ocean Reef Club
07FD,Miami University
07FL,Lecanto - Home
07GA,Covington - Alcovy
07GE,Ocilla - Pope Pate
07I,Bloomington - Lake Monroe
07IA,Shambaugh - Hoskins Landing
07ID,Oldtown - Shepard Strip
07II,North Vernon - St
07IN,Boggstown - Gray
07K,Central City
07KS,Augusta - Heape
07KY,Louisville - Blue Lick
07LA,Forest Hill - Richmond
07LS,Monroe - La
07MA,Plymouth - West
07MD,Westminster - Baugher'S Orchard
07ME,Westbrook
07MI,Lake - Scott Airstrip
07MN,Sleepy Eye Medical
07MO,Warrensburg - Lake Sexton
07MT,Glasgow Industrial
07N,Kralltown - Bermudian Valley
07NC,Waxhaw - Hawks Meadow
07NH,Washington - Diving Rock
07NJ,North Bergen - Hackensack Umc Palisades
07NV,Baker - Border Line Farm
07OK,Snyder - Pleasant Valley
07OR,Milwaukie - Bruce'S
07PA,Albion - Dream Air
07PN,Grassflat - Folmar
07PR,Isabela Advanced
07R,Bishop Windham
07S,Beaumont Hotel
07SN,Phillipsburg - Churchill
07TA,Danbury - Salaika
07TE,Gainesville - Peak 7 Ranch
07TN,Ripley - Lauderdale Community Hospital
07TS,Georgetown - Marshall
07TX,Princeton - Pecks
07UT,Howell - E Northrop Grumman
07V,La Veta
07VA,Clover - Alpha Hotel
07VT,Jericho - Meadow
07WA,Spokane - Multicare Deaconess Hospital
07WI,Lake Geneva - Mercyhealth Walworth
07XA,Smithville - Fred Luecke
07XS,Crowley - Allen Ponderosa
07Y,Hill City Quadna
08A,Wetumpka
08AK,Big Lake - Fisher
08AL,Gulf Shores - Little Lagoon
08AN,Palmer - Base
08AR,Ashdown - Garrison
08AZ,Mesa
08B,Bowdoinham - Merrymeeting
08C,Jenison - Riverview
08CA,Diamond Springs - Cntr
08CL,Jamestown - Kistler Ranch
08CO,Rush - Terra Firma
08CT,Winsted - Seavair'S Landing
08D,Stanley Muni
08F,Coalgate
08FA,La Belle - Duda Airstrip
08FD,Okeechobee - Sunniland Ranch
08FL,Lake Placid - Farms
08GA,Darien - Sapelo Island
08GE,Ellabell - America
08ID,Marsing - Symms
08II,Lagrange Parkview
08IL,Cortland - Marshall Farms
08IN,Gas City - Marion Health
08IS,Du Quoin - Rla Restricted Landing
08K,Harvard
08KS,Bennington - Alderson
08KT,Morganfield - Hospital
08KY,Burnside - Boss
08LL,Dwight - Sauer
08LS,Grand Coteau - Aeleron
08M,Carthage
08MA,Southborough - Wormid
08MD,Towson - St
08ME,Avon - Lindbergh
08MI,Lansing - Sparrow Hospital
08MN,Chisholm/Hibbing - Christenson Point
08MO,Jasper - Twin Oaks
08MS,Coldwater - Midsouth
08MT,Grass Range - Matovich
08N,Lebanon - Keller Brothers
08NC,Lewisville - Whiteheart Farm
08ND,Golden Valley - Brecht Strip
08NE,Laurel Muni Apt
08NH,North Conway - Meml Hospital
08NJ,Livingston - Center
08NR,Zirconia - Bell Mountain
08NY,Middletown - Md1
08OH,Hartford - Kenley
08OK,Wilburton - Parks
08OL,Hydro - Broken B
08OR,Silver Lake - Saxon Sycan
08PA,Long Pond - Pocono Raceway Corporate
08R,West Kingston - Richmond
08SC,Anderson - Anmed
08SD,Armour - Douglas County
08TA,Fischer - Rancho Del Lago
08TE,Mountain Home - Egm
08TN,Fayetteville - Ptc
08TS,Bynum - Flying G Ranch
08TT,Fredericksburg - Lz Tango Charlie
08TX,Weatherford - Cross Wind
08U,North Fork - Stevens-Crosby
08UT,La Sal - Pinelodge Rwy
08VA,Buchanan - Springwood Airstrip
08WA,Lacey - P-L Ranch
08WI,Howard - Faikel
08XA,Snook - Knolle Ranch
08XS,Old Ocean - Peterson
09A,Butler Choctaw
09AA,Talkeetna - Sheldon Chalet
09AK,Big Lake - West Beaver
09AL,Eutaw - Home
09AN,Homer - Kachemak
09AR,Magnolia
09AZ,St David - Stronghold
09CA,King City - Mee Meml Hospital
09CL,Grass Valley - Alta Sierra
09CO,Swink - Cottonwood
09FA,Lake Placid Lakes
09FD,Bushnell - Cheryl-Lane Landings
09FL,Miami Gardens - Hard Rock Stadium
09GA,Moultrie - Strip
09GE,Dawsonville - Elliott
09I,International Falls Intl
09IA,Brooklyn Skydive
09ID,Moscow - Area
09II,Valeene - Gibbons
09IL,O'Fallon - Elizabeth'S
09IN,Columbia City - Gordon
09IS,Rockford - Swedish American
09J,Jekyll Island
09K,Sargent
09KS,Wellsville - Coffman
09KY,Louisville - Baptist Hospital
09LA,Grand Isle - Helibase
09LL,Capron - Pine Hill
09LS,St Francisville - West
09M,Charleston Muni
09MA,Southborough - Kallander
09MD,Mchenry - Fly Deep Creek
09ME,Berwick - Perrotti Skyranch
09MI,Michigan Ntl
09MN,White Bear Township - Salisbury
09MO,Willard - Hogue Farm
09MT,Sula - Paint Creek Ranch
09N,Staatsburg - Airhaven
09NC,Broadway - William Irving Lewis
09NE,Bennington - Summer Hill Farm
09NJ,Somerville - Stonebridge Farm Helistop
09NR,Ramseur - Dakota Air Ranch
09NV,Henderson West
09NY,Kingston - D Storm Meml
09OK,Collinsville - Ragtime Aerodrome
09OR,The Dalles - Mid-Columbia Medical Center
09PA,Port Matilda - Eagle
09R,Woodville - Tyler
09S,Metaline Falls - Sullivan Lake State
09T,Decatur - Ranch
09TA,Ravenna - Xwind Farm
09TE,Glen Rose - Running M Ranch
09TN,Knoxville Univ
09TS,Marathon - Ranch
09TX,Sheffield - Smokey Mtn Ranch
09UT,Moab - Rustler Canyon Airstrip
09VA,Floyd - Alum Ridge
09VG,Fishersville - Augusta Medical Center
09W,Washington - South
09WA,Spokane - Holy Family Hospital
09WI,Holmen - Parkway Farm Strip
09XA,Elmendorf - Braunig Ehlf
09XS,San Antonio - Baptist Medical Center
09Y,Inver Grove Hgts - Wipline
0A3,Smithville Muni
0A4,Johnson City
0A7,Hendersonville
0A8,Centreville - Bibb County
0A9,Elizabethton
0AA1,Yakataga
0AA4,Farewell
0AA5,Trapper Creek - Rangeview Airstrip
0AA6,Haines - Big Salmon
0AA7,Kenai - Kalifonsky Meadows
0AK,Pilot Station
0AK0,North Pole - Scotts
0AK1,Wasilla - Anderson Lake
0AK2,Willow - Yentna Bend Strip
0AK3,Montana Creek - Parker Lake
0AK5,May Creek Young
0AK6,Victory Bible Camp
0AK7,Homer - Airstrip
0AK8,Mccarthy - Fireweed
0AK9,Point Mackenzie - Falcon Lake Strip
0AL1,Foley - Resort
0AL2,Ashland - Clay County Hospital
0AL3,Evergreen - Hospital Pad
0AL4,Fort Payne - Dekalb
0AL5,Flomaton
0AL6,Brewton - Hospital
0AL7,Gadsden
0AL8,Birmingham - Brookwood Medical Center
0AL9,Florence - Wilson Creek
0AR0,Springdale - Smh
0AR1,Centerville - Hooterville South
0AR2,Crawfordsville - Mission
0AR3,Point Cedar - Bent Hickory Air
0AR4,Gravette - Ozarks Community Hospital
0AR5,Jonesboro - Rgnl
0AR6,Hot Springs - Center
0AR7,Watson - Yancopin
0AR8,Nashville - Howard Meml Hospital
0AR9,Eureka Springs
0AZ0,Arizona Heart
0AZ1,Tonopah - Eagletail
0AZ2,Salome - Western Sky
0AZ4,Mobile - Flying Bucket Ranch
0AZ5,Morristown - Castle Well
0AZ6,Phoenix - Joseph'S
0AZ9,Bullhead City - Eagle
0B1,Bethel Rgnl
0B2,Brewer
0B4,Hartington
0B5,Montague - Turners Falls
0B7,Warren Sugarbush
0B8,Fishers Island - Elizabeth
0C0,Harvard - Dacy
0C1,Dearborn - Triple R
0C2,Hinckley
0C4,Pender Muni
0C5,Mecosta - Canadian Lakes
0C8,Newark - Cushing
0CA0,Del Rey - Pom Wonderful Airstrip
0CA1,Castro Valley
0CA2,West Los Angeles
0CA3,Santa Ynez - Crawford
0CA4,Santa Ynez - Shepherd Farm
0CA5,Santa Ysabel - Hoffman
0CA6,Ocotillo - Emory
0CA8,Aguanga - Ward Ranch
0CA9,Shandon - Blech Ranch
0CD0,Delta County
0CD1,Colorado Medical
0CD2,Yoder - Foxx Valley
0CD4,Denver - Kauffman
0CD5,Trinidad - Pinon Canyon
0CD6,Lafayette - Exempla Good Samaritan
0CD7,Lafayette - Fox Hole
0CD8,Lamar - Prowers Medical Center
0CD9,Littleton - Medical
0CL0,Raymond - Ranch
0CL1,Adelanto - Krey
0CL3,Chula Vista - John Nichol'S
0CL4,Glendale - 700
0CL5,Irvine - The Atrium
0CL6,Lancaster - Bohunk'S
0CL7,Los Angeles - Good Samaritan Hospital
0CL8,Ridgecrest - Tera
0CL9,Romoland - Center
0CN1,Delhi - Fiorini Ranch
0CN2,Live Oak - Sutter Butte Dusters
0CO0,Longmont
0CO1,Louisville - Dave
0CO2,Crested Butte
0CO3,Bennett - Greggs Nr 1
0CO5,Kiowa - Lebeau Ranch
0CO6,Norwood - Ranch
0CO7,Fort Collins - Century Helicopters
0CO8,Mead - Cartwheel
0CO9,Monte Vista - Van Treese
0CT0,Sharon Hospital
0CT2,Willimantic - Windham Hospital
0CT3,New Britain - H
0CT5,Hartford - St Francis Hospital
0CT7,Bridgeport Hospital
0CT8,Danbury Hospital
0CT9,Hartford Hospital
0D7,Ada
0D8,Gettysburg Muni
0E0,Moriarty
0E8,Crownpoint
0E9,Corydon
0F2,Bowie
0F3,Spirit Lake
0F4,Loup City
0F7,Eufaula - Fountainhead Lodge
0F9,Tishomingo
0FA0,Miami - Club
0FA1,Arcadia - Ott'S Landing
0FA2,Perry - #2
0FA5,Oakland - Briley Farm
0FA6,Immokalee Helipad
0FA9,Altamonte Springs - Paradise Landing
0FD0,Ormond Beach - The 2A Ranch
0FD1,Panama City Beach - Panhandle Helicopter Llc
0FD2,Miami - Hard Rock Stadium
0FD3,Freeport - Dugger
0FD4,Blountstown - Yoder
0FD5,Defuniak Springs - Breezy Knoll
0FD6,Sebastian - Fulton
0FD9,Defuniak Springs - Joy Farms
0FL0,Clewiston - Harpers Fly-In Ranch
0FL1,Tampa South
0FL2,Geneva - Alligator Drink
0FL3,Old Town
0FL6,Panama City Beach West
0FL7,Orlando - Wkmg-Tv
0FL8,Jacksonville - Gary Gale
0FL9,Clewiston - Inc
0G3,Tecumseh Muni
0G5,Grand Marais/Cook County
0G6,Bryan - Williams
0G7,Seneca Falls - Finger Lakes
0GA0,Hampton - Halls Flying Ranch
0GA1,Hartwell - Mustang Fld
0GA2,"Hartwell - Airnautique, Inc"
0GA3,Temple - Ayresouth
0GA4,High Shoals - Paradise Falls
0GA6,Jersey - Sunset Strip
0GA7,Temple - Hickory Level
0GA8,Valdosta - Paso Fino Farm
0GA9,Roberta - Park
0GE0,Douglasville - Pinewood
0GE1,Irwinville - Crystal Lake Airpark
0GE3,Trenton - Lookout Mountain
0GE4,Sunnyside - Pecan Patch Airstrip
0GE5,Cleveland - Mountain
0GE7,Appling - Carpenter
0GE9,Rocky Ford - Pegasus Ranch
0H1,Wakeeney
0H7,Kahoka
0I2,Brazil
0I8,Cynthiana
0IA,Warsaw - Barbee Lake
0IA0,Knoxville Area
0IA1,Carroll - St Anthony
0IA2,Audubon Meml
0IA3,Waterloo - Hawkeye
0IA4,Mediapolis - Sharar
0IA5,Millerton - Moore
0IA6,Cresco - Rgnl
0IA8,Center Point - Hannen
0IA9,Reserve Army
0ID,Thatcher - W E Ranch
0ID0,Featherville - South
0ID1,Filer - Ziggy'S
0ID2,May - Flying Joseph Ranch
0ID3,Mountain Home - Coyote Run
0ID4,Shoshone - Black Butte Ranch
0ID5,Oreana - Ez Lope Ranch
0ID7,Murphy - Z X Ranch
0ID8,Grangeville - Pinnacle
0ID9,Helmer - Corral Creek
0II0,Albany - Chuck'S
0II1,Bremen - Unsicker
0II2,Bremen - Creighton
0II3,Bunker Hill - Miller Strip
0II5,Chalmers - Marshall
0II6,Goshen - Kropf
0II7,Greenfield - Frost
0II8,Lowell - Sutton'S
0II9,Hall - Winters
0IL0,Mc Leansboro - Hamilton Meml Hospital
0IL1,Maywood - Center
0IL2,Alma - Griffin
0IL3,Urbana - Osf Healthcare
0IL4,Downers Grove - Hospital
0IL5,Kewanee - Center
0IL6,De Kalb - Northwestern
0IL7,Hammond - Davis Rla
0IL8,De Kalb - Walter
0IL9,De Kalb - Jack W Watson
0IN,Elkhart - St
0IN1,Decker - Snider
0IN2,Tocsin - The Lazy K
0IN3,Winamac - Graves Landing Strip
0IN4,Woodburn - Air Park
0IN5,Byrneville - Byrne
0IN9,Mount Vernon - Parrish
0IS0,Rock Island Trinity
0IS2,Glenview - Hospital
0IS3,Deer Grove - Cady Aerial
0IS4,Lovington - Dawson Farms
0IS6,Dongola
0IS8,Quincy - Blessing Hospital
0J0,Abbeville Muni
0J4,Florala Muni
0J8,Archer - Flying Ten
0JY9,Flemingsburg - Fleming County Hospital
0K6,Inola - Dobie
0K7,Humboldt Muni
0KS0,Osage City - J V Ranch
0KS2,Udall - Leverton
0KS3,Arkansas City - South
0KS4,Lawrence - Norris
0KS5,Great Bend - Oasis Aerodrome
0KS6,Hays - Moore Homestead
0KS7,Cheney - Mono Aircraft
0KS8,Parsons - Pearce
0KS9,Douglas - Lmn 120
0KY,Jamestown Marina/Pela
0KY0,Owenton - Owen Air Park
0KY1,Franklin - Arnemann Farms
0KY2,Monticello - Conley Bottom Resort
0KY3,Dry Ridge - Sharmark Aviation
0KY4,Jamestown - Russell County Ambulance
0KY5,Bowling Green - Boyce Wafer Farm
0KY6,Horse Cave - Caverna
0KY7,Clinton Hickman
0KY8,Manchester - Sky
0KY9,Paris - Bourbon Community Hospital
0L4,Goldfield - Lida Junction
0L7,Jean
0L9,Overton - Echo Bay
0LA0,Hackberry West
0LA1,Gonzales - Double H Ranch
0LA2,Gonzales - Don Babin Private
0LA3,Belcher Airpatch
0LA4,Vivian - North
0LA5,Grand Isle - Conoco Inc
0LA6,Scott - Harmon
0LA7,Grand Isle - Exxon
0LA8,Jonesboro - Jackson Parish Hospital
0LA9,Walker - Rebel
0LL0,Belvidere - Kaufield
0LL1,Jerseyville
0LL2,St. Augustine - Strip
0LL3,Jerseyville - Koenig
0LL4,La Salle - Flaherty
0LL5,St Joseph - Busboom
0LL6,Sandwich - Gord
0LL7,Sandwich - Valley
0LS0,Thibodaux - Theriot
0LS4,Bunkie - Buller
0LS5,Cankton - Stafford
0LS6,Morrow - Dufour
0LS7,New Roads - Morgan
0LS8,Woodlawn - Lonesome Dove
0LS9,Monroe - Huenefeld
0M0,Dumas - Billy Free
0M2,Tiptonville - Reelfoot Lake
0M3,Hohenwald - Paul Bridges
0M4,Camden - Benton County
0M5,Waverly - Humphreys County
0M8,Lake Providence - Byerley
0M9,Delhi
0MA1,Massachusetts General
0MA2,Leominster - Healthalliance Hospital
0MA3,Rehoboth - Reh
0MA4,Boston
0MA5,Brockton
0MA6,Boston - Wbz
0MA9,Westminster - Kyle
0MD0,Glen Burnie - Center
0MD1,Sudlersville - Taylor
0MD2,Cobb Island - Squier Landing
0MD3,Baltimore - Johns Hopkins Hospital
0MD4,Chestertown - Pond View Private
0MD6,Mount Airy - Walters
0MD7,Queenstown - Camp
0MD9,Prince Frederick - Center
0ME4,Otis - Peasley
0ME7,North Windham - Sebago Lake Basin
0MI0,West Branch - 2110
0MI1,Rochester - Lawler
0MI2,Glennie - Stier Airstrip
0MI3,Grayling - Kelleys
0MI4,Gwinn - Lesterson-Dempsey Airstrip
0MI5,Manistee Munson
0MI6,Hulbert - Young'S
0MI7,Carleton - Four Star
0MI8,Trenton - Center
0MI9,Detroit - Henry Ford Hospital
0MN0,St Paul Park - Winner'S Landing
0MN1,New Prague
0MN2,Sandstone - Grindstone Lake
0MN3,Jenkins - Lower Hay Lake
0MN4,Nisswa - Paul'S
0MN5,Tracy Sanford
0MN6,Crosslake - Gillespie
0MN7,Ely Bloomenson
0MN8,Stillwater - Keller
0MO0,Clinton - Ferros Ranch-Aero
0MO1,Creighton - Flying G
0MO2,Caledonia - Short-N-Ruff
0MO3,Freeman - Veach
0MO4,Kansas City - Bert Walter Berkowitz
0MO5,Edina - Joe D Lewis
0MO6,Hurdland - Harrison
0MO7,Lake Saint Louis
0MO8,Elsberry - Sloan'S
0MS0,Meridian - Topton Air Estates
0MS1,Meadville - Franklin
0MS2,Seminary - Morgan
0MS3,Oxford - Baptist Meml
0MS5,Leland - Lewis Air Service
0MS6,Pass Christian - Levert
0MS7,Pass Christian - Addison-Henley
0MS8,Benoit - Catfish Point
0MS9,Houston - Shenandoah Valley Farms
0MT1,Augusta - Williams
0MT2,Big Sandy Medical
0MT3,Hamilton - Stock Farm
0MT4,Hamilton - Kimp
0MT5,Laurel - Cottonwood
0MT6,Marion - Hanson
0MT7,Thompson Falls - Pinehurst Ranch
0MT9,Whitefish - Lone Hawk
0MU0,Ellington - Eagle
0MU1,Avilla - Sunderland
0MU2,Florissant - Christian Hospital Northeast
0MU3,Hannibal Rgnl Hospital
0MU4,Marceline - Slaughter
0MU5,Holden
0MU6,Higginsville - Bradbury-Rolf Meml
0MU7,Lone Jack - Lambs
0MU8,Millersville - Prince Stolport
0MU9,Fair Grove - Rpm
0MY1,Bozeman Deaconess
0N0,Liberty - Roosterville
0N4,Dover - Chandelle
0N5,Dover - Deldot Helistop
0NA1,Barney - Goerger
0NA5,Maddock - Sorlie
0NA9,Golva - Boyd
0NC0,Goldsboro - Inc
0NC1,Elon - Strip
0NC2,Pinehurst - Moore
0NC3,Plymouth - Washington County Hospital
0NC4,Raleigh - Wake Medical Center
0NC5,Rocky Mount - Nash General Hospital
0NC6,Scotland Neck - Our Community Hospital
0NC7,Madison - Lindsay
0NC8,Cleveland - Flying S Ranch
0NC9,Henderson - Hospital
0ND0,Flora - Gilbertson
0ND6,Hague - Schumacher Strip
0ND7,Hazelton - Saville Private
0NE0,Ashby - Merrihew
0NE1,Ashby - Runner Landing Area
0NE2,Ashby - Merry
0NE3,Syracuse Hospital
0NE4,Franklin County
0NE5,Big Springs - Newman
0NE6,Fairfield - Frager
0NE9,Utica - Flying V
0NH7,Dover - Leinsing
0NJ0,Atlantic City Medical
0NJ1,Bayville - Berkeley Township Police
0NJ2,Morristown - Ballymere
0NJ3,Mount Holly
0NJ4,Morris Plains - Weichert Headquarters
0NJ5,East Rutherford - Complex
0NJ6,Linwood - Dix
0NJ9,New Brunswick Jersey
0NK0,Cattaraugus - Berdick
0NK1,Central Square - Spring Brook
0NK2,Charlton - Westwind Farm
0NK3,Groveland - Seven Gullies
0NK4,Hempstead - Medical Center
0NK6,Marathon - Lapeer Flyer
0NK7,Armonk - King Street
0NK8,Attlebury - Rocky Reef Farm
0NK9,Chittenango - Lakeview
0NM0,Columbus Muni
0NM7,Reserve - Negrito Airstrip
0NV1,Las Vegas - Summerlin Medical Center
0NY0,North Creek - Bennetts
0NY1,Northumberland - Russell Fld
0NY2,Stony Point - Amar
0NY3,Ohio - Kermizian
0NY4,Kingston - Bridgeview
0NY6,New York Police
0NY7,Perth - Murphys Lndg Strip
0NY8,Perth - Wenskoski
0O2,Baker
0O4,Corning Muni
0O9,Gasquet - Ward
0OA2,Medina Cleveland
0OH1,Chagrin Falls - Binder
0OH2,Zoar - Rotary Run
0OH4,Troy - Center
0OH5,Butler - Freeman Swank
0OH6,Spring Valley - Fry
0OH7,Piqua - Apple
0OH8,Piqua - Fry
0OH9,Plain City - Parknavy Stolport
0OI0,East Canton - Foltz
0OI2,Greenfield - Unger
0OI3,Sandusky - Galloway
0OI4,Hiram - Salt Box
0OI6,Kingsville - Victor'S
0OI9,Lucasville - Hidden Quarry
0OK0,Edmond
0OK1,Elmore City - Mckey
0OK2,Bartlesville - Viskup Family
0OK3,Geary - Mckinley
0OK4,Coal Gate - Rock Creek Farm
0OK5,Guthrie - Chappell
0OK6,Guthrie - Ellis/Harvey
0OK7,Shattuck
0OK8,Marlow - Ramey 1
0OK9,Jennings - Crystal
0OR0,Medford - Providence Hospital
0OR3,Merrill - Long Ranch
0OR4,Metolius - Round Butte
0OR5,Eagle Point East
0OR6,Rome Service
0OR7,Monmouth - Marr
0OR8,White City - Sutton On Rogue
0OR9,Mount Hood - Hanel
0P1,Prairie View - Van Pak
0P2,Stewartstown - Shoestring Aviation
0P8,Dover - Lazy B Ranch
0PA0,Richfield Station
0PA1,Norristown - Phoenix Technologies
0PA2,Shermans Dale - Haunstein
0PA3,Troy - Robbins Farm
0PA4,Hummelstown - Ecko
0PA5,Franklin - Fisher
0PA6,Huntingdon - Hostetler
0PA7,Media - Linvill
0PA8,Scranton - Nap
0PA9,Perkasie - Carson
0PN0,Sheakeyville - Lakeview
0PN1,Freeport - Pete
0PN2,Slippery Rock - Flying Acres
0PN3,Collegeville - Pfizer
0PN4,New Bloomfield - Kitner
0PN5,Spartansburg - Nichols
0PN6,Three Springs - Memmi
0PN7,Newburg - Drillmore Acres
0PN8,Titusville - Shriver
0PN9,Titusville - Paul Personal Use
0PS0,Tylersburg - Frederick
0PS3,Carsonville
0PS4,Curwensville - Old Orchard
0PS5,East Bangor - Llc
0PS6,East Prospect - Herbst
0PS7,Elizabethville - Harman
0PS8,Erie - Garage
0PS9,Fairless Hills - Campus
0Q3,Schellville/Sonoma
0Q4,Selma
0Q5,Shelter Cove
0Q9,Sonoma Skypark
0R0,Columbia Marion
0R1,Atmore
0R2,Lincoln Muni
0R4,Vidalia - Concordia Parish
0R5,Winnfield - David G Joyce
0R6,Hampton Muni
0R7,Coushatta - The Red River
0S0,Lind
0S1,Meadow Creek
0S5,Nezperce
0S7,Oroville - Dorothy Scott
0S9,Port Townsend - Jefferson
0SD0,Glencross - Lenling
0SD1,Wakonda - Lodi
0SD2,Watertown - Prairie Lakes
0SD3,Hoover - Bledsoe Ranch
0SD4,Brookings Health
0SD6,Philip - Oasis Ranch
0SD7,Wanblee - Porch Ranch
0SD8,Vivian - Juhnke
0SD9,Custer - Crazy Horse
0TA0,Lamarque/Texas City - Mainland
0TA1,Texas West
0TA2,Halfway - Smith Farms
0TA3,Texas Methodist
0TA4,Kaufman - Erco
0TA5,Houston - Metro
0TA7,Marfa - Alta Vista Ranch
0TA8,Mason - B Flying Ranch
0TA9,Port Bolivar Houston
0TE0,Comstock - Robertson Ranch
0TE1,Corpus Christi - Meml
0TE2,Hurst Bell
0TE3,Houston - North
0TE4,Hilltop Lakes
0TE5,Laredo - Santa Maria Ranch
0TE6,Gorman
0TE7,Johnson City - Lbj Ranch
0TN0,Spring Hill - Buzzard
0TN1,Tullahoma - Tims Ford
0TN2,Greenback - Village
0TN3,Knoxville - Park
0TN4,Knoxville - Physicians Medical
0TN5,Murfreesboro - Donald
0TN6,Norris - Riner Farm
0TN7,Knoxville - Horne Properties
0TN8,Chattanooga - Erlanger Medical Center
0TN9,Knoxville East
0TS0,Hye
0TS1,Justin - Dooley
0TS2,Haslet - Ultralight
0TS4,Ledbetter - Ullrich
0TS5,Cleveland - Bass Breeze Ranch
0TS7,Mineral Wells - Flying U
0TS8,Mercedes - Flying 'K' Ranch
0TS9,Mclean - Mcclellan Creek
0TT8,"San Jose, Tinian - Dynasty"
0TX0,Granbury - Nassau Bay
0TX1,Granbury - Pecan Plantation
0TX2,Grand Prairie - Heliport-Facility 5A
0TX3,Carthage East
0TX4,Wellington - Mill Iron Ranch
0TX5,Flower Mound - Shiloh
0TX6,Seguin - Elm Creek
0TX7,Farmersville - Twisted Js
0TX8,Greenville - Jacobia
0TX9,Greenville - Card Aerodrome
0U0,Landmark
0U1,Lowman - Warm Springs Creek
0U2,Mackay - Copper Basin
0U3,Mahoney Creek
0U7,Carey - Hollow Top
0U8,May
0U9,Midvale - Lee Williams
0V3,Minden - Pioneer Village
0V4,Brookneal
0V7,Kayenta
0VA0,Warrenton - Rambo
0VA1,Bedford - Johnson Fox
0VA2,Iron Gate - Riverwood
0VA3,Manquin - Hunt
0VA4,Rocky Mount - Worley
0VA5,Richmond - Coffman
0VA6,Richmond - Pad
0VA7,Richmond - Flatrock Air Strip
0VA8,Mannboro - Jayarz
0VA9,Gloucester Court House - Handy Strip
0VG,Jonesville - Lee County
0VI1,Manquin - Brooklyn
0W0,Seattle Seaplanes
0W3,Churchville - Harford County
0W7,Bellingham - Floathaven
0WA0,Machias - Streamline
0WA1,Chehalis - Dwight
0WA2,Curtis
0WA3,Mt Vernon - Skagit Valley Hospital
0WA4,East Wenatchee - Macon
0WA5,Mount Vernon - Ware Mountain
0WA6,Edmonds
0WA7,Newman Lake - Shamrock Port
0WA9,Everett Naval
0WI0,Milwaukee - Center
0WI1,Comstock - Mort
0WI2,Monches - Doering Farms Airfield
0WI3,Elkhorn - Center
0WI4,Montello - Snow Crest Ranch
0WI5,Mondovi - Dog Run
0WI6,Platteville - Pickel Point
0WI7,Neenah - Halo
0WI8,Oconomowoc
0WI9,Oregon - Mc Manus Hoonch-Na-Shee-Kaw
0WN0,Sequim - Rucilla
0WN1,Selah - Shangri-La
0WN2,Kennewick - Coopers Landing
0WN4,Olympia
0WN5,North Cape - Potts
0WN8,Coeur D'Alene - Sheldon
0WN9,Omak - Wings For Christ
0WS7,Rockdale
0WY0,Freedom Air
0WY1,Basin - Dorsey Creek Ranch
0XA0,Paradise - Rnw
0XA1,Fort Mckavett - Kothmann Ranch
0XA2,Eagle Pass - Center
0XA3,Freeport Midstream
0XA4,Freer - Seven C'S Ranch
0XA5,Campbellton - 74 Ranch
0XA6,Lubbock - Fibertex Llc
0XA7,Georgetown - Bar 3 Ranch
0XA8,Dripping Springs - Ohho
0XA9,Mansfield Methodist
0XS0,Catarina - Diamond H Ranch
0XS1,El Campo - Rodgers Roost
0XS2,Sonora - John Fields Ranch
0XS3,Palacios South
0XS6,Spicewood - Lakeside Beach
0XS7,Spofford - Anacacho Ranch
0XS8,Spofford - Dunbar Ranch
0XS9,Bullard - French
0Y6,Lake Mills
10AK,Wasilla - Hunt Strip
10AR,White Hall - Hickory Ridge
10AZ,Buckeye - Farm Ag
10C,Greenwood/Wonder Lake - Galt
10CL,Costa Mesa - Centerport
10CN,St Helena Adventist
10CO,Mack
10CT,Bridgeport - Steel Pointe Harbor
10D,Winsted
10FA,Leesburg - Flying Baron Estates
10FD,Dunnellon - Seven Feathers
10FL,Marathon - Helistop
10G,Millersburg - Holmes County
10GA,Griffin - Beaverbrook Aerodrome
10IA,Waterloo - Flyers
10ID,Muldoon - Flat Top Airstrip
10II,Rensselaer Franciscan
10IL,Kankakee - Riverside Medical Center
10IN,Jasonville - Fence
10KS,Kansas City University
10KT,Kentucky Speedway
10KY,Elkton - Gills' Landing
10LA,Scott - Industrial Helicopters Inc
10LL,Chicago Police
10LS,Basile - Lejeune Aerial Applications
10MA,Ware - Beaver Lake
10ME,Lincoln - Pvh
10MI,Saginaw - Ascension St
10MO,Williamsburg - Flying V Ranch
10MT,Haxby - Hoolie
10MU,Neosho Freeman
10NC,Jackson - Johnston Farm
10ND,Halliday - Smith Strip
10NH,Hampstead - Clark
10NJ,Trenton - Helistop
10NK,Glens Falls
10NR,Monroe - Chs Union
10NV,Las Vegas - Hospital
10NY,Elizabethtown
10OH,Huron - Zoellner
10OK,Norman - Hickory Hills
10OR,Vernonia - Stevens Mountain
10PN,Philadelphia - One Meridian Plaza
10SC,Greenville - Hartness
10SD,Wanblee
10TE,Harwood - Gottwald
10TN,Lebanon - Flatwood
10TS,Laneville - 2C Ranch
10TT,Graham - Rosser Ranch
10TX,Ingleside - Smc Aerospace
10U,Owyhee
10UT,Hurricane - Gilbert Development Corp
10VA,Appomattox - Nashs
10VG,Portsmouth - Wavy Tv
10WA,Glenwood - Flying L
10WI,Pound - Buds Landing
10WY,Kaycee - Willow Creek Ranch
10X,Uvalde - Ox Ranch
10XA,Port Lavaca - Sterling
10XS,Brownwood - Ranch
11A,Clayton Muni
11AK,Delta Junction - Rocking T Ranch
11AL,Fort Novosel (Ozark) - Ech Stagefield Ahp
11AR,Hot Springs Chi
11AZ,Huachuca City - Whetstone
11C,Kalamazoo - Skyyharbour
11CA,Fowler - Turner
11CL,Adelanto - Hansen
11CN,Redding - Shasta
11CO,Fraser Middle
11FA,Homestead - Farms
11FD,Crestview - North
11FL,Middleburg - Williams
11GA,Rocky Face - Jennys Landing
11GE,Cumming - Apple 1
11IA,Hudson - Koch
11ID,Riggins - Elk Creek
11II,Himsel Army
11IL,Kankakee - St
11IN,Danville - Jr'S
11IS,Effingham - Hospital
11J,Onondaga - Gorilla
11K,Erie - Squadron
11KS,Winfield - Davis
11KY,Louisville - Southwest Hospital
11LA,Venice - Tiger Pass
11LL,Chenoa - Thacker
11LS,Glenmora - Jasmine Hill
11MA,Wareham - Bulljump
11MD,Salisbury - Tim
11MI,Leland Cove
11MN,Orono - Point
11MO,Williamsburg - Redgate Ranch
11MT,Shawmut - Lammers
11N,New Milford - Candlelight Farms
11NC,Youngsville - Sprint/Midatlantic Telecom
11NE,Harrison - Kaan
11NJ,Pluckemin - Southdown
11NK,Fort Plain - Hop House
11NR,Southport - Dosher
11NY,Millbrook - Johnson Landing Strip
11OA,Bremen - Hide-A-Way Hills Resort
11OG,Unity Apt
11OH,Washington Court House - Hospital
11OK,Edmond Ou
11OR,Bonanza - Nail Spring Ranch
11PA,Worcester
11PN,Cranberry - Eakin
11PR,Maunabo
11R,Brenham
11S,Sekiu
11TA,Winnsboro Christus
11TE,Grandview - Flying M Ranch
11TN,Mcminnville - Denney
11TS,Mexia - Ranch
11TT,Sonora - Rocking L
11TX,Sherman - Butler
11UT,Huntsville - Flying R
11V,Greeley - Easton/Valley View
11VA,Chesapeake
11VG,Oak Grove - Devil'S Reach Landing
11VT,Killington - Burke
11WA,Cheney - Homeport
11WI,Fulton - Fraundorfer
11WN,Lodi - Diedrich
11WY,Hulett - Thompson Creek Oilfield
11XA,Palestine - Briar Lakes Ranch
11XS,Pearland - Headquarters
11Y,Chilton - Flying Feathers
12A,Greenbrier - Arkavalley
12AL,Fort Novosel (Kirklands Crossroads) - Stagefield Ahp
12AR,Marvell - Gibbons
12AZ,Morristown - Ranta Strip
12CA,Lodi - Faber Vineyards
12CL,Stratford - Newton
12CN,Maxwell - Richter Aviation
12CO,Hotchkiss - Omega 1
12D,Tower
12FA,Merritt Island - Niazi
12FD,Kissimmee Hca
12FL,Orlando - Timberlachen
12G,Shelby Community
12GA,Snellville - Cntr
12GE,Riceboro - Harvest Lake
12I,Brookville
12IA,Lemars - Plueger
12ID,Salmon - Strip
12II,Centerville - Pentecost
12IL,Kankakee - Hawker
12IN,Darmstadt - J & S
12IS,Aledo - Genesis Medical Ctr
12J,Brewton
12JY,Pittstown - Clinton Elks Lodge
12K,Superior Muni
12KS,Sedgwick - Sooter
12KY,New Castle - John M Foree
12LA,Sulphur - Kml
12LL,Wolf Lake - Lambdins
12LS,Rayne - Hains Airstrip
12MA,Holliston - Mellen Street
12MD,Baltimore - Care
12ME,Searsmont - Ridgeview
12MI,Davison - John
12MN,Grand Rapids - Lily Lake
12MO,Windsor - Ferguson Farms
12MS,Mississippi
12MT,Hingham - Lincolns
12N,Andover - Aeroflex
12NC,Atlantic Mcolf
12ND,Burlington - Pietschtree Airstrip
12NE,Scottsbluff - Reisig Brothers
12NH,Sanbornton - Gile Pond
12NJ,Morris Plains - Honeywell
12NK,Westport
12NM,Columbus
12NR,Supply - Center
12NY,Richard Springs - Acres
12OA,Defiance Medical
12OH,Brookville - Mcgregor Airfield
12OK,Kingston - Flying M
12OR,Jordan Valley - Skinner Ranch
12PA,Gettysburg - Helicopter Applicators Inc
12PN,Philadelphia - 10 Monument
12PR,San Juan - Leon
12PS,Lewisville - Siple
12S,Monument Muni
12SC,Elgin - Over The Hill
12T,Ferris/Red Oak
12TA,Alvarado - Balentine Woodbine
12TE,Brady - Curtis Ranch
12TN,Kingston - Meadowlake
12TS,Mineral Wells - Blo
12TT,Gainesville - Farm
12TX,Bertram - Griffin
12UT,Moab - Red Annie Ranch
12V,Milton - Ona
12VA,Clifton Forge - Hop-Along
12WA,Spokane - Fowlers Nw 40
12WI,Medford Aspirus
12WT,Palouse - Walker
12WV,Hamlin - Crazy Horse
12WY,Burlington - Black Diamond
12XS,Butlerville - Mc Croskey
12Y,Le Sueur
13AK,Houston - Satterbergs
13AL,Fort Novosel (Ozark) - Hatch Ahp
13AR,Pine Bluff - Jrmc
13AZ,Tonopah - Waltenberry
13C,Lakeview
13CA,Lake Arrowhead - Usfs
13CL,Dixon - Maine Prairie
13CO,Steamboat Springs - Mann
13D,Highland - Ponderosa
13FA,Hastings - Earle
13FD,Lake Wales - Camp
13GA,Sylvester - Oak Ridge
13GE,Oak Park - Holt
13IA,Sabula - Hillside Stables
13ID,Stanley - Silva Ranch
13II,Fort Wayne - Center
13IL,Galena - Midwest Medical Center
13IN,Decatur - Gage
13K,Eureka - William M Milliken
13KS,Andover - Daniel'S Landing
13KY,Owensboro - Miles
13LS,Kaplan - Tee Brad'S
13M,Howell - Aeronut Park
13MA,Palmer - Metro
13ME,Rockwood - Socatean Bay
13MI,Dowagiac - Ascension Borgess Lee
13MN,Waconia - Ridgeview Medical Center
13MO,Lenox - Domeyer
13MS,Carriere - Greener Pastures
13MT,Kremlin - Sorenson
13NC,Pollocksville - Oak Grove Mcolf
13NE,Culbertson - Hock
13NH,Alton - Coffin Brook Landing
13NK,Pawling - Quaker Valley Farm
13NM,Silver City - Beaverhead Airstrip
13NR,Walnut Cove - Dusenbury
13NY,Stony Brook - Hosp
13OH,Piqua Kettering
13OI,Dover - Hospital
13OK,Mc Alester Hospital
13OR,Oakridge - Aubrey Mountain Airstrip
13PA,Tidioute - Rigrtona
13PN,Quakertown - Richland Acres Ultralightport
13Q,Apache Creek - Jewett Mesa
13R,Rangley - Kenney Reservoir
13S,Lake Louise
13TA,Texas Frisco
13TE,Bryan - Varisco
13TS,Oilton - Van Es Ranch
13TT,Mico - Sunset Ranch
13TX,Cleburne - Goatneck
13VG,Salem - May
13W,Stanwood - Camano Island
13WA,Orondo - Rocky Pond Airstrip
13WI,Markesan - Nowatzski
13WV,Mt. Hope - Reserve
13XA,Iredell - Flying 5B Ranch
13XS,Rockwall Presbyterian
13Y,Littlefork
13Z,Loring
14A,Mooresville - Lake Norman Airpark
14AK,Palmer - Four Corners
14AL,Fort Novosel (Hartford) - Highbluff Ahp
14AN,Anchor Point - For Buddies Only
14AR,Springdale Ach
14AZ,Green Valley - Ruby Star
14CA,Newport Beach - Presbyterian
14CL,Glendora - Foothill Presbyterian Hospital
14CO,Beulah - Good Pasture
14CT,Mashantucket - Mptn
14FA,Tallahassee - Kb Helo
14FD,Florida City - Helistop
14FL,Largo Hca
14G,Fremont
14GA,Gainesville - Latham Creek
14GE,Trenton - Stakely
14IA,Armstrong - East River
14ID,Boise - Peaceful Cove
14IL,Mendota - Center
14IN,Elkhart General
14IS,Du Quoin - Marshall Browning Hospital
14J,Elba - Carl Folsom
14KS,Parker - Port
14KY,Paris - Blue Haven Farm
14L,Los Angeles - Devonshire Area
14LA,Independence - Serenity
14LL,Melrose Park - Gottlieb
14M,Hollandale
14MA,South Hadley - Kevins Seaport
14ME,Monmouth - Larry'S Cove
14MI,Dutton - East-West
14MN,Aitkin - Riverwood Healthcare Center
14MO,Flemington - Arrow
14MS,Hickory - Rose
14MT,Gildford - Sandy Rock
14N,Lehighton - Beltzville
14NC,Holly Ridge - Camp Davis Mcolf
14ND,Reeder - Hagen
14NE,Aurora - Aaron
14NH,Keene - Cheshire Medical Center
14NJ,Rio Grande - Farm
14NK,Kingsbury - Mountain View
14NY,Melville - Windy'S
14OH,Kenton - Heilman
14OI,Pleasant Home
14OK,Atwood Helipad
14OR,Powell Butte - Biak Training Center
14PA,Pottstown - Dimascio
14PR,Rio Grande - Llc
14PS,Quarryville - Hideaway
14S,Westport
14SC,Sunset - Keowee Reserve
14SN,Topeka - Colmery-O'Neil Vamc
14TA,Iowa Park - Windy Hill
14TE,Hext - Smith I-Ranch
14TN,Memphis - News Channel 3
14TS,Realitos - O S Wyatt
14TT,Canadian - Mathers
14TX,Dripping Springs - Keyes Ranch
14UT,Lehi - Westlake Emergency Center
14VA,Hillsboro - Krens Farm
14VG,Farmville - Abilene
14WA,Olympia - Lz Ranch
14WI,New Richmond - Cylon
14WS,Stone Lake - Gillette'S Lakewood Lodge
14WV,Linwood - World
14XA,Sherman - Frog Pond
14XS,Davilla - Isbell Ranch
14Y,Long Prairie - Todd
15A,Creola - Mark Reynolds North
15AK,Cantwell - Golden
15AL,Fort Novosel (Hartford) - Highfalls Stagefield Ahp
15AR,Brickeys - Taylor
15AZ,Show Low - Aero Products
15CA,Palo Alto - Stanford Health Care
15CL,Merced - Hunt Farms
15CN,Hanford Adventist
15CO,Englewood - Swedish Medical Center
15F,Haskell Muni
15FA,Okeechobee - Amistad Ranch
15FD,Ft Myers - Winkler Helistop
15FL,Lake City - Cannon Creek
15G,Wadsworth - Weltzien Skypark
15GA,Kite - Darla'S
15IA,Bellvue - Stella
15ID,Coeur D'Alene - Scanlon
15II,Lafayette - Findlay
15IL,Franklin Grove - Farms
15IN,New Harmony - Bugtown
15J,Adel - Cook County
15KS,Emporia - Sickler Airstrip
15KT,Manchester - Ae109
15KY,Frankfort Medical
15LA,Shreveport - Willis Knighton
15LL,Tiskilwa - Cloverleaf Ranch
15LS,New Iberia Port
15M,Iuka - Segars
15MA,Gosnold - Canapitsit
15ME,North Yarmouth - Eagle
15MI,Fraser - Grant Pad
15MN,Watkins - Tyler
15MO,Holts Summit - Monte Carlo
15MT,Lustre - Saubak
15N,Wyoming - Jenkins
15NC,Ahoskie - Dragonfly
15NE,Upland - Sindt
15NH,Nashua
15NJ,Belford - Werner
15NK,Sardinia - Knox Landing
15NR,Wadesboro - Anson Hospital
15OH,Dennison - Twin
15OK,Randlett - Stoner
15OR,Warrenton - Camp Rilea Ahp
15PA,Prompton - Cavage Personal Use
15PN,Reading - Metro
15PR,Lares - Castaner
15PS,West Grove - Jennersville Hospital
15SC,Greenville Meml
15SD,Watertown - Brownlee
15TA,Briggs - J R Ranch
15TE,High Island
15TN,Kingsport - Center
15TT,Lucas - Aeroplex
15TX,Sadler - Flying J
15UT,Morgan - Field
15VA,Warrenton - Fox Acres
15WA,Stanwood - Oomrang Air
15WI,Oregon - Peterson
15WV,Berkeley Springs - War Meml Hospital
15XA,Johnson City - Hauptrief
15XS,Liverpool - Toy
16AK,Wasilla - Gattis Strip
16AL,Fort Novosel (Ozark) - Hooper Stagefield Ahp
16AR,Springfield - Heifer Creek Ranch
16AZ,Skull Valley - Yav'Pe Ma'Ta
16CA,San Francisco - Police Pistol Range
16CL,Angels Camp - Center
16CO,Parachute - Dry Pen
16D,Perham Muni
16DE,Wilmington - Hospital
16FA,Ochopee - Little Deer
16FD,Crescent City - Skinners Wholesale Nursery
16FL,Milton - J-22 Ranch
16G,Tiffin - Seneca County
16GA,Marietta - Galleria
16IA,Coon Rapids - Stangl
16ID,Montpelier - Helipad
16II,San Pierre - Harrington
16IL,Kirkland - Harold Bunger
16IN,Evansville - Deaconess Hospital
16IS,Goreville - Kellums
16J,Dawson Muni
16K,Port Alice
16KS,Independence - Harmony Valley
16KY,Walton Ucmc
16LA,Cade - Arrow Aviation Company
16LL,Bull Valley - Oak Landing
16LS,Prairieville - Evan
16MA,Lawrence General
16MD,North East - High Valley
16ME,Presque Isle - Ar Gould Hospital
16MI,Gaines - Barnstormers 5
16MN,Remer City
16MO,Beaufort - Findley
16MS,Iuka
16MT,Roberts - Bangart
16NC,Edenton - Lee
16ND,Bismarck - Kalberer
16NE,Panama - Korver
16NH,Meredith - Bossey'S
16NJ,Island Heights - Hummel
16NK,Walton - Delaware Valley Hospital
16NY,Fort Edward - Papp
16OI,Greenville - Trump
16OK,Hydro - Entz Arts
16PA,Eighty Four - Gregg
16PN,Oakdale Ahp
16S,Myrtle Creek Muni
16SC,Cross Anchor - Horseshoe Landing
16SD,Madison Community
16TA,Toyahvale - Seven Springs
16TE,Hawkins - Holly Lake Ranch
16TN,Fayetteville - Inc
16TS,Tyler - Pineridge
16TT,Normangee - 16 L Ranch
16TX,Hamlin
16UT,Perry - Hinrichsen
16VA,Mount Solon - Echols
16VG,Cape Charles Coastal
16W,Starbuck - Dam
16WA,Nine Mile Falls - Tightcliff
16WI,Oconto - Sweetwater Bay
16X,Justin - Propwash
16XA,Denison - Texoma Medical Center
16XS,Conroe - Outlaw Flyers
16Z,Mc Grath
17A,Berryville - Trigger Gap
17AK,Ketchikan Temsco
17AL,Fort Novosel/Newton - Hunt Ahp
17AR,England - Bredlow Farm
17AZ,Scottsdale - Constellation Aviation
17CL,Davenport - Las Trancas
17CO,Berthoud - Skylane Ranch
17FA,La Belle - Cotton Strip
17FD,Crescent City - Morningwood
17FL,Ocala - Jumbolair
17G,Bucyrus Port
17GA,Newnan - Panther Creek
17GE,Fayetteville - Piedmont Fayette Hospital
17ID,Midvale - Coyote Ridge
17II,Walkerton - Dreessen
17IN,Farmers Retreat - Pruss
17J,Donalsonville
17K,Boise City
17KS,Salina - Tamarack Landing
17KY,Sacramento - Lester
17LA,Lake Charles Golden
17LL,Mahomet - Oink Acres
17LS,Port Barre - Yankee
17M,Magee
17MA,Leominster - Long Hill
17MD,Baltimore - Tower
17ME,Van Buren - Bresett
17MI,Detroit - Grace Hospital
17MN,Marshall Rgnl
17MO,Montgomery City - Rgl
17MS,Vicksburg - Center
17MT,Kalispell - Abel Ranch
17MU,Osborn - B-B
17N,Cross Keys
17NC,Elizabethtown - Mitchell
17NE,Fairbury - Hospital
17NH,Londonderry - Pomroy
17NJ,Sayreville - Jersey
17NK,Reading Center - Re-Dun
17NR,Ammon - Zombie Air Force
17OG,Eugene
17OH,Kipton - Kosik
17OI,Bainbridge - Haas
17OK,Chickasha - Good Life Ranch
17OR,Glide
17PN,Tobyhanna Depot Army
17PS,Tidioute - Mountain Crest
17Q,Goessel - Hiebert
17S,Newberg - Chehalem
17SC,Clinton - Carolina Cow Country
17SD,Gary - Stone'S Conservation
17TE,Comfort
17TN,Jonesborough - Murphy
17TS,Alpine - Big Bend
17TT,Houston - Allen Condo/Tower
17TX,Stephenville - Kimzey
17V,Haxtun
17VA,Suffolk - Belleharbour
17WI,Lake Mills - Ha-Rail
17WT,Davenport - Lathrop
17XA,Floresville - Mandyland
17XS,Dublin - Quahadi Ranch
18A,Canon - Franklin-Hart
18AA,Haines - 18 Meadows Aerodrome
18AK,Juneau - North
18AL,Fort Novosel (Louisville) - Louisville Stagefield Ahp
18AR,Eureka Springs - Buck Mountain
18AZ,Carefree Sky
18CA,Templeton - Hospital
18CL,Live Oak - Bowles
18CN,San Francisco - Bay
18CO,Rangely District
18FA,Okeechobee - Amistad
18FD,Baker - Assoc
18GA,Social Circle - Sleepy Hollow
18GE,Uvalda - Lefty'S Landing
18HI,Kaunakakai - Brandt
18I,Pine Knot - Mc Creary County
18ID,Mountain Home - Elmore Medical Center
18II,Cicero - Mc Gill
18IL,La Grange Amita
18IN,Plymouth - Heritage Farm
18JY,Skamokawa
18K,Fowler
18KS,Udall - Cherokee Strip
18KY,Benton - Marshall County Hospital
18LA,Camp Beauregard Ntl Guard Army
18LS,Abbeville - Omni Mouton Cove
18MA,Methuen - Holy Family Hospital
18MD,Olney - Center
18ME,Bristol - Ruby
18MI,Marshall - Ranch
18MN,Motley - Hines Farm
18MO,Ozark - Gimlin
18MS,Jackson - Johns Landing
18MT,Jackson - Fish Ranch
18NC,Lenoir - Lanni
18ND,Menoken - Bearpaw
18NE,Geneva - Doc'S
18NH,Manchester - Catholic Medical Center
18NJ,Freehold - Manalapan Township Village
18NR,Kinston - Suggs
18NV,Empire
18NY,Woodstock - Woods
18OH,Lagrange - Jer-Mar
18OI,Vickery - Boggy Bottoms
18OK,Lawton - Hospital
18OR,Amity - Red'S
18PA,Forest Grove - Slack
18PN,Upper Strasburg - Spud View
18SC,Ninety Six - American Dream Skyranch
18SD,Miller - Lost Creek
18T,Tatum
18TA,Junction - West
18TE,Big Sandy - Alert
18TN,Dunlap - Sequatchie County
18TS,Austin - Brackenridge Hospital
18TX,Caddo Mills - Flying 'T' Ranch
18UT,Tooele City
18V,Hudson - Platte Valley
18VA,Hurt - English
18VT,Springfield Hospital
18WA,Pasco
18WV,Newburg - Lynn
18WY,Jackson - Rescue
18XA,Goliad - Lantana Ridge
18XS,Mc Adoo - Gardner Farm
18Y,Milaca
19AK,Icy Bay
19AL,Fort Novosel (Ozark) - Molinelli Stagefield Ahp
19AR,Naylor
19AZ,Camp Verde - Montezuma
19CA,Valencia - Hospital
19CL,Clovis Community
19CO,Colorado Springs - Uch-Mhs Meml
19FD,Kissimmee - Hwy
19FL,Belleview - The Villages
19GA,Fayetteville - Inc
19IA,West Burlington - Ancam Antique
19ID,Riggins - Race Creek
19II,New Castle - Henry County Hospital
19IL,Bloomington - Eagle Pass
19IN,Churubusco - Resler
19IS,Wayne City - Skillet Fork Farm
19KY,Dry Ridge - Charlie Bravos
19LA,Leesville - Strip
19LL,Manteno - Neiner
19LS,Franklinton - Riverside Medical Center
19M,Lexington - C A Moore
19MA,Nantucket - Waine
19ME,Estcourt
19MI,Big Rapids Corewell
19MN,Buffalo - Greseth
19MO,Rolla - Pritchett
19MS,Holly Springs - Nichol
19MT,Grass Range - N Bar Ranch
19N,Berlin - Pine Valley
19NC,Red Oak - Double S
19ND,Minot - Trinity Health
19NE,Mc Cook/Culbertson - Hoyt
19NH,New Boston - Lorden Ii
19NJ,Marlton - Michaels Organization
19NK,Central Square - Riveredge
19NR,Elizabeth City - Center
19NY,Reading - Four Seasons
19OH,Ohio Ashland
19OK,Ada - Center
19OR,Maupin - Nelson Ranch
19P,Port Protection
19PA,Millville - Lake
19PN,Mount Joy - Walnut Grove
19S,Sublette
19SC,Newberry - Sexton
19T,Osage Beach - Resort
19TA,Mc Clendon-Chisholm - Lagrone Ranch
19TE,Paris Medical
19TN,Clarksville - Ferraraccio
19TS,Freer - Silverhorn Ranch
19TX,Texas North
19VA,St. Paul - Flying W
19VT,Barnard - Llc
19WA,Stevenson - Key Way
19WI,Prairie Farm - Erickson
19XA,Irving Baylor
19XS,Maypearl - Draggintail Acres
1A1,Livingston - Green Acres
1A2,Arthur
1A3,Copperhill - Martin Campbell
1A4,Samson - Logan
1A5,Franklin - Macon County
1A6,Middlesboro
1A7,Gainesboro - Jackson County
1A8,Goldfield
1A9,Prattville
1AA0,Chattanooga - Dallas
1AK0,Craig Cg
1AK1,Crevice Creek
1AK2,Crosswind Lake
1AK4,Soldotna - Kenai River
1AK5,Nikiski - Offshore Systems-Kenai
1AK6,Skwentna - Talachulitna River
1AK7,Valdez Hospital
1AK8,Skwentna - Talaheim
1AK9,Delta Junction - Pogo
1AL0,Boaz - Marshall Medical Center
1AL1,Decatur Morgan
1AL2,Columbiana - Tri-L Acres
1AL3,Montgomery Crew
1AL4,Robertsdale - Elsanor
1AL5,Loxley - Berry
1AL6,Monroeville - Monroe County Hospital
1AL7,Montgomery Business
1AL8,Moody - Moore
1AL9,Elberta - Barber Marina
1AR0,Beedeville - Breckenridge
1AR1,Coy - Walls
1AR2,Des Arc - Taylor Airstrip
1AR3,Conway Baptist
1AR4,Marble - Mcalister
1AR5,Gentry - Cherokee Strip
1AR6,Greers Ferry - Diamond Bluff
1AR7,Hope Rgnl
1AR8,North Little Rock St
1AR9,Lonoke - Country Air Estates
1AZ0,Mobile - Bishop
1AZ1,Tolleson - Boulais
1AZ2,Tolleson - Paradise Air Park
1AZ3,Arizona State
1AZ6,Sierra Vista - Skyline Air Ranch
1AZ7,Tolleson S
1AZ8,Bullhead City - Willow Springs Ranch
1B0,Dexter Rgnl
1B1,Hudson - Columbia County
1B2,Edgartown - Katama
1B5,Franconia
1B6,Hopedale Industrial
1B8,Cambridge - Chapin
1B9,Mansfield Muni
1BT,Bonne Terre
1C1,Paxton
1C3,Argyle
1C5,Bolingbrook
1C8,Rockford - Cottonwood
1C9,Hollister - Frazier Lake
1CA1,South Belridge
1CA2,Thermal
1CA3,South Laguna Beach
1CA4,Blythe - Aha-Quin
1CA6,Alpine - On The Rocks
1CA8,Adin Helicopter
1CA9,Thousand Oaks - Los Angeles
1CD1,Nunn - Reed
1CD2,Platteville - Reck Airstrip
1CD4,Steam Boat Springs - Eagle Soaring
1CD5,Del Norte - Rio Grande Hospital
1CL0,San Dimas - William Archibald
1CL1,Lancaster - Little Buttes Antique
1CL2,Mojave - Ancient Valley/Pontious
1CL4,Orange - Uci Medical Center
1CL5,Poway - Pomerado Hospital
1CL6,Sacramento - Lake Park
1CL8,Santa Maria - Marian Medical Center
1CN1,Santa Ana - Center
1CN6,Azusa - Btnw Ppr
1CO0,Aurora The
1CO1,Morrison Mount
1CO2,Norwood - Williams Ranch
1CO3,Nunn - Bellmore Farms
1CO4,Olathe - Clifford
1CO5,Rocky Ford - Melon
1CO6,Palisade - Lands End Microwave
1CO7,Salida - Dodsworth
1CO8,Parker - Everitt
1CO9,Cortez - Mchd
1CT2,New Haven Yale
1CT3,Waterbury - St
1D1,Milbank
1D2,Plymouth Canton-Mettetal
1D3,Platte Muni
1D4,Akron - Mayfield
1D6,Hector
1D7,Webster - The Sigurd Anderson
1D8,Redfield
1DA,Lucile - Big Bar Usfs
1DE4,Middletown - System
1DE5,Middletown - Mckeown
1DS,Orangeburg - Dry Swamp
1E2,Alpine - Terlingua Ranch
1E4,Amarillo - Palo Duro
1E7,Amarillo - Buffalo
1E8,Degrasse
1F0,Ardmore Downtown
1F2,Edinburg - Plateau Sky Ranch
1F4,Madill
1F5,Hoxie
1F7,Dallas - Airpark
1FA1,Crystal River - Post Oak Ranch
1FA2,Apopka Advent
1FA3,Fort Myers - Pine Island
1FA4,Jacksonville - Medical Center
1FA5,Hialeah - Palmetto General Hospital
1FA6,Tampa - Arrowhead
1FA7,Brooksville Bayfront
1FA8,Orlando - Adventhealth Millenia Er
1FA9,Fort Meade - Villa Char Mar
1FD0,Palm Coast Advent
1FD1,Ellenton - Mc1
1FD2,Clearwater Marriott
1FD3,Atlantis
1FD4,Estero - Corkscrew Trace
1FD5,Aventura
1FD6,Micanopy - Paines Prairie
1FD7,Palm Beach Gardens - Pga Ntl
1FD8,Palm Coast - Meml Hospital-Flagler Helistop
1FD9,Winter Haven Ah
1FL,Fort Pierce
1FL0,Auburndale - Londono'S Landing
1FL1,Kissimmee - America
1FL2,Lake City Hca
1FL3,Lake City - Z Ranch
1FL4,St. Petersburg - Vrs
1FL5,West Bay
1FL6,Ocala - Sheriff'S
1FL7,Bartow - Barton
1FL8,Cocoa Beach - Cape Canaveral Hospital
1FL9,La Belle - Hendry County Fire-Ems
1G0,Bowling Green - Wood County
1G1,Elyria
1G3,Kent State
1G4,Peach Springs - Grand Canyon
1G5,Medina Muni
1G8,Toronto - Eddie Dew Meml
1GA0,Shellman Bluff - Eagle Neck
1GA2,Luthersville - Flying N Estates
1GA3,Blairsville - Union General Hospital
1GA4,Statesboro - Southern Ag Aviation
1GA5,Hahira - Shilo Farms
1GA6,Sasser - Grand Oak Plantation
1GA7,Americus - Phoebe
1GA8,Nashville - South
1GA9,Monroe - Aerie
1GE1,Georgia Mountain
1GE2,Woodland - Park
1GE3,Franklin - Answered Prayer
1GE4,Fort Valley - Beckley Farms
1GE5,Concord - Flying D
1GE6,Patterson - Daystar Strip
1GE7,Madison - Hay
1GE8,Atlanta - Grady Meml Hospital
1GE9,Waverly Hall
1H0,St Louis - Creve Coeur
1H1,Clay - Airlane Enterprises
1H2,Effingham
1H3,Linn State
1H4,Greenville Rainbow
1H5,Willow Springs
1H6,Tulsa - Harvey Young
1H8,Casey
1H9,Spooner - Nest Of Eagles
1I1,Keene - Marcy
1I3,Bloomfield - Shawnee
1I5,Freehold
1I8,Converse
1I9,Delphi
1IA0,Corning - Brown Truck Sales
1IA2,Dorchester - Site
1IA3,Spencer Hospital
1IA4,Creston - Wallace
1IA5,Nevada - Sch
1IA6,Randolph - Aero Lane
1IA7,Iowa City University
1IA9,Britt - Newbrough
1ID1,Coeur D'Alene - The Talis
1ID2,Horseshoe Bend
1ID3,Sandpoint - Beaux Ranch
1ID4,Boise - Oasis
1ID5,Ketchum - Luke'S
1ID6,Kimberly - Sligars Landing
1ID7,Eden - Fairbanks
1ID8,Gooding - North
1ID9,Inkom - Simko
1II0,Homer - Webster
1II2,Geneva - Adams
1II3,Carlisle - Davis
1II4,Corydon - Amy
1II5,Culver - Van De Mark
1II6,Evansville - St
1II7,Fort Wayne - Parkview Meml Hospital
1II8,Greenfield - Morris
1IL0,El Paso - Barnstorm
1IL1,Irving - Horsefeathers Ranch
1IL2,Hinsdale Adventist
1IL3,Alton
1IL4,Millstadt - Flight Park Inc
1IL6,Dixon - Strip
1IL8,Donovan - Loy
1IL9,Mc Lean - Holland
1IN0,Parker City - Belknap-Icarus Acres
1IN1,Lewisville - Shearer
1IN3,Arcola - Confer'S Place
1IN4,Elizabeth - Robinson
1IN5,Somerville - Bottoms Brothers
1IN6,Pine Village - Cottingham
1IN8,Fort Wayne - Adderly'S Pad
1IN9,Marion - Lee Farms
1IS0,Belleville - Harold Emmerich
1IS2,Bement - Triple Creek
1IS3,Blue Mound - Cribbet
1IS4,Lanark - Swan Valley Farm
1IS5,Paw Paw - Walder'S Farm
1J9,Navarre - Fort Walton Beach
1JY2,Silver Lake - Mahogany Mtn
1JY4,Trenton - C
1K1,Benton - Lloyd Stearman
1K2,Lindsay
1K4,Goldsby - David Jay Perry
1K5,Waynoka
1K6,Ellinwood
1K7,Fredonia
1K8,Ketchum - South
1K9,Satanta
1KC,Kalakaket Creek
1KS,Pleasanton - Linn County
1KS0,Hutchinson - Huey
1KS1,Richmond - Cochran
1KS2,Easton - Risky
1KS3,Riley - Leo
1KS4,Enterprise - Prichard Airstrip
1KS5,Leavenworth - St
1KS6,Salina - Silers Plane Valley
1KS7,Satanta - Inc.
1KS8,Scott City - Buehler
1KS9,Bonner Springs - Belleair
1KT8,Danville - Ephraim Mcdowell
1KY0,Richmond - Sof Maintenance Site
1KY1,Elizabethtown - Baptist Health Hardin
1KY2,Henderson - Community Methodist Hospital
1KY3,Tompkinsville - Center
1KY4,Lexington Baptist
1KY5,Mt Vernon - Rockcastle Hospital Inc
1KY6,Harrodsburg - Haggin
1KY7,Richmond - Jordan Hill Farm
1KY8,Louisville - Norton Audubon Hospital
1KY9,Cumberland - Arh Tri
1L1,Panaca - Lincoln County
1L3,Searchlight
1L4,Cal Nev Ari - Kidwell
1L7,Escalante
1L8,Hurricane - General Dick Stout
1L9,Parowan
1LA0,Baton Rouge - Woman'S Hospital
1LA1,Hahnville - Triche
1LA2,Slaughter - Air One Helo
1LA3,Hayes - Goose Island
1LA4,Shreveport - Ellerbe
1LA5,Morrow
1LA6,West Monroe - Glenwood
1LA7,Mamou - Savoy Medical Center
1LA8,Intracoastal City - Bayou
1LA9,Lafayette - Jeff
1LL0,Seneca - Boondox
1LL1,Lawrenceville - Lawrence County
1LL2,Seneca - Spring Brook
1LL4,Monticello - Norfleet
1LL5,Hillsboro - Justison
1LL6,Shannon - Janssen
1LL7,Sheffield - Edwin G Bennett
1LL8,Sheldon - Zoomer
1LL9,Loami - Reyhan
1LS0,Gonzales - Cal Mire
1LS1,Baton Rouge - Cosmar Styrene Plant
1LS2,Innis
1LS5,Cameron Airstrip
1LS8,Ferriday - Summerell
1M2,Belzoni
1M4,Haleyville - Posey
1M5,Portland - Douglas Hunter Fld
1M6,Ashland - Stevens Ranch
1M7,Fulton
1M8,Berkley - Myricks
1M9,Cadiz - Lake Barkley State
1MA0,Plymouth - Hospital
1MA1,Ayer - Center
1MA2,Worcester - Campus
1MA5,Southborough - Unknown
1MA7,West Newbury - Long Hill Orchard
1MA8,Lincoln - Horizon Hill
1MA9,Taunton - Morton Hospital
1MD1,Cambridge - Big Oak Farm
1MD3,Kennedyville - Krastel Farms
1MD4,Cheverly - Prince George'S
1MD5,Laytonsville - Federal Support Center
1MD6,New Carrollton - Metroplex
1MD7,Rockville - Hospital
1MD8,Westminster/Silver Run
1ME,Chesuncook Lake
1ME1,Belfast - Victor
1ME2,Maine Center-Waterville
1MI0,Drummond Island Ashman
1MI1,Hartland Township - Harps Haven
1MI2,Auburn Hills - Guardian Industries
1MI3,Onaway - Black River Ranch
1MI4,Hemlock - Ernie'S
1MI5,Howell - Mckenzie'S Landing
1MI6,Milan - Trudeau
1MI7,Mt Pleasant Mymichigan
1MI8,Hubbard Lake - Vlachos Acres
1MI9,Marquette - Southfork
1MN0,Tenney - Wetherbee Farm
1MN1,Burnsville - Fairview Ridges Hospital
1MN2,Akeley - Hay Acres
1MN3,Bigfork - Center
1MN4,Excelsior - Wildhurst Pines
1MN5,Waconia - Molnau
1MN6,Cook Hospital
1MN7,Crosby - Cuyuna
1MN8,Webster - Sky Harbor Residential
1MN9,Jackson Sanford
1MO,Mountain Grove
1MO2,Windsor - Windsoar
1MO3,Gallatin - Lake Viking
1MO4,Gallatin - Landmark Mfg Corporation
1MO6,Grandin - Double S Ranch
1MO7,Gorin - Hines
1MO8,Gravois Mills - Sherlock
1MO9,Greenfield - Village
1MS0,Shaw - Tapley
1MS1,Philadelphia - Neshoba General Hospital
1MS2,Goodman - Peterson
1MS3,Kosciusko - Attala
1MS4,Jackson Central
1MS7,Raleigh - Hospital
1MS8,"Columbus Aux Fld, (Gunshy) Afb"
1MS9,Columbia - Marion General Hospital
1MT0,Gallatin Gateway - Ranch
1MT2,Billings - Skyrider
1MT3,Elliston - Wood Strip
1MT4,Whitefish - Stillwater
1MT5,Miles City - Holy Rosary Hospital
1MT6,Philipsburg - Bobcat
1MT7,Sand Coulee - Prill
1MT8,Butte - St
1MT9,Billings - Wilcox
1MU0,Republic - Medcalf
1MU2,Ridgely - Smitty'S Landing
1MU3,Unionville - Hospital
1MU4,Warrensburg - Short Air
1MU6,Fillmore - Simerly
1MU7,Jackson - Mooseberry
1MU8,Rushville - Church'S Landing
1MU9,Saint Charles - Nielsens Med Evac
1MY1,Wendell - Carlson Ag
1N1,Edgewood - Sandia
1N3,Philipsburg - Albert
1N5,Salisbury - Bennett
1N7,Blairstown
1NA0,Mountain - Bohn Airstrip
1NA5,Streeter - Gienger/Box Bar Ranch
1NA8,Braddock - Preszler Airstrip
1NA9,Taylor - Myran Airstrip
1NC0,Asheboro - Delk'S
1NC1,Pittsboro - Ron'S
1NC2,Mooresville - Atwell
1NC3,Elizabeth City - Fletcher'S
1NC4,Pollocksville - Bell Strip
1NC5,Bunn - Riley
1NC6,Wingate - Arant
1NC7,Banner Elk - Diamond Creek #1
1NC8,Gold Hill - Lonesome
1NC9,Cherryville - Northbrook
1ND3,Kindred - Andvik
1ND4,Argusville - Walkinshaw
1ND7,Lynchburg - Dittmer
1NE0,Brownlee - Higgins Bros
1NE1,Callaway - Paul Ridder Ranch
1NE2,Callaway - Witthuhn
1NE5,Washington - Sibbernsen
1NE6,Dalton - Miller Airstrip
1NJ1,New Brunswick - B
1NJ3,Parsippanny - Gaf Helistop
1NJ4,New Brunswick - 1
1NJ5,Blairstown - High Bar
1NJ6,Newfoundland - Idylease Helistop
1NJ7,Towaco - Farms
1NJ9,Sussex - Air Tractor
1NK0,Roxbury
1NK3,Troy Armory
1NK5,Westtown
1NK6,Wilmington - Catalano Airfield
1NK7,Boonville Airpark
1NK8,Binghamton - Chenango Bridge
1NK9,Huntington Emergency
1NM0,Silver City - Me-Own
1NR1,Edenton - Hospital
1NR7,Henderson - Boyd
1NV1,Fallon Southwest
1NY1,Eastport - Seatuck Cove
1NY2,Buffalo - Oishei Childrens Hospital
1NY3,Richland Airpark
1NY4,Saranac - Area
1NY5,Poughkeepsie - Sherman
1NY7,Clinton Dale - Minard Farms
1NY8,Scipio - Killian
1NY9,Caughdenoy
1O0,Florence - Lake Woahink
1O1,Grandfield
1O2,Lakeport - Lampson
1O3,Lodi
1O4,Thomas
1O5,Montague Yreka
1O6,Dunsmuir
1O8,Tipton
1OA1,Pleasant Hill - Bashore
1OA2,Grafton - Mole
1OA3,Blanchester - Barnett
1OA4,Springfield - Kepes Flying
1OA5,Fayetteville - Double J
1OA6,Morrow - Frith
1OA7,Louisville - Yoder
1OA8,Kilbourne - Erdy Farm
1OG1,Roseburg - Mercy Hospital
1OH0,Wilmington - Clinton Meml Hospital
1OH1,Quincy - S And S
1OH2,Bellevue - Dougherty
1OH3,Castalia - Mather
1OH4,Avon Cleveland
1OH6,Sidney - Odot
1OH7,Hamilton - 1
1OH8,South Charleston - Lisbon
1OH9,Peebles - Lewis
1OI1,Middlefield - Pauls
1OI4,Moreland Hills - Som Jackson
1OI6,New Lebanon - Stone
1OI7,Hamilton - 2
1OI9,Piqua - Colloch
1OK,Fairmont Fld
1OK0,Bristow - Neversweat
1OK1,Kingfisher - Dave
1OK2,Hydro - Entz Home
1OK3,Bray - Wolfe
1OK4,Idabel - Hospital
1OK5,Lone Wolf - Hohman
1OK6,Hydro - Entz Oliver
1OK7,Maysville - Grimes
1OK8,Edmond - 5B Ranch
1OK9,Marietta - Hankins
1OL2,Harrah - Steciak Strip
1OR0,North Bend - Sunnyhill
1OR1,Newberg - Chehalem Mountain
1OR3,North Plains - Sunset Airstrip
1OR4,North Plains
1OR5,Summerville - Mac
1OR6,Oregon City - Clackamas Heights
1OR7,Oregon City - Skyhill
1OR9,Oregon City - Center
1P1,Plymouth Muni
1PA0,Jersey Shore - Hinaman Acres
1PA1,Philadelphia - 401
1PA2,Philadelphia - Children
1PA3,Kellers Church - Ridgeview
1PA4,Lewistown - Wagner
1PA5,New Galilee - Beaver Creek Ultralightport
1PA6,Kennett Square - Whittle
1PA7,Huntington Valley - Philmont
1PA9,Klingerstown - Schadels
1PN0,Pottstown - Bentley
1PN1,Transfer - Napodano
1PN4,Mcconnellsburg - Center
1PN5,Kutztown
1PN7,Mount Pleasant - Leukhardt'S Landing
1PP,Stilwell Cherokee
1PR3,Guaynabo - San Patricio
1PS0,Osterburg - Ickes
1PS4,Osceola Mills - Sankey
1PS6,Philadelphia - Aria Health Torresdale
1PS8,Punxsutawney Area
1PS9,Trumbauersville - Aerodrome
1Q1,Strathmore - Eckert
1Q2,Susanville - Spaulding
1Q4,Tracy - New Jerusalem
1Q5,Upper Lake - Gravelly Valley
1Q9,Mili Island
1QK,Quinter - Gove County
1R1,Jena
1R4,Woodworth
1R7,Brookhaven
1R8,Bay Minette
1RL,Point Roberts
1S1,Porthill - Eckhart
1S2,Darrington Muni
1S3,Forsyth - Tillitt
1S4,Seiling
1S5,Sunnyside
1S6,Priest River
1S7,Slate Creek
1S8,Arlington Muni
1S9,Chewelah
1SC1,Pelzer - Lagniappe Stol
1SC2,Hopkins - Gwinn
1SC5,Greenville - Hospital
1SD0,Glad Valley - Dorsey Ranch
1SD1,Scotland - Burke
1SD3,Hurley - Turkey
1SD4,Faith - Vig Limousin
1SD5,White Lake - Drake Farm
1SD6,Oelrich'S - Bogner No Ii
1SD7,Rosebud Comprehensive
1SD8,Albee - Tribitt
1SD9,Sioux Falls - Center
1T7,San Antonio - Kestrel
1T8,San Antonio - Bulverde
1TA0,Seabrook - Llc
1TA1,Moran - Area 142
1TA2,Tulia - Vigo Park
1TA3,Alvin - D W C
1TA4,Crockett - Last Resort
1TA5,Denver City - Two Leggs
1TA7,Canton - Thompson
1TA8,Bracketville - Rio Pinto Ranch
1TA9,Houston - Ktrk
1TE0,Muleshoe - Locker Brothers
1TE1,Catarina Briscoes
1TE2,The Woodlands - Black Forest
1TE3,Jacksonville - Bolton
1TE4,Marion - Zuehl
1TE5,Hearne - Corpora
1TE6,Pearland Meml
1TE7,Floresville - Ray Farm
1TE8,Howe - Kahuna Bay
1TE9,Franklin - Rmr
1TN0,Lebanon - Cedar Crest
1TN1,Columbia - Pela 15
1TN2,Rogersville - Kay
1TN3,Belvidere - Wagner
1TN4,Dyersburg - Methodist Healthcare
1TN5,Columbia - Maury
1TN6,Karns - Higdon
1TN8,Seymour - Into The Wind
1TN9,Bristol - Crumley
1TS0,Oak Island - Eagle Air
1TS1,Pattison - Laas Farm
1TS2,Hubbard - Bar 16
1TS3,San Leon - B & S
1TS4,Plano - Eds Hangar
1TS6,Carrizo Springs - Dentonio Ranch
1TS8,Colorado City - Landers Ranch
1TS9,Del Rio - Indianhead Ranch
1TT1,Brenham - 1
1TT8,San Antonio - Bulverde
1TX0,Lampasas - Yancey Creek Ranch
1TX1,Arlington - Dallas
1TX2,Guthrie - Estate
1TX3,Guthrie - Beggs Ranch
1TX4,New Gulf
1TX5,Hale Center - Laney Farm
1TX6,Hamilton - Muxworthy
1TX7,Hamlin - Killion Ranch
1TX8,Hart
1TX9,Hawkins - Hawk Ranch
1U0,Minidoka - Bear Trap
1U1,Moose Creek Ranger Station
1U2,Mud Lake
1U3,Murphy
1U4,New Meadows
1U6,Oakley Muni
1U7,Paris - Bear Lake County
1U9,Pine
1UT,Hooper - Fremont Island Lower
1UT9,Leeds - Stirling Farms
1V0,Navajo Dam
1V2,Hyannis - Grant County
1V6,Canon City - Fremont County
1V8,Center - Leach
1VA0,Sabot
1VA1,Stuart - Micro
1VA2,Salem - Inc
1VA3,Lovingston - Tye River
1VA5,Severn - Hoffman'S Farm
1VA7,South Boston - Aaron Penston
1VA8,Chase City - Hazelswart
1VA9,Stafford - Flying T Farm
1VG2,Montross - Whitehall Farm
1VT8,Castleton - Mortimer Brown Landing
1W1,Camas - Grove
1W3,Cumberland - Mexico Farms
1WA,Oroville - Scott
1WA0,Vancouver - Hospital
1WA1,Redmond - Weber Point
1WA2,Winlock - Pilot'S Pastures
1WA4,Everett - Providence Hospital
1WA5,Everett General
1WA6,Fall City
1WA7,Bellevue - Kemper Development Company
1WA8,Fort Lewis - Madigan Hospital
1WA9,Friday Harbor West
1WF,Troy - Waco
1WI0,Orfordville - Spring Valley Farm
1WI1,Oshkosh - Williams
1WI2,Woodruff - Moving Cloud Island
1WI3,Evansville - Buzzy
1WI5,Randolph - Beaver Dam Lake
1WI6,Raymond Township - Aero Estates
1WI7,Redgranite - Buzzards Roost
1WI8,Algoma - Jorgensen Stoller
1WI9,Fort Atkinson - Blackhawk Island
1WN0,Northport - Schmidt Ranch
1WN1,Dundee - Kettle Moraine
1WN2,Cedarburg - Covered Bridge Fields
1WN3,Star Prairie - Danielson
1WN5,Land-O-Lakes - Simons
1WT6,Bellevue - Overlake Hospital Ems
1WV0,Keyser - Potomac Valley Hospital
1X1,Higgins
1XA0,Andice - Rab Ranch
1XA1,Bowie - Sky Acres
1XA2,Beeville - Chase
1XA3,Corpus Christi - Christus Spohn
1XA4,Brookshire - Mikeska
1XA5,Paige - Flying Armadillo
1XA6,Valley View - Tailwheel Acres
1XA7,Sealy - Gloster Aerodrome
1XA8,Chatfield - Hackberry
1XA9,Tomball - Life Flight
1XS0,Sandia - Itll Do
1XS1,Crosby - Dunham
1XS2,Elgin - Skye Dance
1XS3,Fort Worth - John Peter Smith
1XS4,Mason - Red Sands Ranch
1XS5,Austin Diagnostic
1XS6,Waco - Hillcrest
1XS7,Terlingua - Heath Canyon
1XS8,Brackettville - Pinon Ranch
1XS9,Three Rivers - Beefmaster'S Best
1Y3,Mount Ayr
1Y5,New Hampton
1Y9,Paullina
1Z1,Whitmore - Airstrip
1Z9,Ellamar
20A,Oneonta - Robbins
20AK,Big Lake - Owen
20AL,Fort Novosel (Elba) - Stagefield Ahp
20AR,Guy - Rak
20AZ,Meadview - Gc
20CA,Blythe - Clayton
20CL,Pope Valley Mysterious
20CN,San Diego - Hillcrest
20CO,Golden - Lookout Center
20CT,Hartford - Johnson Meml Hospital
20E,Phoenix - Maricopa Medical Center
20FA,Orange Park Hca
20FD,Greenville - Pratt
20FL,Port Charlotte - Lake Suzy
20GA,Villa Rica - Jr
20GE,Grovetown - Hospital
20IA,Cumming - Hobbes
20ID,Idaho City - Harrington
20II,Mooresville - Kay Air
20IL,Palos Heights
20IN,Franklin - Canary'S
20IS,Winslow - Mitek
20K,Quail Creek
20KS,Norway - Isaacson
20KT,Mcdaniels - Brushy Fork
20KY,Verona
20LA,Houma - Center
20LL,Lincoln Meml
20LS,Crowley - K-John
20M,Macon Muni
20MA,Needham - Wcvb-Tv
20MD,Annapolis - Center
20ME,Lisbon - Jerry Douglass
20MI,Marine City - Hawks Landing
20MN,Maple Grove
20MO,Branson West - Life Line
20MS,Barlow - Dixon
20MT,Lambert - Prevost
20N,Kingston Ulster
20NC,Sherrills Ford - Mountain View
20ND,Turtle Lake
20NE,Lincoln - Bryan Meml Hospital
20NJ,Jersey City - Club
20NR,Waxhaw Chs
20NY,Stafford
20OH,Bristolville - Mosquito Strip
20OK,Claremore - Wiley
20OR,Redland - Warner'S
20PA,Montoursville
20R,Crystal City
20SC,Mt. Pleasant - East
20SD,White - Lutgen
20T,Godley - Aresti Aerodrome
20TA,Bells - Mag Drop
20TE,Itasca - Reece Ranch
20TN,Fall Branch - Liley Fld
20TS,Bandera - Bains Private
20TT,Liberty Hill - Wind
20TX,Kerrville - Peterson
20U,Beach
20UT,Tooele - Mountain
20V,Kremmling - Mc Elroy
20VA,Bowling Green - Woodford
20VG,Bedford - Hawk Ridge
20WA,Rochester - Skatter Creek
20WI,Redgranite - Harju
20XA,Houston - Vintage
20XS,Chisholm - Klutts
21AK,Talkeetna - Montana Creek
21AL,Fort Novosel (Opp) - Stagefield Ahp
21AR,Hazen - Skarda/Tollville
21AZ,Show Low - White Mountain Lake
21CA,Huntington Beach Crc
21CL,Lancaster La
21CN,Los Angeles - Vermont Corridor County
21CO,Aurora - Southlands Ed
21D,St Paul - Lake Elmo
21F,Jacksboro
21FA,Rockledge
21FD,Kissimmee - Helistop
21FL,Clermont - Kings
21GA,Newnan - Piedmont Hospital
21GE,Cleveland - Deer Crossing
21H,Anacortes - Skyline
21ID,Nordman - Phillabaum
21IL,Mattoon - Center
21IN,Troy - Grame
21JY,Harvey Cedars - Soaring Sun
21KS,Topeka University
21KY,Hodgenville - Lincoln Farm
21LA,Baton Rouge - Southern Helicopters
21LS,St Francisville - Solitude Airstrip
21M,Greenville Junction - Currier'S
21ME,Gorham - Moody
21MI,Orchard Lake - Adams
21MN,Leonard - Clearwater
21MO,Licking - Baker
21MS,Walls - Blythe Bayou Farms
21MT,Bozeman - Harris Runway
21MU,Shell Knob - The Peninsula
21N,Mattituck
21NC,Hertford - Isbell
21ND,Upham - Rosenau
21NE,Byron Apt
21NH,Kensington - Propwash
21NJ,Mahwah - Academy
21NK,Morris - Don Kichote Quixote
21NR,Corolla - Swan Beach Fire
21OG,Jefferson - Ames
21OH,Lodi - Cleveland Clinic Hospital
21OI,Owensville - Clearwater
21OR,Hermiston - Rees Ahp
21PA,Tannersville - Camelback Mountain Resort
21PN,Carlisle Upmc
21SC,Darlington - Graham
21TA,Houston - Center
21TE,El Campo Meml
21TN,Corryton
21TS,Baytown - Alexander
21TT,Normangee - Higgins Meml
21TX,Paris - Ambia Farm
21UT,Stockton - Glastar
21VA,Cheriton - Eagles Nest
21W,Greenwater - Ranger Creek
21WI,Hudson
21XA,Calaveras
21XS,Houston Airpark
22AK,Skwentna - Whiskey Lake
22AL,Fort Novosel (New Brockton) - Stinson Stagefield Ahp
22AR,Johnson - Hospital
22AZ,Bullhead City Rgnl
22C,Stanton - Clifford Lake
22CA,Sausalito - Commodore Center
22CD,Brighton - Center
22CL,Marysville - Double Tree Farm
22CN,Los Angeles - Abc-Tv
22CO,Brighton - Flying E
22D,Eighty Four - Bandel
22F,Jayton - Kent County
22FA,Sarasota - Hidden River
22FD,Destin Emergency
22FL,Orlando - Adventhealth Sandlake Helistop
22GA,Plainville - Riverside
22GE,Ball Ground - Hawks Ridge
22HI,Wailuku - Maui Meml Medical
22I,Mc Arthur - Vinton County
22IA,Marengo
22ID,Placerville - Treasure Gulch
22II,Mount Vernon - Lewis
22IL,Galena - Horseshoe Mound
22IN,Ft. Wayne - Spangler Farm
22IS,Carman - Johnson Farm
22KS,Wichita - Via Christi
22KY,Louisville - Churchill Downs
22LA,Simmesport - Wd Flyers
22LL,Ottawa - Pike'S
22LS,Arnaudville - Couvillion
22M,Pontotoc
22MA,Rockport - Poole'S
22MD,Hagerstown - Laura'S Landing
22ME,Bar Harbor
22MI,Traverse City - Munson Medical Center
22MN,Oslund - Little Sand
22MO,Osceola - Scout Nest
22MS,Lucedale - Sky Landings
22MT,Kalispell - Wounded Buck Ranch
22N,Lehighton - Meml
22NA,Statesville - Davis
22NC,Siler City - Flint Ridge
22NE,Omaha - Lakeside Hospital
22NK,Dunkirk - Alstar
22NR,New Hill - Harris Nuclear Plant
22NV,Winnemucca - Ems
22NY,Batavia - Troop A Headquarters
22OG,Lakeview - Withrotor
22OI,Lordstown - Giovannone
22OK,Springer - Smith
22OR,Silverton - Iron Crown
22PA,Uniontown
22PN,Reading - St
22PS,Montrose High
22S,Paisley
22SC,Spartanburg Medical
22T,Tecumseh Mills
22TA,Grandview - Pharmnall
22TE,Cordele - Fenner Ranch
22TN,Gallatin - Julkev
22TS,Houston - Gray Steel
22TX,Austin South
22UT,Big Water - Larkspur Airstrip
22VA,Wytheville - Hospital
22VT,Johnsbury
22WA,Wilbur - Gollehon
22WI,Oconto Falls - Hospital
22WN,Dodgeville - Southwind
22WV,Grafton
22WY,Rozet - Kissack/Reynolds
22XA,Hico - White Stone Ranch
22XS,Fort Hood (Killeen) - Strip
23AK,Wasilla - Yuknis
23AL,Fort Novosel (Ozark) - Tabernacle Stagefield Ahp
23AR,Jonesboro - Classic Airstrip
23AZ,Wickenburg - Moreton
23CA,Fort Jones - Lefko
23CD,Burlington - Aviation Acres
23CL,Los Angeles - La
23CN,El Centro - Douthitt Strip
23CO,Rush - High Mesa
23D,Karlstad
23DE,Clayton - Full Throttle Farm
23FA,Miami Beach Ocean
23FD,Brooksville Hca
23FL,Wimauma - Gyro Town Usa
23GA,Sandy Springs - Hartrampf
23GE,Dublin - Lt Landing
23IA,Shenandoah Hospital
23ID,Feathervlle - Southfork
23IL,Elk Grove Village - Amita Health Alexian
23IN,Indianapolis - Children
23IS,Plymouth - Clark
23JY,Quinter - Jamison
23KS,Lindsborg - Kentucky Creek Landing
23KY,Burna - Barnes Farm
23LA,Covington - Warner-Thunder Hill
23LS,Baton Rouge - Olol Children'S
23M,Quitman - Clarke County
23MA,Westford
23MD,Chestertown - Breezecroft
23ME,Rumford - Dyer'S
23MI,Charlevoix - Dvoracek
23MN,Preston - High Grove
23MO,Brunswick - Shiloh
23MS,Moss Point - Smith Farms
23MT,Bozeman - Waterfall
23MU,Osceola - Meml
23N,Bayport
23NC,Kenansville - Ecu Health Duplin
23ND,Rogers - Anderson
23NE,Stromsburg
23NH,Windsor - Windswept
23NJ,Pittsgrove - Alliance
23NK,Macedon - Long Acre Farms
23NR,Fairfield - Whitfield'S
23NY,Bath - Jolamtra Landing Area
23OA,Christianburg - Dade
23OH,St. Marys - Joint Township Meml
23OK,Lindsay - Mash
23PA,Revere - Cedar Acres
23PN,Clearfield Penn
23PS,Kennett Square - Constellation
23R,Devine
23S,Seeley Lake
23TA,Tom Bean - Rowland R
23TE,Texas Medical
23TN,Copperhill - Center
23TS,Del Rio - Bertani Ranch
23TX,The Grove/Ranch
23UT,Logan - Cache Valley Hospital
23VA,Buckingham - Wheatland
23VG,Boydton - Holly Bu
23VT,Londonderry - North Windham
23W,Cornucopia
23WA,Puyallup - Bcag Frederickson
23WI,Black River Falls Meml
23WN,Springbrook - Willie'S
23WS,Milwaukee - Columbia St Mary'S
23WV,Fayetteville - Bocamanu
23WY,Jackson - St
23XA,Alvin - El Tejano
23XS,Fort Hood (Killeen) - Strip
24A,Sylva - Jackson County
24AK,Meadow Lakes - Toad Lake Strip
24AL,Fort Novosel (Dothan) - Toth Stagefield Ahp
24AR,Lundell - Griffin Ag
24AZ,Young - Pleasant Valley Airstrip
24C,Lowell City
24CA,Pasadena - Mesa
24CD,Walden - Michigan River Ranch
24CL,Corcoran - Boswell
24CO,Caddoa
24CT,Jewett City - Bee
24DC,Washington George
24F,Jefferson - Cypress River
24FA,Minneola Adventhealth
24FD,Poinciana
24FL,Milton - Garcon
24IA,Cedar Falls - Isley
24ID,Challis - Flying Z Ranch
24II,Vincennes - Good Samaritan Hospital
24IN,Hartsville - Williams Flying Fld
24J,Live Oak - Suwannee County
24K,Mc Call - Krassel Usfs
24KS,Viola - Weiss Acres
24KY,Bowling Green - Ae-62
24LA,Prairieville - Fld
24LL,Pinckneyville - Lambert
24LS,Cameron West
24M,Kent City - Wilderness
24MA,Barre
24ME,Windham - Slip Knot Landing
24MI,Hickory Corners - Ssj
24MN,Garden City - Bergemann
24MO,Camdenton - Mistwood
24MS,Oxford Hospital
24MT,Bozeman - Haggerty
24MU,Fairfax - Steele
24N,Dulce - Jicarilla Apache Nation
24NC,Monroe - Mc Gee
24NE,Lakeside - Orr
24NH,Westmoreland - Wicks
24NJ,Salem - Taildragger Acres
24NR,Lincolnton - Indian Creek
24NY,Cove Neck - Wang
24OH,Louisville - Milburn
24OI,St Paris - Reeds
24OK,Seminole - Anthony Hostpital Shawnee
24OR,Happy Valley - Camp Withycombe Ahp
24PA,Freedom - Kindelberger Landing Strip
24PN,Allentown Downtown
24PS,Sterling - Spring Hill
24R,Dilley
24S,Pinehurst
24SC,Summit - The Farm
24TA,Centerville - Moore Ranch
24TE,Houston - Police Helicopter Patrol
24TN,Manchester - Unity Medical Center
24TS,North Richland Hills Medical
24TX,Thurber
24UT,Hurricane Intermountain
24VA,Cheriton - Cherrystone
24WA,Othello Community
24WI,Somerset - Irlbeck
24WN,Lake Geneva - Prairie View Farm
24XA,San Antonio - Cross-B
25AA,Fairbanks - Skyflight
25AK,Willow - Park
25AL,Fort Novosel (Goodman) - Lucas Ahp
25AR,Belleville - Cedar Creek Ranch
25AZ,Portal - Mystery Well Ranch
25CA,Santa Ysabel - Loma Madera Ranch
25CD,Hartsel - Lux
25CL,Pleasant Grove - Van Dyke Strip
25CO,Red Feather Lakes
25D,Forest Lake
25FA,Miami - Jackson Meml Hospital
25FD,Orlando - Lakes
25FL,Bushnell - Connells Wahoo
25GA,Douglasville - Jj'S Ranch
25GE,Carlton - Beaver Creek Lodge
25IA,St. Ansgar - Virl B Deal
25ID,Mccall
25IL,Virden - Holzwarth Flying Service
25IN,Howe - Reid-Eash
25IS,Chatham - Shag Bark Farms
25J,Cuthbert - Lower Chattahoochee
25JY,Waterford - Heli-Ray
25KS,Kirwin - Wyrill
25KY,Paducah - Western Baptist Hospital
25LA,Albany - Plane Crazy
25LL,Elgin - Advocate Sherman Hospital
25M,Ripley
25MA,Holliston - High School
25MD,Sudlersville - Whalen
25ME,Kittery - Adams Road
25MI,St. Johns - Howard
25MN,Deerwood - Shirt Lake
25MO,Carl Junction - Cook
25MS,Columbus - Triangle
25MT,Glasgow - Blatter
25MY,Minneapolis - Childrens Hospital
25NC,Asheboro - Smith Air Strip
25ND,Mandan - Landeis Airstrip
25NE,Melbeta - Corr
25NH,Franconia - Presby
25NJ,Florham Park - Center
25NK,Hammondsport - Loucks
25NM,Pie Town - Dream Catcher Ranch
25NR,Castle Hayne - New Hanover
25NV,Carson City Parker
25NY,Remsenburg - Carters
25OH,Louisville - Hammond
25OI,Bristolville - Morrison
25OK,Comanche - Wildlife Ranch
25PA,Washington The
25PN,Wellsboro - Nessmuk
25PS,Minersville - Primrose
25SC,Greenville - Mountain Ridge
25TA,Baytown - Ferris
25TE,Corsicana - Navarro
25TN,Mc Minnville - Hospital
25TS,Dalhart - Miller
25TT,Decatur - American Bio Source
25TX,Cut And Shoot - Chennault
25U,Imnaha - Memaloose Usfs
25UT,Draper - Lone Peak Hospital
25VA,Aylett - Toddsbury Farm
25VG,Galax - Ct Fields
25WA,Tonasket - Hart Ranch
25WI,Eau Claire - Sacred Heart Hospital
25WN,Pepin - Little Plum Creek
25XA,Fredericksburg - Headwaters
25XS,Waxahachie - Moonbow Fld
26A,Ashland/Lineville
26AL,Mobile - Richardson
26AR,"Searcy - Fly ""N"" K"
26AS,Marvell
26AZ,Aguila - Flying Dares Ranch
26CA,Wilton - Boeckmann Ranch
26CL,Ranchita
26CN,Acton - Vincent Substation
26CO,Holyoke - Melissa Meml Hospital
26FA,Riverview Adventhealth
26FD,Arcadia - Hennessy
26FL,Okeechobee Hca
26GA,Summerville - Little
26IA,Correctionville - Midway View Farms
26ID,Sandpoint - Moose Lodge
26IL,Highland - Straeter Rla
26IN,Fort Wayne - Haven Center
26IS,Fairbury - Ficklin-Airtech
26JY,Winslow Binder
26KY,Louisville - University Hospital
26LA,Delcambre - Dondero Island
26LL,Sycamore - Anderson
26MA,Pepperell
26MD,Baltimore - Cmti
26MI,Lowell - Van Strien
26MN,Halstad - Christianson
26MO,Lawson - Short
26MT,Hingham - Hutchinson
26N,Ocean City Muni
26NC,Boonville
26ND,Alexander - Chitwood Airstrip
26NH,Lebanon - Phantom Two
26NJ,Cape May Court House Rgnl
26NR,Clyde - Haywood
26NV,Fallon - Darrow
26NY,Northport - Vamc
26OG,Eagle Point - Oakridge Ranch
26OH,Wakeman - Ross
26OK,Sasakwa - Pheasant Wings
26OR,Happy Valley - Cub Port
26PA,Honey Grove - Stottle Meml
26PS,Pittsburgh - Vaphs
26R,Edna - Jackson County
26SD,Radip City - Shooting Star Ranch
26TN,Newport Tennova
26TS,The Woodlands Meml
26TT,Mico - Sunset Resort
26TX,Truscott - Lowrance Ranch
26U,Mc Dermitt
26VA,Fairfax County
26VT,Brattleboro
26W,Napoleon - Wolf Lake
26WA,Port Angeles - Olympic Meml Hospital
26WI,Exeland - Kitty-Wompus
26WN,Richland Center Hospital
26XS,Blanco - Tatum Ranch
27AK,Skwentna - Johnson Strip
27AL,Tuskegee - Texas
27AR,Bentonville - Benton
27AZ,Aguila - Eagle Roost
27C,Mecosta
27CA,Apple Valley - Holiday Ranch
27CL,Pleasant Grove - Sopwith Farm
27CN,Newhall - Helistop
27CO,Fort Collins - G1
27FA,Lithia - Stanchester
27FD,Panama City - Coastal Helicopters Inc
27FL,Wesley Chapel Adventhealth
27GA,Carrollton - Wilson Airstrip
27IA,Keosauqua - Oldfield Aero
27ID,Filer - Huddleston
27II,Indianapolis - Hospital
27IL,Jerseyville - Jersey Community Hospital
27IN,Indianapolis St
27IS,Dahlgren - Gelfius
27JY,Newton - Heaton
27K,Georgetown Scott
27KS,Goodland - Bellamy Farm
27KY,Lexington - Hensley
27LA,Baton Rouge Hospital
27LL,Valmeyer - Sullivan
27LS,Baton Rouge - La
27MA,Berkley - Wamsetto
27MD,Church Hill - Myles Landing
27ME,Richmond - Pleasant Pond
27MI,Vassar - Miller
27MN,Lake Bronson
27MO,Carthage - Route 66
27MS,Carthage - Jolly
27MT,Kalispell - Rahn
27ND,Alamo - Overland-Lohse
27NE,Grant - Hendricks
27NH,Hanover - Phantom One
27NK,Schyler - Mohawk Air Park
27NR,Angier - Farms
27NY,Wallkill - Don'S
27OH,Findlay - Schaller
27OI,Chagrin Falls - Auburn
27OK,Ponca City - Thomas Landing
27P,Eldora
27PN,Easton - Oaks
27PS,Columbia Cross Roads - Van Blarcom
27R,Eldorado
27SC,Lugoff - Upair
27SD,De Smet - Albrecht
27TA,Tyler - Headwind
27TE,El Paso - Sierra Providence Hospital
27TN,Memphis Police
27TS,Wylie - Walden Ranch
27TX,Carmine - Sands Hill
27VA,Manassas - Center
27W,Leavenworth - Lake Wenatchee State
27WA,Conway - Jc'S
27WI,Rochester - Fox River
27WV,Poca - Kurt'S
27XA,Poolville - Arnett Landing
27XS,Brookshire - Sport Flyers
28A,Indian Trail - Goose Creek
28AK,Glacier View - Gates Ranch
28AL,Millbrook - Foshee
28AR,Charlotte - Henley Aerodrome
28AZ,Aguila - Sampleys
28CA,Dos Palos
28CN,Bakersfield - Hospital
28DE,Felton - Albanna Aviation
28FA,Pompano Beach - Center
28FD,Marianna - Jackson County Hospital
28FL,Cresent City - Jim Finlay Farm
28GA,Byron - Peach
28GE,Lindale - Mike Roberson
28IA,Marion Mercy
28ID,Dixie - D Bar C
28II,Laconia - Cedar Farm
28IL,Crystal Lake Mercyhealth
28IN,Fort Wayne - Freedom
28IS,Fillmore - Inc
28J,Palatka
28KS,Rantoul - Highland Farm
28KY,Murray - Brandon Airdrome
28LA,Bogalusa - Washington
28LL,Westervelt - Williamson
28LS,Lafayette - Hargroder
28M,Hanson - Cranland
28MA,Southwick - Cannizzaro
28MD,Landover - Fedex
28MI,Cedar - Miller-Herrold
28MN,Welch - River Ridge Ranch
28MO,Roscoe - Pasley
28MT,Lincoln - Cain Ranch
28N,Vineland
28NC,Greensboro Balloonport
28ND,Minot - Exceptional Community Hospital
28NE,Clarkson - Big Thunder
28NH,New Boston - A And K
28NJ,Atlantic City - Mahal
28NK,Clayton - Ritchie
28NR,Rutherfordton - Dry Pond
28NY,Cassadaga - Spaulding Aerodrome
28OH,Lyons - Houk
28OI,Columbus - Mount Carmel
28OK,El Reno - Pellar Farm
28OR,Newberg - Parrett Mountain
28PA,Wernersville - Boyer
28PR,San German - La
28TA,Freer - Company
28TE,Elmendorf - Midlake
28TN,Memphis - East Helipad
28TS,Harker Heights
28TT,Bynum - Left Wing Low
28TX,Vernon - Lehman
28U,Owyhee Reservoir
28VA,Radford
28VT,Windsor - Mt Ascutney Hospital
28WA,Vancouver - Robert L
28WI,Arkansaw - Rutherford
28X,Pampa - Green Acres Airfield
28XA,Laredo - Doctors Hospital
28XS,Kaufman - Flying G
29A,Wasilla - Island Lake
29AK,Delta Junction - Remington
29AL,Greenville Rgnl
29AR,Searcy - Center
29AZ,Buckeye Abrazo
29C,Port Austin - Grindstone Air Harbor
29CA,Desert Hot Springs - Landells
29CL,Los Angeles Childrens
29CN,Georgetown - Miller'S Mother Lode
29CO,Grand Junction - St
29D,Grove City
29F,Kress - Joe Vaughn Spraying
29FA,Fort Myers - Caloosa
29FD,Quincy - Gadsden Meml Hospital
29FL,Daytona Beach - Center
29GA,Sharpsburg - Rolling Meadows
29GE,Atlanta - Helipad
29IA,Sidney - Hilltop
29ID,Emmett - Patterson
29II,Michigan City - Norm'S
29IL,Lostant - Farms
29IN,Columbia City - Homestead
29JY,Brick - Center
29KS,Wichita - Mcmaster
29KY,California - Socks Flyers
29LA,Baton Rouge - Lake
29LL,Waterloo - Service
29LS,Lake Charles - Hotel
29MD,Cambridge Umm
29ME,China - Teconnet
29MI,Mason - Sawyer
29MN,Tintah - Wetenkamp
29MO,Smithville - Rollert Farm
29MT,Trout Creek - Craik
29N,Vineland - Kroelinger
29NC,Efland - Larry F Warren
29NE,Wallace - Bartmess
29NH,Auburn - Cleary
29NJ,Buena - J L Gentile
29NK,Johnson City - Uhs Wilson Tower
29NR,Greensboro - Hospital
29NY,Ramapo - Clover Stadium
29OH,Magnolia - Fox
29OK,Hinton - Smith
29OR,Prineville - Lodge
29PA,Hookstown - Stateline
29PN,Erie - St
29RI,Portsmouth - Vaucluse Farm
29S,Gardiner
29SC,Walterboro - Hannah Rhea
29TA,Frisco City
29TN,Pikeville - Erlanger Bledsoe Hospital
29TS,Houston West
29TX,Vernon - Lockett
29VA,Remington - Rhynalds Ranch
29VT,Grand Isle - Middle Hero
29WA,Tacoma - Crossings
29WI,Babcock - Cranberry Co
29XA,Luling - Hospital
2A0,Dayton - Mark Anton
2A1,Jamestown Muni
2A2,Clinton - Holley Mountain
2A6,Holly Grove
2A8,Addison
2AK,Lime Village
2AK0,Point Mackenzie - Mac Kenzie Country
2AK1,Fairbanks /Ft Wainwright/ - Blair Lake
2AK2,Fairbanks /Ft Wainwright/ - Clear Creek
2AK3,Five Finger
2AK4,Homer - Bootleggers Cove
2AK5,Hinchinbrook - Johnstone
2AK6,Hogatza - Hog River
2AK7,Big Lake - Helio
2AK8,Icy Cape
2AK9,Independence Creek
2AL0,Smiths Station - Plant Franklin
2AL1,Magnolia Springs - Collier
2AL2,Roanoke Volunteer
2AL3,Wetumpka - Emerald Mountain
2AL5,Fort Payne - Flying H Ranch
2AL6,Irvington - Dale O Galer
2AL7,Hanceville - Farm
2AL8,Phenix City - Finkley Farm
2AN,Anderson - Tischner Air
2AN2,Maricopa - Ak-Chin
2AR0,Lonoke - Bully Henry
2AR1,Ozark - Etna
2AR2,Sage - Davidson
2AR3,Mountain View - Center
2AR4,Mc Crory
2AR5,Centerton - Ashmore
2AR6,Mineral Springs - Glenn Winchester
2AR7,Prescott - Head
2AR8,Black Oak - Hickman
2AR9,Holiday Island
2AZ1,Salome - Indian Hills
2AZ3,El Mirage
2AZ4,Maricopa - Millar
2AZ5,Maricopa - Donnelly Residence
2AZ7,Phoenix - Gill
2AZ8,Tubac
2AZ9,Mcneal - Ethnos Air
2B1,Marston Mills - Cape Cod
2B2,Newburyport - Plum Island
2B3,Newport - Parlin
2B6,Wilmington - Hollister
2B7,Pittsfield Muni
2B9,Post Mills
2C5,Paw Paw - Almena
2C6,Yates City - Tri-County
2C8,Cavalier
2C9,Toledo
2CA0,Three Rivers - Ash Mountain
2CA2,Twentynine Palms - Cones
2CA3,Twentynine Palms - Crosswinds
2CA4,Valley Center - Blackinton
2CA5,Huntington Beach - Platform Emmy
2CA6,Los Angeles - Partners
2CA8,Yucca Valley - Ranch
2CB,Camp Blanding Mil Res (Starke)
2CD2,Loveland - Rockies
2CD3,Peyton - Bijou Springs Ranch
2CD4,Silt - West
2CD5,Montrose - Elk Mountain Resort
2CD6,Elizabeth - Yukon
2CD7,Carbondale - Turnberry Ranch
2CD8,Aurora Children'S
2CD9,Laporte - Kellogg Airstrip
2CL0,City Of Commerce
2CL1,Brownsville Airpark
2CL2,Arbuckle - Mc Cabe Ranch
2CL3,Tennant - Longbell Ranch
2CL6,Oxnard - St
2CL7,Glendale Plaza
2CL8,Wildomar - Hospital
2CL9,Galt - Mustang
2CN2,Los Angeles - Hills
2CN3,Murrieta - Tenaja Valley
2CN4,Lost Hills - Almonds
2CN6,Los Angeles Department
2CN7,San Diego - Qualcomm Building N
2CN8,Lake Arrowhead
2CO0,Fort Collins - Llc
2CO1,Longmont - Uchealth Longs Peak
2CO2,Alamosa - Las Arenas
2CO3,Milliken - Jackrabbit Strip
2CO4,Denver - Ctr
2CO5,Austin - Gunnison River Farms
2CO6,Littleton - Manor House
2CO7,Pueblo - St
2CO8,Brush - East
2CO9,Grand Junction - Lands End
2D1,Alliance - Lee
2D3,Palmer - Gooding Lake
2D5,Oakes
2D6,Bannock
2D7,Beach City
2DE2,Farmington - Willaview
2DE3,Felton - Hrupsa
2DE8,Milford - Murphy'S Landing
2E2,Emmett - Sharpe'S Strip
2E5,Dell City Muni
2E6,Groton
2E7,Mc Lean
2E8,Dexter - Cackleberry
2F0,Iraan
2F1,Shamrock
2F4,Tahoka - T-Bar
2F6,Skiatook
2F7,Commerce
2FA0,Miami - Kendall District
2FA1,Ormond Beach - Sawgrass
2FA2,Belleview - Monroe
2FA3,Baker - Long Branch Farms
2FA4,Clewiston - Southern Ranch
2FA5,Crescent City - Thunderbird Air Park
2FA6,Coleman Central
2FA7,Hastings - Frontier
2FA8,Sanford Hca
2FA9,Lamont - Mount Olive Farm
2FD0,Branford - Lazyboy
2FD1,Weirsdale - Hobby Hill
2FD2,Island Grove - Marjorie Kennan Rawlings
2FD3,St Petersburg Bayfront
2FD5,Marathon - Company
2FD6,Oak Hill - Tully Rv
2FD7,Orlando Heli
2FD8,Port Charlotte Hca
2FD9,De Land - Advent Health Deland
2FL0,Wausau - Crystal Village
2FL1,Sunrise - Broward County
2FL3,Cypress - Folsom
2FL4,Juno Beach - Brady
2FL5,Orlando Crossings
2FL7,Palm Bay - Porta Target
2FL8,River Ranch - Tiger Lake
2FL9,Haines City Adventhealth
2G1,Painesville - Concord
2G2,Steubenville - County
2G4,Oakland - Garrett County
2G5,Granite Shoals
2G6,Chester - Mc Laughlin
2G8,Gorham
2G9,Somerset
2GA0,Newborn - Kennedy Intranational
2GA1,Oxford - Poole Farm
2GA2,Springfield - Swaids
2GA3,Warner Robins - Houston Healthcare Hospital
2GA4,Cumming - Northside Hospital Forsyth
2GA5,Concord - Windrift Aerodrome
2GA6,Atlanta Piedmont
2GA7,Statesboro - Aubrey
2GA8,Shannon
2GA9,Snellville - Lenora
2GC,Fayetteville - Grays Creek
2GE1,Waynesboro - Burke County Hospital
2GE3,Greensboro - Smith
2GE5,Alpharetta - Chukkar Farm Ultralightport
2GE6,Albany - Virgil
2GE7,Crandall - Farms
2GE8,Newnan - Andy Fields
2H0,Shelbyville - Shelby County
2H2,Aurora Muni
2H5,Houston Fort
2H9,Rolette
2I0,Madisonville Rgnl
2I3,Falls-Of-Rough
2IA0,Davenport - Genesis Medical Center
2IA1,Dubuque - Finley Hospital
2IA2,Elkader Mercyone
2IA3,Mount Pleasant - Medical
2IA4,Waterloo - Cmc At
2IA5,Hamburg - Grape Community Hospital
2IA6,Lake City - Stewart Meml Hospital
2IA7,Adel - Jungmanns Landing
2IA8,Onawa - Burgess Health Center
2IA9,Crystal Lake - South
2ID2,Mackay - Linda
2ID3,Triangle - Josephine Ranch
2ID4,Athol - Silverwood
2ID5,Mccall - Splan
2ID6,Fruitland - Lemons
2ID7,Fruitland St.
2IG4,Oaktown - Ed-Air
2IG5,Mentone - Heli-Bell Museum
2IG6,Indiana Bloomington
2II0,Kokomo - Indian Hills Flying
2II1,Emma - Yoder
2II2,Mount Vernon - Indian Creek
2II3,Frankton - Stottlemyer
2II4,Plainfield - Psi
2II5,Portage - Burns
2II6,Tipton - Baird-Wolford
2II7,Ossian - K-9 Korner
2II8,Clinton Union
2II9,Covington - Rice Private
2IL0,Shannon - Woodley
2IL1,Durand - Mc Cartney
2IL2,Dwight - Watters
2IL3,East Moline - Mc Neal'S
2IL4,North Chicago - Abbvie
2IL5,Morton Grove - Crown Point Corporation
2IL6,Sidell - Mcdowell
2IL7,Belleville - Ben Emge
2IL9,Monee - Meadow Creek
2IN,Lagrange - Oliver Lake
2IN0,Ossian - Skip'S Place
2IN2,Roanoke - Gerig'S
2IN3,Medaryville - Tatertown
2IN4,Argos - Scott
2IN5,Sulphur Springs - Midkiff
2IN6,Noblesville - Galloway
2IN7,Columbus Rgnl
2IN9,New Whiteland - Berry
2IS,Clewiston - Airglades
2IS1,Peoria - Carle Health Proctor
2IS3,Elmira - Jackson
2IS4,Illinois City - Ritter
2IS5,Lacon - Area
2IS6,Lena - Red Shed
2IS7,Lindenwood - Somers Blossom
2IS9,Cooksville - Pontiac Flying
2J0,Panacea - Wakulla County
2J3,Louisville Muni
2J5,Millen
2J8,Pierson
2J9,Quincy Muni
2JY5,Cinnaminson - Jet Line
2JY6,Ringoes - Brook
2JY7,Milford - Alba Vineyard
2JY9,Camden - Hargrove
2K1,Pond Creek
2K4,Mangum - Scott
2K5,Telida
2K6,Moline - Elk County
2K7,Neodesha
2K8,Argonia
2K9,Haskell
2KL,Sunrise Beach Village
2KS0,Sedan - Rupp
2KS1,Severance - Rush
2KS2,Severy - Stuber Flying Ranch
2KS3,Fowler - Edwards Grass Strip
2KS4,Dorrance - Mahoney Farm
2KS5,Plains Muni
2KS6,Seneca - Flying H
2KS8,Sylvan Grove - Vonada
2KS9,Topeka - Starshire Farm
2KT4,Fountain Run - Eubank
2KY0,Scottsville - Skyfall
2KY1,Paint Lick - Kitty Hawk Farm
2KY2,Salem - Livingston Hospital
2KY3,Bowling Green - Plane-O-Fld
2KY4,Elizabethtown - Oz
2KY5,Olive Hill - Womstead
2KY6,Bowling Green The
2KY7,Campbellsville - Taylor
2KY8,Lexington - Hana
2KY9,La Grange Baptist
2L0,Pineville Muni
2L1,Larimore
2LA,Oscar - Zach Pourciau
2LA0,Intracoastal City - Central
2LA2,New Iberia - Igh
2LA4,Bunkie Flying
2LA5,Iota - Reed
2LA6,Jackson - Howell 1
2LA7,Oak Grove - Costello
2LA8,Bush - Fokker
2LA9,Kaplan Station
2LL0,Taylorville Meml
2LL1,Sheridan - Cwian
2LL2,Sherrard - Weihler
2LL3,Lincoln - Miller
2LL4,Macon - Snow
2LL5,Sidney - Justus
2LL6,Silvis - Campus
2LL7,Pontiac - Adams Number 2
2LL8,Nashville - Washington County Hospital
2LL9,Somonauk - George
2LS0,Galliano - Bristow Us Llc
2LS2,Charenton - Chitimacha Air Park
2LS3,Melville - Majors
2M0,Princeton Caldwell
2M1,Bates City - Harry S Truman
2M2,Lawrenceburg
2M4,Forest - G V Montgomery
2M5,Stockton Lake
2M7,Cheboygan - Hoffman'S
2M8,Millington - Charles W Baker
2MA2,Hudson - Digital
2MA4,Littleton Compaq
2MA5,Maynard - Compaq Powdermill Road
2MA7,North Attleborough - Falls Pond
2MA8,Stow Compaq
2MA9,Tewksbury - Digital
2MD0,Marion - Anderson Farm
2MD1,Clements - Recompense Farm
2MD2,Columbia - Aerospace Tech Center
2MD3,Boyds - Fly Away Farm
2MD4,Salisbury - Ennis Aerodrome
2MD6,Lexington Park - Cherry
2MD7,Linthicum Heights - Maritime Institute
2MD8,Oakland - Greater Gortner
2ME2,North Haven
2ME3,Charleston - Heartstone Farm
2MI0,Chesaning - Woodside
2MI1,Grand Rapids - Corewell Health Blodgett
2MI2,Livonia - St
2MI3,Ashley - Somers Lane
2MI4,Fairview - Kauffman Airfield
2MI5,Ada - Somerville
2MI6,Whittemore - The Farm
2MI7,Lansing Mclaren
2MI8,Vassar
2MI9,Mecosta - Capen
2MN0,East Grand Forks - Fld
2MN1,Gluek - Winter Strip
2MN2,Jacobson - Dreamcatcher
2MN3,Montevideo - Ccm Health
2MN4,Blue Earth - Cornfield Canyon
2MN5,Pequot Lakes - Emma'S Bay
2MN6,St Charles - Van Normans
2MN7,North Prairie - Fussy
2MN8,Rochester - Med City
2MN9,Warren - North
2MO,Mount Vernon Muni
2MO0,Centerview - Fletcher
2MO1,Willard - Bird
2MO2,Holt - Northwood
2MO3,Independence Health
2MO4,Rockville - Breckenridge
2MO5,Bethany - Hospital
2MO6,Carthage - Lee'S Flying Park
2MO7,Warrenton - Fawn Lake
2MO8,El Dorado Springs - Bob White
2MO9,Kansas City - Runway Ranch
2MS2,Picayune - Highland Community Hospital
2MS3,Caledonia - Shockley
2MS7,Puckett - Puff
2MS8,Grenada - Spencer
2MS9,Houston - Cattle
2MT0,Kalispell - Bates Airstrip
2MT1,West Glacier - Ryan
2MT2,Kalispell - Braidwater Farm
2MT3,Missoula - Community Medical Center
2MT5,Bozeman - Briar Creek
2MT6,Augusta - Sun River Ranch
2MT7,Fortine - Site
2MT8,Cardwell - South
2MT9,Drummond - Gold Creek
2MU0,St Genevieve
2MU1,Saint Louis
2MU9,Hawk Point - Monroe
2MY2,Amboy - Zarn
2MY3,Cambridge Medical
2MY4,Clear Lake - Miller
2MY5,Faribault - Sevcik Farms
2N2,Bristol - Newfound Valley
2N4,Moravia - Owasco
2N5,Wellsville - Kampel
2N6,Jobstown - Redwing
2N7,Little Ferry
2NA0,Wilton - Soderquist
2NA7,Esmond - Slater Farm
2NC0,Burnsville - Mountain Air
2NC1,Waxhaw - Hawk'S Knoll
2NC2,Monroe - Inc
2NC3,Raleigh - Sky 5
2NC4,Goldsboro - Scottbrook Farm
2NC5,Charlotte - Meridian Corporate Center
2NC6,Lexington - Flying M
2NC7,Scotland Neck
2NC8,Kannapolis - Goodnight'S
2NC9,Laurinburg - Scotland Meml
2ND0,Mapleton - Kraft
2ND1,Mercer - Westerlind
2ND2,Mercer - Makeeff
2ND3,Grand Forks - Casslindan
2ND5,Turtle Lake - Cloud 9
2ND7,Newburg - Johnson
2ND8,Montplier - Fiebiger
2ND9,Norma - Brekhus
2NE0,Elwood - Johnson Lake
2NE2,Tecumseh - Johnson County Hospital
2NE3,Hickman - Rusty Crankshaft
2NE4,Gordon - Spring Lake
2NE5,Gothenburg - Fiese Airstrip
2NE6,Grainton - Coppersmith
2NE7,Grant - Kumor
2NE8,Hickman - Walvoord
2NH1,Merrimack - Foote
2NH2,Litchfield - Westport
2NH3,Bow - Scott
2NH4,Plymouth - Speare Meml Hospital
2NH5,Westmoreland - Pilgrim'S Home
2NH6,Loudon - Speedway Northside
2NJ1,Pattenburg - Jugtown Mountain
2NJ3,Pennington - Weidel/Pvt
2NJ4,Jackson - Adventure
2NJ5,Phillipsburg - Sanduff Farms Landing
2NJ6,Phillipsburg - Markle
2NJ7,Piscataway - Foley Machinery
2NJ9,Bayonne
2NK1,Canisteo - Gaskin
2NK3,Orient - Rose
2NK5,North Bay - Eagles Eye
2NK6,Springville - Bertrand Chaffee Hospital
2NK7,Walton Apt
2NK8,Whitestone - Landmark Plaza
2NK9,Modena - Old Orchard
2NM9,Corona - High Desert Ranch
2NR2,Clarkton - Elkins
2NR4,Apex
2NV2,Sparks - Gibb Ranch
2NV3,Mesquite - 55
2NV8,Pahrump - Mercy Air
2NY0,South Cairo - Catskill Valley
2NY2,Chester - High View Too
2NY4,Byron - Sackett Farms Airstrip
2NY5,Rochester - Strong Meml Hospital
2NY6,Middletown - Slate Hill
2NY7,Addison - Towner Farm
2NY8,Alligerville - Benbyre Farm
2NY9,Alpine - Meml
2O1,Quincy - Gansner
2O3,Angwin
2O6,Chowchilla
2O7,Independence
2O8,Hinton
2OA1,Bristolville - Bristol Airstrip
2OA2,Midland - Mackie'S
2OA4,Donnellsville - Victory
2OA5,Marysville - Fl-Airfield
2OA6,Cambridge - Hilltop
2OA7,Felicity - Utter
2OG2,Central Point - Erickson Air-Crane Whetstone
2OG3,Lake Oswego - Wiley'S
2OG4,Fields - El Rancho
2OG5,Willamina - Mendenhall Airstrip
2OH0,Kilbourne - Bohannan
2OH1,Port Clinton - Magruder Meml
2OH2,Staunton - Merritt
2OH3,Seaman - Adams County
2OH4,Shauck - Cedar Creek
2OH5,Dayton - Childrens Medical Center
2OH6,Troy - Smith
2OH7,Collinsville - Pfeiffer
2OH8,Derby - Port-O-John
2OH9,Waynesville - Club
2OI2,Waynesville - Air Jordan
2OI4,Westfield Center - Crazy Bob'S
2OI6,Columbus - University Hospital
2OI8,Mansfield - Airways
2OK,Alaska Hospital
2OK0,Marlow - Vr Airstrip
2OK1,Milburn - Mercury Ranch
2OK2,Midwest City - Twin Lakes
2OK3,Blanchard - Rock Ridge
2OK4,Mounds - Ragwing Acres
2OK5,Mountain View - Ferrell Ranch
2OK6,Vinita - Ratcliff Ranch
2OK7,Newcastle - Cole Landing Area
2OK8,Sulphur - Gray Ranch Company
2OK9,Piedmont - Caribou
2OL2,Bixby - Myers
2OR0,Oregon City - Nielsen
2OR1,Antelope - Big Muddy Ranch
2OR3,Jefferson - Davidson
2OR4,Oakland - Heavens Gate Ranch
2OR6,Ironside - Lockhart
2OR7,Sweet Home
2OR9,Portland - World Trade Center
2P2,Washington Island
2P7,St Clairsville - Alderman
2PA0,Mechanicsburg - Donagher Residence
2PA1,Lackawaxen - Boehm'S
2PA2,Auburn - Hillview
2PA3,Lake Ariel - Marici
2PA4,Lakewood - Boden
2PA5,Port Allegany - Johnson
2PA6,Shartlesville - Aerodrome
2PA7,Landisburg - Egolf
2PA8,Landisburg - Shulls
2PA9,Lansdale - Wilson
2PN0,Wattsburg - Strawberry Acres
2PN1,Westfield - Swift Aero
2PN2,Shrewsbury - Fortman
2PN3,York Springs - Market Garden
2PN4,Stoystown - Quemahening Flightpark
2PN5,Woodbury - Baker Sell
2PN7,Zelienople - Fisher Family Farms
2PN9,Radnor - Sun Company
2PR9,San Juan - Centro Medico
2PS2,York - Upmc Meml Hospital
2PS3,York Springs - Mathna
2PS4,Lancaster - Wgal-Tv
2PS5,Shamokin - Rosini Residence
2PS6,Bellefonte - Sci Benner Township
2PS9,Philadelphia - Center
2Q0,Hartsville - Flying W
2Q9,Dyer
2R0,Waynesboro
2R1,Jeanerette - Le Maire
2R2,Indianapolis - Hendricks County-Gordon Graham
2R3,Kenai - Island Lake
2R4,Milton - Peter Prince
2R5,St Elmo
2R6,Bunkie Muni
2R7,Franklinton
2R9,Kenedy
2RR,River Ranch
2S0,Twisp
2S1,Vashon
2S2,Beaver Marsh
2S4,Warden
2S5,Waterville
2S6,Newberg - Sportsman
2S7,Chiloquin
2S8,Wilbur
2S9,South Bend/Raymond/ - Willapa Harbor
2SC3,Hilton Head - Melrose Landing
2SC4,Hilton Head - Salty Fare Landing
2SC5,Waterloo - Ridgewood Air
2SC6,Columbia - Sled
2SC7,Mcclellanville - Laurel Hill Farms
2SC8,Gaston
2SC9,Kingstree - Mcintosh
2SD0,Nemo - Paradise Valley
2SD1,Sioux Falls - Mc Kennan Hospital
2SD2,Bonesteel - Pepper Port
2SD3,Roscoe - Strouckel Farm
2SD4,Mount Vernon - Nicolaisen
2SD5,Sturgis
2SD6,Sioux Falls - Of
2SD7,Hurley - Dangel
2SD8,Sioux Falls - Prairie
2SD9,Ipswich - Tc
2T1,Muleshoe
2T2,Watson - Percival Springs
2T7,Tecumseh - Van Camp'S
2TA0,Burnet - Shale Valley Ranch
2TA1,Lufkin - Gravco
2TA2,Mesquite The
2TA3,Pine Springs - Triangle Ranch Private
2TA4,Sealy - Mario'S
2TA6,Fairfield - Pyramid Ranch
2TA8,Encino - El Coyote Ranch
2TA9,Carta Valley - Mafrige Ranch Inc
2TE0,Brazoria - Eagle Air Park
2TE2,Fort Worth - Flying Oaks
2TE3,Aubrey - Weems Farm
2TE4,El Campo - Frels
2TE5,Flatonia - Piano Ranch
2TE6,Karnes City - Burris Ranch
2TE7,Post - Beach Ranch
2TE8,Langtry - Stand Fast
2TE9,Cuero Community
2TN0,Memphis - Hospital Wing
2TN1,Ripley - Lauderdale Community Hospital
2TN2,Hickory Valley - Wings
2TN3,Lewisburg - Rocky Acres
2TN4,Millington - Shoemaker-Shelby Forest
2TN5,Athens Medical
2TN6,Nashville - Hospital
2TN7,Kingston - Wolf Creek
2TN8,Dowelltown - Soggy Bottom
2TN9,Union City - Baptist Meml Hospital
2TS0,Denton - Myska
2TS1,Mount Pleasant - Titus
2TS2,Harlingen - Farms
2TS3,Waco - Tigerbird
2TS4,Malakoff - Circle R Ranch
2TS5,Paducah
2TS6,Paris - Ae139
2TS7,Weatherford - Jamak Fabrication
2TS8,Stockdale - Bailey
2TS9,Wills Point - Mcbee
2TX,Salado
2TX0,Amarillo - Blue Sky
2TX1,Elmendorf - Russell Paradise
2TX2,Hico - Ray Smith Farm
2TX3,Brackettville - La Fonda Ranch
2TX4,Encinal - Lewis Ranch
2TX5,Gatesville - Mcgregor
2TX6,Idalou - Everitt
2TX7,Justin - Jw
2TX8,Krum - Eagle'S Landing
2TX9,San Saba - Buzzard Creek Airstrip
2U0,Prairie
2U4,Rockford
2U5,Shearer
2U7,Stanley
2U8,Stanley - Thomas Creek
2UT,Hooper - Fremont Island Upper
2UT2,Duck Creek Village - High Meadow Ranch
2UT3,Brigham City - Fort Ranch
2UT4,Heber City Valley
2UT5,New Harmony - Charlevoix
2V5,Wray
2V6,Yuma Muni
2VA,Larchwood - Zangger Vintage
2VA0,Moneta - Red Birds Airyard
2VA1,Edwardsville - Jett
2VA2,Surry - Melville Airstrip
2VA3,Amelia Court House - Merlin Aerodrome
2VA4,Winchester Medical
2VA5,Urbanna - Rosegill Farm Airstrip
2VA6,Saluda - Nimcock
2VA7,Virginia General
2VA8,Holland - Brandywyne Farms
2VA9,Smithfield Riverside
2VE2,Las Vegas - Spring Valley Hospital
2VG2,Upperville
2VG3,Harrisonburg - Linville-Edom
2VG5,Virginia Beach - Breeden Company
2VG7,Orange - Seven Gables
2VG8,Warsaw - Folly Neck
2VG9,Williamsburg Rgnl
2VI2,Kenai - Redoubt View
2VT2,Alburg - Northern Lights
2W1,Cle Elum - De Vere
2W2,Westminster - Clearview
2W3,Eatonville - Swanson
2W5,Maryland
2W6,Leonardtown - St
2WA0,Greenwater - Pcfd Nr 26
2WA1,Sequim - Diamond Point Airstrip
2WA2,Royal City - Red Rock
2WA3,Friday Harbor - Stuart Island
2WA4,Bainbridge Island
2WA5,Grand Coulee Medical
2WA6,Grand Coulee - Rice
2WA7,Centralia Providence
2WA8,Harrington - Kramer Ranch
2WA9,Huntsville - Touchet Valley
2WI0,Rothschild - Bender
2WI1,Stoughton - Uff-Da
2WI2,Oshkosh Aurora
2WI3,Milwaukee
2WI4,Springfield - Plows & Props
2WI5,Mercer - Blair Lake
2WI6,Stoughton - Matson
2WI7,Mount Vernon - Hecklers Strip
2WI8,Oostburg - Davies
2WI9,Oxford - Bulldog Ranch
2WN2,Cumberland - Silver Lake
2WN3,New London - Curns
2WN4,New London - Mcfaul
2WN5,Necedah - Murmuring Springs
2WN6,Granton - Cunningham
2WN7,Fisk - Planeacres
2WN8,Omro - Oshkosh Sky Ranch
2WN9,Goldendale - Hillcrest
2WS2,Webster - Connors Lake Landing
2WS3,Greenleaf - C R Acres
2WS4,Janesville - St
2WV2,Clarksburg - Center
2WV3,Elizabeth - Hales Landing
2WV5,Union - Willow Bend
2WV6,West Virginia State
2WY3,Merna - Haas
2WY8,Cody - Bar Flying E
2X2,Willow Spb
2XA0,Crowell - Foard County
2XA1,Cotulla - Great Horizon Ranch
2XA2,Danbury - Knape
2XA3,Cypress North
2XA4,Collinsville - Flying S Ranch
2XA5,Lockhart - Someday Ranch
2XA7,Longview - Tailwheel
2XA8,Fairfield - Air Evac 53
2XA9,Sweetwater - Rolling Plains Hospital
2XS0,Brownsville - Columbia Valley
2XS1,Johnson City - Harris Ranch
2XS2,Carrizo Springs - Indio-Faith
2XS3,Athens - Glad Oaks
2XS4,Bells - Skida Patch
2XS5,Twin Sisters - Cross Triangle Ranch
2XS6,Utopia - Foster Ranch
2XS7,Uvalde - Annandale Ranch
2XS8,Uvalde - Benson Airstrip
2XS9,Uvalde
2Y1,Radcliffe - Drake
2Y3,Yakutat
2Y4,Rockwell City
2Z2,Eureka Creek
2Z3,Eva Creek
2Z5,Fairbanks - Chena River
2Z6,False Island
30AK,Kenai - Doyle Estates
30AL,Danville - Med Flight 2
30AR,Greers Ferry - Phalanx
30AZ,Tucson - Kielberg Canyon
30CA,Greenville - Plumas Hospital District
30CL,Long Beach Meml
30CN,Barstow Air
30CO,Guffey - Desiderata Ranch
30F,Lake Dallas - Lakeview
30FA,Florida Lake
30FL,Palatka Hca
30GA,Flovilla - Cox
30GE,Danielsville - Papas Place
30ID,Hailey - 4Z Ranch
30IL,Flora - Clay County Hospital
30IN,Mulberry - Drago Air
30IS,Genoa - Aero Lake Estates
30K,Ingalls
30KS,Hutchinson - Flugplatz
30KY,Monticello - Wayne County Hospital
30LA,Venice Heliport
30LL,Chapin - Williams Airpark
30LS,Broussard - Rotorcraft
30M,Tunica - Ralph M Sharpe
30MA,Clinton Hospital
30ME,Augusta - Togus Va Lz
30MI,Buchanan - Wolverton
30MN,Albert Lea Mayo
30MO,Lebanon - Matzie
30MT,Helena Nistler
30NC,Advance - Riverside Farm
30NE,Nebraska Nebraskaland
30NJ,Hopewell - Hillside Farm
30NM,Sedan - Crusader
30NR,Elizabethtown - Zone
30NY,Canadice - Coye
30OK,Kingfisher Mercy
30OR,Vernonia - Bero
30PA,Stahlstown - Nolnacs
30PN,Pittsburgh Children'S
30SD,Aberdeen - Barber
30TA,Georgetown - Tri-Modal Air Park
30TE,Ralls - Cone
30TN,Nashville - Center
30TS,Lockhart - Roland Ranch
30TX,Stonewall - Burg Lake Aero
30VA,Richlands - Center
30WA,Waitsburg - Weller Canyon
30WI,Chambers Island
30XA,Aubrey - Magnolia
30XS,Gonzales
31AK,Fairbanks - Dalrymple'S
31AL,Slocomb - Old Chipley Helo
31AR,Clinton - Van Buren County
31AZ,Benson
31CD,Colorado City - Diamond Star Ranch
31CL,Whittier - Pih Health
31CO,Wray - Whomble
31D,Irwin - Inter County
31E,West Creek - Eagles Nest
31FA,Oxford - Ranch
31FD,Florida State
31FL,Melbourne Forever
31GA,Atlanta - Wanf-Tv
31GE,Gordon - Tailwind Ranch
31ID,Sandpioint - Thunder Ridge
31II,Rising Sun - Herbs
31IN,Lafayette - Timber House
31IS,Havana - Mason District Hospital
31KS,South Hutchinson - Mills
31KY,Paris - Wild Blue
31LA,Iota
31LL,Oregon - Wilco
31LS,New Iberia - Helicopter Mgmt
31MA,Belchertown - Norm'S
31MD,Berlin - Agh
31MI,Evart - Meemos Farm
31MN,Pine Island - Kruger Aviation
31MO,Bolckow - Hannah
31MT,Great Falls - M
31NC,Huntersville - Nh Hmc
31NE,Crofton - Grimm Farm
31NH,Northwood - Johnson
31NJ,Cherry Hill
31TA,The Woodlands Houston
31TN,Lawrenceburg - Crockett Hospital
31TS,Greenville - Flyers
31TX,Waco - Scott
31UT,Herriman - Kyle Norman
31VA,Smithfield - Aberdeen
31WA,Tacoma - Mary Bridge
31WI,Iola - Oslo Corners
31WN,Berlin Llc
31XA,Llano - Indian Falls Ranch
31XS,Merit - Fly-N-Ski
32A,Danville Muni
32AK,Fairbanks - Hardrock
32AL,Huntsville - Ses
32AR,Stuttgart Meml
32AZ,Scottsdale Hh
32CA,Lemoore - Stone Airstrip
32CL,Knights Landing - Bob'S
32CO,Penrose - Braun
32FA,Okeechobee - Sunset Strip
32FL,Florida Waterman
32GA,Eatonton - Sebastian Cove
32ID,Fairfield - Chimney Creek
32II,Vevay - Roberts
32IL,Tamms
32IN,Rising Sun - Scudder
32IS,Kilbourne - Baker
32KS,Healy - Wilkens
32KY,Edgewood - Center
32LL,Cordova - The Sandbox
32LS,Ponchatoula - Stevens Strip
32MA,North Adams - Berkshire Medical Center
32MD,Sudlersville - Roseland
32MI,Royal Oak - William Beaumont Hospital
32MN,Watkins - Don'S
32MO,Fredericktown - Phillips
32MS,Foxworth - Browns Landing
32MT,Twin Bridges - Vbob
32NC,Parkton - Hall
32NE,Dunning - Ginn Ranch
32NH,Wentworth - Lumberjack
32NJ,Farmingdale - George Harms
32NK,Suffern - Ranch Estate
32NR,Mooresville - Sandy Creek
32NV,Henderson Hospital
32OH,Mansfield - Rall
32OK,Hydro - South
32OR,Wamic - Pine Hollow
32PA,Shermans Dale - Yost Personal Use
32PN,New Brighton - Black Rock
32S,Stevensville
32TA,Harwood - Flying W Ranch
32TE,Willis - M-4
32TN,Winchester Southern
32TS,Austin - H-4
32TT,Ovalo - The Mesquite Bean
32TX,Kent - Rockpile Ranch
32VA,Abingdon - Old
32WA,Orondo - Ross
32WI,Hortonville - Dalonia
32WN,Suring - Bowman Airstrip
32WS,Osceola - Lisas Landing
32WY,Etna - Double L Ranch
32XA,Odessa - Medical Center Hospital
32XS,Midlothian - Cedar Circle
33A,Landrum - Fairview
33AK,Nugget Bench
33AL,Alexander City - Russell Medical
33AR,Greers Ferry - Skypoint Estates
33AZ,Camp Wood - Yolo Ranch
33CA,Sonora Medical
33CL,Paso Robles - Oak Country Ranch
33CN,Carpinteria - Platform Hillhouse
33CO,San Luis - Melby Ranch Airstrip
33CT,Bethlehem - Irish Hills Farms
33FA,Okeechobee - Russakis Ranch
33FD,Mayo - R O Ranch
33FL,Kenansville - Flying S Ranch
33GA,Carnesville - Hudson River
33IA,Farms Marine
33ID,Fairfield - Ozzy'S
33IL,Clinton - John Scharff
33IN,Palmyra - Rusby
33IS,Findlay - Howell
33J,Geneva
33K,Kinsley
33KS,Topeka - Buena Terra
33KY,Utica - Bigger Stol
33LA,Youngsville - Sky Ranch
33LL,Wheeler - Isley
33M,Water Valley
33MA,Manchester - Seagate
33MI,Reed City Corewell
33MN,Hinkley - Zenith Landing
33MO,Hannibal Rgnl Hospital
33MS,Purvis - Freedom Strip
33N,Delaware Airpark
33NC,Lucama - Easley Acres
33NE,Hay Springs - Orr Ranch
33NH,Henniker - Bear Hill
33NJ,Freehold - Center
33NR,Mars Hill - Skyline Peak
33NY,West Coxsackie - Wayne Delp
33OA,Liberty Township
33OH,Jerome - Sunset Strip
33OI,Chatham Township - Soaring Horse
33OK,Edmond - Myrick
33OR,Elmira - Crow-Mag
33PA,Wexford Allegheny
33PN,Jessup - Center
33R,Groveton
33S,Ritzville - Pru
33SC,Florence - Triad Carolinas Hospital
33TA,Montgomery - Lake Bonanza
33TE,Pottsboro - Donna
33TN,Cleveland - Bradley Meml Hospital
33TS,Caldwell - Burleson County Hospital
33TX,Houston - Tsj
33U,Dutch John
33UT,Saratoga Springs
33V,Walden
33VA,Halifax - Fox Fire
33VT,Williamstown - Sky View Acres
33WA,Warden - Franz Ranch
33WI,Green Bay - St
33WV,Westover - Healthnet One
33WY,Etna - Skidmo
33XA,Royse City - Poetry Landing
33XS,Hemphill - Department
34AK,Palmer - Cardwell Strip
34AL,Wilsonville - Gaston Steam Plant
34AR,Marked Tree - Woodbridge
34AZ,Yuma Rgnl Medical Center
34CD,Allenspark - Elk Park Ranch
34CL,Burney Service
34CN,Snelling - Bonanza Hills
34CO,Aurora - Simons
34FA,Rockledge - Gezik
34FD,Oakhill - Blue Ridge Flightpark
34FL,San Mateo - Bncfl
34G,Tecumseh - Merillat
34GA,Austell - Cobb General Hospital
34IA,Russell - Beck
34ID,Cavendish - Freeman Creek
34II,Anderson - Burk Personal Use
34IL,Lewistown - G Bray
34IN,Fort Wayne - Old Glory
34IS,Marseilles - Jim Wehrli
34JY,Atlantic City - Borgata Casino
34KS,Wichita - Joseph
34KY,Auburn - Lone Pine Aerodrome
34LA,De Ridder - Swamp Smith
34LL,Sumner - Lawrence Correctional Center
34LS,Lacombe - Hospital
34M,Campbell
34MA,Manchester-By-The Sea - Crowhurst
34MI,Spring Lake - De Witt Property
34MN,Baudette - Lakewood Health Center
34MO,Hannibal - Cyanamid
34MS,Gautier - Colle
34MT,Clyde Park - Crazy Mountain Ranch
34NC,Charlotte - Carolinas Medical Center
34ND,Davenport - Plath Farms
34NE,Hershey - Evans Ranch
34NH,Milford - Stone Song
34NJ,Bridgeton - Blews
34NK,Lockport Chs
34NY,Waterloo - Horizon Air
34OH,Mark Center - Arend
34OI,Shreve - Mohican
34OK,Hennessey - Haymaker
34OR,Portland Providence
34PA,Gettysburg - Waltz
34PN,Newport - Fox
34PS,Pocono Manor - Kalahari
34R,Hallettsville
34SC,Kingstreee - Toms Creek
34TA,Princeton - Jsi
34TE,Maypearl - Bee Creek
34TN,Livingston Hospital
34TS,Canyon Lake
34VA,Leesburg - Inova Loudoun Hospital
34WA,Washougal - Orbit
34WI,Baraboo - Thiessen
34XA,Austin - Dell Childrens
34XS,Conroe - Flying Hare
35A,"Union County,"
35AK,Willow - Poker Bluff
35AL,Citronelle - Silcox Meml
35AR,Searcy - Sweet Springs
35AZ,Sunizona - Lima Hana Fld
35C,Rockford - Wells
35CA,Los Angeles County/Usc
35CL,Merced - Flying M Ranch
35CN,Newman - Cat Ag Air
35CO,Punkin Center - Lone Tree Ranch
35D,Allegan - Padgham
35FA,Cross Creek - Rimes Lakecrest
35FD,Trenton - Rush
35FL,Jacksonville - St
35GA,Buford
35IA,De Witt - Frazier
35ID,Salmon - Bluebird
35II,Goshen - Brown
35IL,La Moille - 7Th Heaven
35IN,Tipton - Ellison
35IS,Findlay - Enoch
35JY,Belle Mead - Spot
35KS,Derby - Selby Farm
35KY,Franklin - Welcome
35LA,Abbeville - Ms Pats
35LL,Robinson - Crawford Meml Hospital
35LS,St Francisville - The Bluffs
35MA,Beverly - Idlewile
35ME,Matinicus Island
35MI,Vermontville - Law
35MN,Inver Grove Heights - Wipline
35MO,Nevada - Camp Clark Ahp
35MT,Billings - Haynes Ranch
35MU,Louisiana - County
35NC,Mooresville - Johnston
35NE,Ogallala - Shelburnes
35NH,Windham - Cobbetts Pond
35NJ,Somerville - Mid-State
35NK,Lyndonville - Airborne Acres
35NR,Mars Hill - Friendship
35NY,Centre Island - Kleinman
35OH,Massillon - Gainey
35OK,Dover - Haymaker Private
35OL,Mooreland - Henderson
35OR,Redmond - Freight Wagon
35PA,Everett - Upmc Bedford Meml
35S,Wasco State
35SC,Camden - Center
35TA,Texas Plano
35TE,Fredericksburg - Wieser Angus Ranch
35TN,Smithville - Dekalb Community Hospital
35TS,Hempstead
35TT,Godley - Hawkins
35TX,Abilene - Airstrip
35VA,South Hill - Community Meml Hospital
35WA,Washtucna - Fisher Ranch
35WI,East Troy - Barker Strip
35X,Decatur - Triple-Ace
35XA,Livingston - Rcade Ranch
35XS,Nocona
36AA,Sawyerville - Pad
36AK,Wasilla - Flyway Farm Airstrip
36AL,Ozark - Hidden Springs
36AR,Gregory - David Stanley Meml
36AZ,Eloy - Exceptional Community Hospital
36CA,Stratford - Stone Land Company
36CL,Oceanside - Tri-City
36CN,Lost Hills - Inc
36CO,Peyton - Fat Chance
36FA,Kissimmee - Orlando Helicopter Adventures
36FL,Safety Harbor - Mease Countryside Hospital
36GA,Conyers - Lola Landing
36H,Squaw Harbor
36IA,Beaman - Tonner
36ID,Atlanta - Dorothy Roeber Meml
36II,Brownsburg - Newby Landing
36IL,Batchtown
36IN,North Liberty - Peterson
36IS,Monmouth - Gillen
36K,Lakin - Kearny County
36KS,Galesburg - White Farms
36KY,Springfield - Arnolds
36LL,Hardin Village
36MA,Boston - Center
36ME,Camden
36MI,Muskegon - Trinity Health Campus
36MN,New Trier - Backstrom
36MO,Rolla - Harrison Pvt
36MS,Leland - Edwards 1
36MT,Grass Range - 16 Ranch
36NC,Hickory - Fly Sky
36NE,Wausa - Frevert Airstrip
36NH,Pelham - Long Pond Landing
36NJ,Cassville - Colliers Mills
36NR,Ahoskie - Chowan
36NY,Massena Substation
36OH,Conesville - Wright
36OI,Continental - Verhoff
36OK,Tecumseh - Jones Air Park
36OR,Springfield/Jasper
36PN,Us Reserve Center Army
36S,Happy Camp
36TA,San Antonio - G W
36TE,Houston - Nw Police
36TN,Clarksville - Ruckman
36TS,Georgetown - 4Bh
36TX,Whitesboro - Bevoni-Flying B
36UT,Park City
36VA,Hardy - Carilion Westlake Center
36VT,North Hero
36WA,Trout Lake - Bob'S
36WI,Holmen - Holland Air Park
36XA,San Marcos Central
36XS,Wellington - Mill Iron Ranch
37AL,Pell City - Veterans
37AR,Ponca
37AZ,Coolidge - Sarita
37CA,Temecula - Billy Joe
37CL,Escondido - Lyall
37CN,Grimes - Cecil Ranch
37CO,Olathe - Ash Mesa
37F,Munday
37FA,Orlando Advent
37FD,Spring Hill - Njoy Spirits Distillery
37FL,Bell - Flying Harness Farms
37GA,Crandall - Blue Bird
37IA,De Witt - Nemo
37ID,Grangeville - Hungry Ridge Ranch
37II,Culver - Winn
37IL,Lincoln - Minder
37IN,Stockwell - Felix
37IS,Marengo - Hilbert
37KS,Lindsborg
37KY,Lexington - Uk Hospital
37LA,Clayton - Wayne Brown
37LL,Modoc - Dale Curten Farm
37LS,New Iberia - Intl
37M,Hornersville
37MA,Wilbraham - Hanson
37MI,Oxford - Handleman Sky Ranch
37MN,Redwood Falls Carris
37MO,Polo - Mayes Homestead
37MS,Clinton - P2 Landing
37MT,Ennis - Yellowstone
37N,Riverdale - Garrison Dam Recreational
37NC,Valdese
37ND,Dunn Center - Sunset Strip
37NE,Burr - Watermeier
37NH,Hooksett Hooksett'S
37NJ,Deepwater
37NR,Franklin - Angel Medical Center
37NY,Cuba Meml
37OH,Middleburg Heights - Southwest General Hospital
37OI,Crestline - Cole
37OK,Ada - Mercy Hospital
37OR,Starkey - Vey Sheep Ranch
37PA,Middleburg - Roadcap
37PN,Hanover Upmc
37S,Fort Peck
37T,Calico Rock
37TA,Texas Dallas
37TE,Hitchcock - Freyer
37TN,Sweetwater Univ
37TS,Greenville - Jlinn
37TX,San Saba - Yates
37V,Arapahoe
37VA,Richmond - St
37VT,Shoreham - Brisson
37WA,Washtucna - Baumann Farm Inc
37WI,Mount Horeb - Docken Fld
37XA,Waller - Houston
37XS,Whitney Lake
38AK,Wasilla - Mels
38AL,Hurtsboro - Sawtooth Plantation
38AR,Siloam Springs - Williams
38AZ,Prescott - Exceptional Community Hospital
38C,Stanwood - Cain
38CA,Wasco - Cashen
38CL,Verona - Riego Flight Strip
38CN,Meridian - Sanborn
38CO,Naturita - Basin Clinic
38D,Salem Airpark
38FA,Lake Wales Dyer
38FD,Frostproof - Griffins Main Office
38FL,St Augustine - Flagler Hospital
38GA,Gainesville - Lanier Park Hospital
38GE,Monroe - Sec
38I,Urbana - Cook
38IA,Estherville - Garys
38ID,Nampa - Sky Ranch
38II,Greencastle - Hampton
38IL,Dana - Hamer Rla
38IN,Brownsburg - Fuller
38IS,Nauvoo - Winchester
38K,Lucas
38KS,Kechi - Savute
38KY,Williamstown - Elizabeth Healthcare Grant
38LA,Ville Platte - Whiteville
38LL,Granite City - Gateway
38LS,Parks - Ace Flying
38MI,Allegan - Chicora
38MN,Delano - Root Beers Float
38MO,Annada - Barber
38MS,Isola - Yellow Dog
38MT,Hamilton - Av8-Orr Helicopters
38MU,Carthage Mercy
38N,Smyrna
38NC,Ruffin - Bhh Aviation
38ND,Erie - Schroeder Private
38NE,Henderson - Boardman Aerial
38NJ,Manahawkin - Wjrz Radio
38NY,Dundee - Greenlawn Farm
38OH,Baltimore - Industry Air Park
38OI,Darbyville - Ronshausen
38OK,Duncan
38PA,Solebury - Aerequus
38PN,Mc Kean - Waisley
38S,Deer Lodge
38SC,Gaffney - La
38TA,Burnet - Ascension Seton Highland
38TE,Houston - John S Dunn
38TN,Westmoreland - Sugar Grove
38TT,Campbell - Olympus
38TX,Dallas - Clements
38U,Loa - Wayne Wonderland
38UT,Coalville - Hoytsville
38VA,Appomattox - Three
38VG,Tazewell Carilion
38VT,Shelburne - Muddy Paw
38W,Lynden
38WA,Blakely Island
38WI,Royalton - Northport
38WT,Davenport - Northstar
38WV,Capon Bridge - River'S Edge Farm
38XA,Tyler - Walk-Air
38XS,Santa Elena - San Rafael Ranch
39AK,Palmer - Kroenke Strip
39AL,Chatom - Er
39AR,Lonoke - Eifling
39AZ,Scottsdale - Center
39B,Chesuncook - Nugent Chamberlain Lake
39CA,Cathedral City - District
39CN,Ukiah Adventist
39CO,Montrose - Flying M Ranch
39DE,Milford - Bayhealth Medical Center
39FA,Melrose - Sanders Ranch
39FD,Steinhatchee - Ancient Oaks
39FL,West Palm Beach Sheriff'S
39G,Avoca
39GA,Jesup - Wayne Meml Hospital
39IA,Dallas Center - Husband Fld
39ID,Kendrick - Getaway
39II,Topeka - Miller
39IL,Bloomington - Kieser
39IN,Sulphur Springs - Roberts
39IS,Streator - Hagi Landing Area
39K,Lyndon - Dragoon Creek
39KS,Parsons - Papas Dream
39KY,Somerset - Lake Cumberland
39LA,Chataignier - Whitaker
39LL,Hamilton - Sullivan
39MD,Leonardtown - Barton Hall
39ME,Maine Coast
39MI,Crystal Falls - Huber
39MN,Two Harbors - Anthony Private
39MO,Springfield - Gardner
39MS,Clinton - Benton Farms
39MT,Helena - Flying E Ranch
39N,Princeton/Rocky Hill
39NC,Rutherfordton - Rebel
39NJ,Totowa - Troop B
39OH,Minerva - Crosswind Meadows
39OK,Goldsby - Paradise Air Haven
39OR,White City - Croman
39P,Morton - Strom
39PA,Waynesboro Wellspan
39PN,Mercer - Nelson'S Run
39PS,Harborcreek
39SC,Clover - Rizzy Ridge
39T,St Johns - Tripp Creek
39TA,Paris - Flying Tigers
39TE,Seminole Spraying
39TN,Big Sandy Airpark
39TT,Cleburne - Sugar Creek
39VA,Salem - Center
39WA,Tum Tum - Tailskid Ranch
39WI,Viola - J & B
39XA,Plano Childrens
39XS,Junction - Kimble Hospital
39Z,Fruitport - Flying-A-Ranch
3A2,Tazewell Muni
3A3,Wasilla - Seymour
3A4,Greensboro Exec
3A5,Yerington - Flying M Ranch
3A7,Eutaw
3A9,Arlington Muni
3AA3,Valdez - Cvtc
3AK,Yakutat - Dry Bay
3AK0,Ketchikan - Wolfe Point
3AK1,Eureka - Skelton
3AK2,Palmer - Niklason Lake Estates
3AK3,Talkeetna - Songlo Vista
3AK4,Kenai - Johnson
3AK5,Kenai - Drift River
3AK6,Palmer - Ranch
3AK7,Willow - Laub
3AK8,Wasilla - Boisselle
3AK9,Skwentna - River John
3AL0,Fayette
3AL1,Hartford - Flying H Ranch
3AL2,Opelika East
3AL3,Tuscaloosa Police
3AL4,Foley
3AL5,Jacksonville - Edwards Farm
3AL6,Odenville - Town & Country
3AL7,Talladega Infield
3AL8,Owens Crossroads - Flint River Ranch
3AL9,Cullman Medical
3AR0,Marianna - Frost Flying Inc
3AR1,Yellville - Pine Mountain
3AR2,Harrison - Ridgeway
3AR3,Cabot - Cypress Creek
3AR4,Cabot - Ranch
3AR5,Griffithville - Tripp Strip
3AR6,Little Rock - Crystal Ridge
3AR7,Lowell - Taylor
3AR8,Heber Springs - River Acres
3AR9,Paragould - Inc
3AU,Augusta Muni
3AZ0,Flagstaff Medical
3AZ2,Maricopa Apt
3AZ4,Phoenix - Hospital
3AZ5,Peach Springs - Hualapai
3AZ6,Sun City West - Center
3AZ7,Tempe The
3AZ8,Solomon - High Mesa
3B0,Southbridge
3B1,Greenville Muni
3B3,Sterling
3B4,Eliot - Seacoast
3B8,Spanaway - Shady Acres
3C1,Elkhart - Mishawaka Pilots Club
3CA1,Newport Beach
3CA2,Irvine - Jamboree Center Helistop
3CA3,Colusa - Behring Ranch
3CA5,West Hollywood
3CA6,Los Angeles - Llc
3CA7,Greenfield - Metz
3CA8,San Fernando - Center
3CA9,Soledad - Clark Ranch
3CK,Chicago/Lake In The Hills
3CL0,Sacramento - Ii
3CL1,Los Angeles - Metro
3CL2,Red Bluff - Meadow Airstrip
3CL3,Long Beach - World Trade Center
3CL4,Pasadena
3CL5,Los Angeles - Chase Plaza
3CL7,Los Angeles - Oca
3CL9,San Buenaventura - Sce Northern Division
3CM,Bay City - James Clements
3CN2,Santa Barbara Cottage
3CN4,Anaheim Kaiser
3CN5,Los Angeles County
3CN7,Wilton - Alta Mesa
3CO0,Delta - Sky Island Ranch
3CO1,Hotchkiss - Cridler
3CO2,Sterling - Mertens
3CO3,Sterling Med
3CO4,Stonewall - Tercio Ranch Airstrip
3CO5,Texas Creek
3CO7,Elizabeth - Dietrichs
3CO8,Estes Park - C
3CO9,Victor - Meml
3CU,Cable
3D1,Crivitz
3D2,Ephraim
3DA,Flushing - Dalton
3DW,Springfield - Downtown
3E0,Miami Roberts
3EV,Evansville - Skylane
3EX,Excelsior Springs
3F2,Cisco
3F3,Mansfield - Williams
3F4,Vivian
3F5,Westphalia - Forest Hill
3F6,Paducah - Dan E Richards
3F7,Bristow - Jones Meml
3F9,Mineola
3FA0,Stuart - Club
3FA1,Tampa Adventhealth
3FA2,Wesley Chapel - Ranch
3FA3,Saint Cloud - Southfork
3FA4,Orlando - Helistop
3FA5,Osteen - Richard Kohler
3FA6,Bushnell - Sumter County Sheriff'S
3FA7,New Smyrna Beach - Flying 4 Ranch
3FA8,Tavares - Searey
3FA9,Orlando - Lake Nona
3FD0,Lake Placid - Last Chance Ranch
3FD1,Ocala - Ormc Trauma Center
3FD2,Leesburg Uf
3FD3,Melbourne - Holmes
3FD4,St John'S - Uf Durbin Helipad
3FD5,Orlando - Arnold Palmer Hospital
3FD6,Scottsmoor - Tradewinds Aerodrome
3FD7,Vero Beach - Hospital
3FD8,Boca Raton West
3FD9,Altamonte Springs - Lake Pvt Res
3FK,Franklin Flying
3FL,St Cloud
3FL0,Welaka - Mount Royal
3FL1,Dade City - Ranch
3FL2,Florida Hospital-Fish
3FL3,Ocala - Sheriff'S Operation Center
3FL5,Miami Seaquarium
3FL6,Spring Hill Bravera
3FL7,Destin - Coast
3FL8,Malone - Hart
3FL9,Fort Myers Healthpark
3FU,Faulkton Muni
3G2,Grygla
3G3,Wadsworth Muni
3G4,Ashland County
3G5,Camp Dawson (Kingwood)
3G6,Sebring - Tri-City
3G8,Geneseo - Gen-Airpark
3G9,Butler Farm
3GA0,Stockbridge - Grant
3GA1,Talbotton - Prattsburg
3GA2,Carrollton - Tanner Medical Center
3GA3,Lookout Mountain - Warren
3GA4,Union City - Stonewall
3GA5,Villa Rica - Diamond R Ranch
3GA6,Whitesburg - Erlen
3GA7,Rupert - Thomas Ridge
3GA8,Soperton - Cauley'S Airstrip
3GA9,Zebulon - Vintage
3GE1,Folkston - Okefenokee
3GE2,Stone Mountain - Williams
3GE3,Carnesville - Park
3GE4,Rising Fawn - Fox Mountain
3GE5,Conyers - Rockdale Hospital
3GE6,Douglasville - Wellstar Douglas Hospital
3GE7,Darien - Eden
3GE8,Lincolnton - Prater Ranch
3GE9,Albany - Phoebe
3GM,Grand Haven
3GV,Grain Valley - East Kansas City
3H3,Wasilla - Cottonwood Lake
3H4,Hillsboro Muni
3H5,Erie Air
3HO,Hobart Sky
3I2,Point Pleasant - Mason County
3I3,Terre Haute - Sky King
3I4,Richwood
3I7,Dayton Phillipsburg
3IA0,Washington Hospital
3IA1,Melbourne - Whites
3IA2,Jefferson - Center
3IA4,Missouri Valley - Robinson
3IA5,Marcus - Kerr
3IA6,Ottumwa Hospital
3IA9,Rake
3ID2,Weippe - The Last Resort
3ID3,Moscow - Estes
3ID4,Glenns Ferry - Health Center
3ID7,Kuna - Indian Creek Ranch
3IG3,Columbia City - Terry'S
3II0,Fremont - Murphy
3II1,Gosport - Shenandoah Flying
3II2,Griffin - Fifer
3II3,Woodburn - Basting
3II5,Medaryville - Stout
3II7,Aviation Support Facility Army
3II8,Bremen - Birkey Private
3II9,Arcola - Dick'S
3IL1,New Douglas - Silvercreek
3IL2,Kaskaskia - Idoc-Menard
3IL3,Stillman Valley
3IL4,Middletown - Maaks
3IL5,Wyoming - Meaker
3IL6,Pinckneyville Correctional
3IL7,Benson - Koehler
3IL8,Gridley - Kuntz
3IL9,Atlanta - Alekat Acres
3IN0,Portage - Flying M
3IN2,Point Isabel - Dupouy
3IN3,Brazil - Turner Farms
3IN4,Markle - Johnson
3IN5,Albion - Pippenger
3IN6,New Washington - Holloway
3IN7,South Bend - Chain-O-Lakes
3IN8,Culver - Ddt
3IN9,Mount Vernon - Culley Acres
3IS1,Blue Mound - Mc Coy
3IS2,Roseville - Earp
3IS3,Blue Mound - Noland Farms
3IS4,Hanover - Merkle
3IS5,Pawnee - Holmes Southeast
3IS6,Bonnie - Davy Jones Private
3IS7,Wenona - Foote
3IS8,Bradford - Rinkenberger
3IS9,Grand Tower
3J0,Hampton County
3J1,Ridgeland
3J6,Folkston - Davis
3JA,Yates Center
3JC,Junction City - Freeman
3JY2,Parsippany-Troy Hills - Cherry Hill
3JY6,Millville - Paramount
3K3,Syracuse Hamilton
3K4,Meade - Borth
3K7,Leoti - Mark Hoard Meml
3K8,Coldwater - Comanche County
3K9,Wasilla Upper
3KK,Kankakee
3KS0,Topeka - Stormont-Vail Hospital
3KS1,Baileyville - Hunninghake Aerial
3KS2,Arkansas City - Munson
3KS3,Udall - Rogers
3KS4,Ulysses - Eveleigh Farms
3KS5,Valley Center - High Point
3KS6,Manhattan - Mercy
3KS7,Valley Center - Bair-Langer
3KS8,Altamont - Reed-Wilsonton
3KS9,Ulysses - Tri Rotor
3KY0,Winchester - Renick
3KY1,Utica - Goode
3KY2,Lexington - Signature
3KY3,Taylorsville - Mason Valley
3KY4,Carrollton - Craw Daddy Landing
3KY5,Carrollton - Carroll County Hospital
3KY6,South Williamson
3KY7,Lexington - Sunbright
3KY8,Covington - Fidelity
3KY9,Shelbyville - Miles
3L2,Sandy Valley - Sky Ranch
3L7,Lincoln - Milwrick Flying M
3LA0,Kaplan - Harrington Flying Service
3LA1,Kinder - Wilder
3LA3,Baton Rouge - La Coste Construction
3LA4,Grand Chenier - Little Pecan Island
3LA5,Zachary - Lane
3LA6,Lake Charles - 2
3LA7,Broussard - Variable Bor Ram
3LA8,Lake Charles - Open A-1 Ranch
3LA9,Lake Charles - Morgan Crop Service
3LF,Litchfield Muni
3LL0,South Beloit - Miller
3LL1,Marissa - Herschel Hunter
3LL2,Geneseo - Hammond-Henry Hospital
3LL3,Marshall - Kibler
3LL4,Spring Grove - Pillow Hill
3LL5,Spring Grove - Richardson
3LL6,New Athens - Bickel
3LL8,Mc Leansboro
3LL9,Pocahontas - Compton
3LS3,New Orleans - Jefferson
3LS7,Williamsville - Bock Farms
3LS8,Folsom - The Place
3M0,Lakeview - Gastons
3M5,Huntsville - Moontown
3M7,Lafayette Muni
3M8,Reform - North
3M9,Warren B
3MA0,Woburn
3MA1,Marlborough
3MA2,Middlefield - Baines
3MA3,Barnstable - Seapuit
3MA5,Westport
3MA7,Lynn - Gear Plant
3MA9,Marston Mills
3MD0,Frederick - Burhans Meml
3MD1,Clinton - Center
3MD2,Oakland - Garrett
3MD4,Annapolis - Fairview
3MD5,Hurlock - Hidden Hills
3MD6,Drayden - West St
3MD7,Baltimore - Green Terrace
3MD8,Cambridge - Pokety
3MD9,Ridge - Chandler
3ME7,Peru - Destiny Cove
3ME8,Naples - Mast Cove
3MI0,Lake George - Doss
3MI1,Harrietta - Volare
3MI2,Northport - South Fox
3MI3,Novi - Zayti
3MI4,Ludington - Meml Medical Center
3MI5,Leonard - Chetz Pad
3MI6,Highland
3MI7,Ortonville - Willie Run
3MI9,Rapid River - Ness Landing
3MN0,Annandale - Shadduck
3MN1,Princeton - Silver Creek Meadow
3MN2,Moose Lake - Mercy Hospital
3MN3,Appleton Hospital
3MN4,Westbrook - Rolling Hills
3MN5,Hackensack - Sunnyside
3MN6,Mankato - System
3MN7,Sabin - Blue Sky
3MN8,Cannon Falls
3MN9,Oster - Schumacher
3MO1,Kansas City - Facility
3MO2,Berger - Ultra Flight
3MO3,Kansas City - Research Med Cntr
3MO4,Portageville - Penman
3MO5,Carthage - Nimsick
3MO6,Kearney - Kitty Hawk Estates
3MO7,Bonne Terre - Kelly
3MO8,King City - Fizzle Ridge
3MS0,Port Gibson - Grand Gulf
3MS1,Holly Springs - Thomas
3MS2,Hernando - Desoto County Sheriff'S
3MS3,Flora - Root Hog
3MS4,Pascagoula Naval
3MS5,Vaiden - Mitchells
3MS6,Flora - E E Lane
3MS8,Scooba - Farms
3MS9,Union Muni
3MT2,Bozeman - Exceptional Community Hospital
3MT3,Ryegate - Three Cross Ranch
3MT4,Chinook - Maddox Ranch Company
3MT5,Anaconda Community
3MT6,Bozeman - Nistler
3MT7,Cascade Fld
3MT9,Philipsburg - Willow
3MY,Peoria - Mount Hawley Auxiliary
3N0,Namorik Atoll
3N1,Taora Is  Maloelap Atoll
3N6,Old Bridge
3N8,Mahnomen County
3NA0,Clifford - Erickson
3NA2,Washburn - Lorentzen
3NA6,Hamberg - Risovi Ranch Strip
3NC0,Morganton - Clyde Valley
3NC1,Boonville - Welborn Farm
3NC2,Raleigh - Garner Road
3NC3,Locust - Tucker
3NC4,Marshville - Mccomb
3NC5,Stony Point - Flying Bj
3NC6,Harrisburg - Mc Cachren
3NC7,Sparta - Maxwell
3NC8,Cashiers - Chinquapin
3NC9,Chapel Hill - Womble
3ND5,Oriska - Gage Flying Farmer
3ND6,Tuttle - Djr
3NE2,Hemingford - Phillips Private
3NE3,Holdrege - Wells
3NE5,Murdock - Mt
3NE6,Jamison - Burkinshaw
3NE7,Lakeside - Pawlet Ranch
3NE9,Lorenzo - Phelps
3NH2,Nelson - Flying Loon
3NH4,Portsmouth Hospital
3NH9,Alton - Longview
3NJ0,Bedminster - Club
3NJ1,Pemberton
3NJ2,Princeton - Educational Testing
3NJ3,Princeton - Inc
3NJ4,Princeton Sarnoff
3NJ5,Quakertown - Mock
3NJ6,Rancocas - Inductotherm
3NJ9,Vincentown - Allen Airstrip
3NK0,Brockport - Mc Kinney
3NK1,Harris - Catskill
3NK2,Cooperstown - Bassett
3NK4,Jamestown - Laska
3NK5,Plattsburgh - Secret Spot
3NK6,Tuscarora
3NK7,Gilboa/Grand Gorge - B/G
3NK8,Copake - B Flat Farm
3NK9,Elmira - Arnot Ogden Hospital
3NP,Napoleon
3NR3,Brevard - Transylvania Community
3NR4,Elizabeth City - Crabbe
3NR5,Hillsborough Unc
3NV1,Las Vegas - Desert Springs Hospital
3NY0,Charleston - The Ranch
3NY1,Canastota - Miller
3NY2,Astoria
3NY3,Springfield - De Ronda
3NY4,Fort Plain - Di Stefano
3NY5,Binghamton - Luke
3NY6,Duanesburg - Six Ponds
3NY7,Ephratah - Hiserts
3NY8,Calverton
3NY9,Niagara Falls - Center
3O1,Gustine
3O3,Purcell
3O4,Sayre
3O5,Walters
3O8,Coalinga - Harris Ranch
3O9,Afton - Grand Lake
3OA3,Oberlin - Pelton
3OA8,Bainbridge - Valley Vista
3OA9,Marysville - Meml Hospital
3OG3,Klamath Falls - Dillon
3OH0,New Carlisle - Andy Barnhart Meml
3OH1,West Alexandria - Morningstar North
3OH2,Mount Orab Air
3OH3,Athens Holzer
3OH4,Andover - Riceland Aerodrome
3OH5,Middletown Kettering
3OH6,Delphos - Youngpeter
3OH7,Cardington - My Place
3OH8,Gnadenhutten
3OH9,Wilmington - Merts
3OI6,Savannah - Vogel
3OI7,Sharonville - Valley Asphalt
3OI8,Maumee - Luke'S
3OI9,Pepper Pike - V J S
3OK,Wellston - Biggs
3OK0,Ada - Valley
3OK1,Okarche
3OK2,Hydro - Tk
3OK3,Locust Grove - Cedar Crest
3OK4,Oklahoma City - St
3OK5,Lindsay - Bearden Private Airstrip
3OK6,Beaver - Don Brown
3OK7,Sand Springs - Double W
3OK8,Sand Springs - Flying G Ranch
3OK9,Shawnee - Jazz Ranch
3OL8,Welch - Harrison
3OR0,Portland - Pge Service Center
3OR1,Brownsville - Cubehole
3OR2,La Grande - Maxwell Private
3OR5,Salem - Elkins
3OR8,Redmond - Park
3OR9,Juntura - Murphy Ranch
3P3,Mott
3PA0,Lebanon - Horst
3PA1,Lititz
3PA2,Hilltown - Philadelphia
3PA3,Schnecksville - Dr2
3PA4,Leraysville - Giffin
3PA5,Adamsburg - Davis Family Furniture
3PA6,Lewisburg - Fox Hollow
3PA7,Roaring Spring - Llc
3PA8,Lincoln University - Harris
3PA9,Line Lexington - Moyer
3PN0,Biglerville - Schulteis
3PN1,Clifford - Ashlawn
3PN2,Fairfield - Karlindo
3PN3,Lehman - Countryside
3PN4,New Castle - Upmc Jameson
3PN5,Allentown - H G F
3PN6,Cambridge Springs - Gravel Run
3PN7,Union Dale - Stahl'S Mountain
3PN8,Pottstown - 12
3PN9,Export - Phil Cain Meml
3PS0,West Chester Penn
3PS2,Bedford - Lynn
3PS3,Bushkill Township - Keller
3PS4,Millcreek - Mountain Hide Away
3PS5,Shamokin
3PS6,Kempton - King Air
3PS7,Lakewood - Coxton Lake
3PS8,Harrisburg - Yingst
3PS9,Bulger - Risker
3Q0,Mina
3R2,Crowley - Le Gros Meml
3R4,Many - Hart
3R7,Jennings
3R8,Scottsburg - Honaker
3R9,Lakeway
3RC,Roscommon
3S4,Cave Junction - Illinois Valley
3S5,St Johns - Schiffer Acres
3S6,Clearwater - Toketee State
3S7,Manzanita - Bay State
3S8,Grants Pass
3S9,Condon State
3SC2,Summerton - Spirit
3SC3,Hartsville - Carolina Pines
3SC4,Woodruff - Crooked Fence Farm
3SC5,Simpsonville - Hillcrest Meml Hospital
3SC7,Andrews - Jordan
3SD2,Box Elder - Kauer Private
3SD3,Scenic - Brown
3SD4,Tea - Strip
3SD5,Lead - Dilligaf
3SD6,Rapid City - Running Colors
3T0,Gordonville - Cedar Mills
3T2,Manvel - Wolfe Air Park
3T3,Boyceville
3T4,Tetlin
3T5,La Grange - Fayette
3T6,Justin - Clark
3T7,Middle Bass Island
3T8,China Spring - Wildcat Canyon
3T9,Presidio - Park
3TA,Stafford Muni
3TA0,Rocksprings - Four Square Ranch
3TA1,Sanderson - Chandler Ranch
3TA2,Sealy - Clark Sky Ranch
3TA4,Brownwood - Tin Top Ranch
3TA5,Blanco
3TA6,Brackettville - Spring Ranch
3TA7,Bridgeport - Jim Sears
3TA8,Crystal City - Picosa Ranch
3TA9,Crystal City - Chacon Creek Ranch
3TE,Tecumseh - Al Meyers
3TE0,Iola - K Ranch
3TE1,Dayton - Island
3TE3,Nevada - Lazy Dog Ranch
3TE4,Ruidosa - Hot Springs
3TE5,Panhandle - Stamps
3TE6,Skellytown
3TE7,Pandale - Mills Ranch
3TE8,Terlingua /Alpine/ - C Fulcher Ranch
3TE9,Dayton - Pinoak
3TN0,Kingsport - Indian Springs
3TN1,Memphis - Methodist
3TN2,Sharps Chapel - Stiner Cove
3TN3,Dresden - Wayne
3TN4,Seymour - Kenner Farm
3TN5,Kingsport - Center
3TN6,Memphis - Wilson
3TN8,Lenoir City - Seabrook
3TN9,Springfield - Holenthawall
3TR,Niles - Jerry Tyler Meml
3TS0,Longview - East
3TS1,Wimberley - White Wings
3TS3,Alvin - J-D Ranch
3TS5,Quitague - Henson Farms
3TS7,Dayton - Pavlat
3TS9,Cooper - Oak Glen Ranch
3TX,Slidell - Akroville
3TX0,Texas Dept
3TX1,Berryville - Paradise Point
3TX2,Justin - Flying S Farm
3TX3,Justin - Sitton
3TX4,Santa Fe - Westwind Helicopters
3TX5,Adkins - Mc Creless Farm
3TX6,Rio Vista - Lowell Smith Jr
3TX7,Justin - Flying P
3TX8,Fredericksburg - Hospital
3TX9,Burleson - Rafter J
3U0,Three Creek - Murphy Hot Springs
3U1,Warren Usfs
3U2,Yellow Pine - Johnson
3U3,Anaconda - Bowman
3U4,Ashland - St
3U5,Augusta
3U7,Augusta - Benchmark
3U8,Big Sandy
3U9,Boulder
3UT6,Riverton Hospital
3UT7,Heber City - Losee Villa
3UT8,Little Sahara Recreation Area Medical
3UT9,Little Sahara Recreation Area Medical
3VA0,Warrenton - Ayres-Aicp
3VA1,Warrenton - The Meadows
3VA2,Warrenton - Aviacres
3VA3,Warrenton - Flying Circus Aerodrome
3VA4,Warsaw - Bill Davenport
3VA5,Leesburg - Goose Hunt Farm
3VA7,White Post
3VA8,Windsor - Garner
3VA9,Danville Rescue
3VG2,Machipongo
3VG3,Burgess - Serenity Farm
3VG4,Virginia Beach - Knight'S Landing Llc
3VG5,Altavista - Kinman
3VG6,Onancock - Hospital
3VG7,Somerville - Hartwood
3VG9,South Boston - Potts Landing
3VS,Versailles - Roy Otten Meml
3W2,Put In Bay
3W3,Stevensville - Kentmorr
3W5,Concrete - Mears
3W6,Bladenboro
3W7,Electric City - Grand Coulee Dam
3W8,Eureka Muni
3W9,Middle Bass Island East
3WA0,Rainier - Taylor
3WA1,Leavenworth - Johnson
3WA2,Harrington - Hanes
3WA3,Kahlotus - Angel Park
3WA4,Kahlotus - Watson
3WA6,Elma - Center
3WA7,Kent Benaroya
3WA8,Kirkland - Evergreen Hospital
3WA9,Sequim Ems
3WI0,Algoma - Carnot
3WI1,Union Grove - Olson
3WI2,Waterloo - Tesmer
3WI3,Bevent - Plover River
3WI4,Wausau - Flying 'O'
3WI5,Whitewater - Clover Valley
3WI6,Clinton - Melin Farms
3WI7,Mount Pleasant Advocate
3WI8,Redgranite - Plantation Pine
3WI9,Chippewa Falls - Rosenbaum
3WN1,Dodgeville - Digger Doug
3WN2,Washburn - Old Dairy
3WN3,Kenosha County
3WN4,New London - Marks Park &
3WN6,Chetek - Knutson Farms
3WN7,Manitowoc - Woodland Airstrip
3WN8,Chippewa Falls - Blunt
3WN9,Strum - Brion
3WS9,Hillsboro - Woodland Farms
3WV2,Huntington - Va Medical Center
3WV6,Mount Hope - Air Evac 121
3WV7,Bridgeport - United Medical Center
3X5,North Bass Island
3XA0,Grandview - Drennan
3XA1,Valley View - Hardy
3XA2,Bay City - Matagorda
3XA4,Palmview
3XA5,Nassau Bay - Houston
3XA6,Austin - Center
3XA7,Pontotoc - Eagle Rock Ranch
3XA8,Cresson - Chicken Strip
3XA9,Sabine Pass Mes
3XS0,Denton - Hartlee
3XS1,Palacios - Kubecka Aviation
3XS2,Victoria - Citizens Medical Center
3XS4,Vidor - Jenkins
3XS5,Von Ormy - Star Smith
3XS6,Longview - Center
3XS7,Fort Worth - Bell Training Facility
3XS8,Balmorhea - Giffin Ranch
3XS9,Comanche County
3Y2,West Union - George L Scott
3Y3,Winterset
3Y4,Woodbine Muni
3Y7,Isabel
3Z1,Feather River
3Z8,Golden Horn Lodge
40AK,Sterling Air
40AL,Florence North
40AR,Garfield - Lost Bridge Village
40AZ,Maricopa - Boulais Ranch
40C,Watervliet
40CA,City Of Industry
40CL,"Santa Cruz - Joby Aero, Inc"
40CN,Murrieta - Ctr
40D,Three Lakes
40FA,Clermont - South
40FD,Lakeland - Little'S
40FL,Punta Gorda - Adana
40G,Grand Canyon - Valle
40GA,Smyrna Hospital
40I,Waynesville - Red Stewart
40ID,Fairfield - Camas Creek Ranch
40II,Butler - Keener
40IL,Cornell - Antique Aerodrome
40IN,Freetown - Cherry Hill
40KS,Williamsburg - Chanay
40KY,Shelbyville - Rooster
40LA,Monroe - Woodsland
40LL,Monticello - Kirby Medical Center
40MA,Lowell General
40ME,Fryeburg - Tib
40MI,Carson City University
40MN,Bingham Lake - Turner
40MO,Prairie Home - Dudes Landing
40MT,Helena - Silver Creek
40NC,Sunbury Fire
40ND,Galchutt - Gorder Farm
40NE,Bartlett - Landgren Ranch
40NR,Charlotte - Steele Creek
40OH,Newbury - Bucks
40OI,Lodi - M C R
40OK,Oilton - Hilltop
40OR,Ashland - Medella Bison Ranch
40PN,Eagles Mere
40RI,Newport Trust
40TA,Jewett - Miles
40TE,Jarrell - Sybert Farm
40TN,Bean Station - Cloud 9 Aerodrome
40TS,Kingsville - Dawson Private Strip
40TX,Temple - Hosital
40U,Manila
40UT,Alpine - Pulver
40VA,Martinsville Sovah
40WA,White Swan - Signal Peak Lookout
40WI,Centerville - Schubert Airstrip
40WV,Weirton Medical
40XA,Houston - Lone Star
40XS,Cedar Park - Hank Sasser/Breakaway
41AK,Wasilla - Settlers Bay Airstrip
41AL,Gardendale - Uab Hospital Fed
41AR,Arkadelphia - Ashworth
41AZ,Maricopa - Farms
41C,Wayland - Calkins
41CA,Forest Glen - Silver Creek Ranch
41CO,Meeker - Airstrip
41D,Michigan
41F,Floydada
41FL,Fort Myers - Yard
41G,Bath - University
41GA,Jonesboro - Falcons Nest
41GE,Hiram - Dept
41ID,Kuna - Black'S
41IG,Crawfordsville - Parker
41IL,Antioch - Great Lakes
41IN,New Albany - Professional Arts Building
41IS,Grand Ridge - Rees
41KS,Spring Hill - Flying Z Ranch
41KY,Louisville - Hospital
41LA,Shreveport - Metro
41MA,Mashpee - Haney
41ME,Jay - Eagle Ridge
41MI,Stugis - Sturgis Hospital
41MN,Shakopee - St
41MO,Rogersville - Sawyer Creek
41MS,Itta Bena - Dixie Dusters
41MT,Heron - R & R
41N,Newton Falls - Braceville
41NC,Kannapolis - Sloop
41ND,Minot - Hill
41NE,Ewing - Vandersnick
41NH,Colebrook - Hospital
41NJ,Secaucus - Center
41NK,North East - Winchell Mountain
41NR,Mocksville - Monarch
41NY,Essex - Bonebender
41OH,Sidney - Huber
41OI,Ohio Mansfield
41OK,Oklahoma City - Koco Tv
41OR,Springfield - Mckenzie-Willamette Medical Center
41PA,New Kingstown - Deitch
41TA,Glen Rose - Circle P Ranch
41TE,Kerrville - Vamc
41TN,Milton - Stonewall
41TS,Westminster - Flying T Ranch
41TT,Mountain Home - Rancho Paraiso
41TX,Cherokee - J Ranch
41U,Manti
41VA,Stafford Hospital
41WA,Wenatchee Central
41WI,Elkhorn - Paddock
41XA,Spring Branch - Hollow Oak Ranch
41XS,Taylor - Macho Grande
42A,Melbourne E
42AK,Nuiqsut - Bear Tooth
42AL,Butler - Choctaw General Hospital
42AR,Mountain Home - Baxter County Sheriffs
42AZ,Mayer - Orme School
42B,East Haddam - Goodspeed
42C,White Cloud
42CA,Indio - John F Kennedy
42CL,Costa Mesa
42CN,Reedley - Peg
42CO,Lakewood - St Anthony'S Hospital
42FA,Jacksonville - Baptist Oakleaf Emergency
42FD,Lake Worth - Palm Beach
42FL,Marathon - Plantation Key
42GA,Marietta - Matthews
42I,Zanesville - Parr
42IA,Salix - Lakeport
42ID,Garden Valley - Black Bear Ranch
42II,La Porte - Norm'S
42IL,Union - Lynn
42IN,Avilla - Gaerte
42J,Keystone Heights
42JY,Millville - Trout
42KS,Kiowa - Farney
42KY,Benton - Pirates Cove
42L,Long Beach Naa
42LA,Morgan City - Lakewood Hospital
42M,Thayer
42MA,Worcester Medical
42MD,Oakland - Herrington
42ME,Rome - Waters World
42MI,Birch Run - Turner
42MN,Corcoran - Landing
42MO,Festus - Aire Parque
42MS,Starkville - Och
42MT,Seeley Lake - Crown Ranch
42NC,Spring Hope
42NE,Benkelman - Jones
42NH,Berlin - Androscoggin Valley Hospital
42NJ,Elmer Inspira
42NR,Lillington - Harnett Health
42NY,East Homer - Walters
42OH,Newton Falls - Dunn
42OK,Oklahoma City - Kwtv
42OR,Post - Shotgun Ranch Airstrip
42PN,Pittsburgh - Emergency
42SC,Florence - Chicken Coop
42TE,Sugarland - Hospital
42TN,Paris - Oliver Landing
42TS,Hye Sky
42TT,Cleveland - Duke
42TX,Wolfe City - Magee
42U,Morgan
42UT,Draper - Pluralsight Hq
42VA,Virginia Beach
42VG,Virginia Beach - Sentara Princess Anne
42VT,Shelburne - Frogs End
42WA,Wilbur - Sheffels Ranch
42WI,Ladysmith - Rusk County Meml
42XA,Golinda - Skid Row
42XS,Freer - Triple B Ranch
43A,Star - Montgomery County
43AK,Wasilla - Kalmbach
43AL,Flat Rock
43AR,Newport - Haigwood Landing Strip
43AS,Helena - Griffin
43AZ,Tonopah - Mtas
43B,Deblois
43CA,Borrego Springs Medical
43CL,Twentynine Palms - Dick Dale Skyranch
43CN,Corcoran
43CO,Paonia - Boeing
43D,Odessa Muni
43FA,Brandon - Helistop
43FD,Kissimmee - Cole'S
43FL,Clermont - Tarvair
43G,Belleville
43GA,Stockbridge - Piedmont Henry Hospital
43GE,East Ellijay - Piedmont Mountainside Fsed
43I,Peru - Area
43ID,Kooskia - Harris Ridge
43IG,Grayland
43IL,Chicago Vertiport
43IN,St Wendel - Hepler
43K,Marion Muni
43KS,Manhattan - Smith
43KY,Louisville - Wlky-Tv Studios
43L,Los Angeles - Court
43LA,Belcher - Want'S
43MI,Gladstone West
43MN,Saginaw - Superior Aero Estates
43MO,Pleasant Hill - Blue Cedar Landing
43MT,Noxon - Government Mountain
43NC,Mocksville - Bahnson
43NE,Riverdale - Onion Crest
43NH,Rollinsford - Trayport
43NR,Lincolnton Carolinas
43NV,Wellington - Topaz Ranch
43NY,Syracuse - St
43OA,Waynesville - Anderson Airfield
43OI,North Baltimore - Windswept
43OK,Wellston - Biggs Skypatch
43OR,Bend - Inspiration
43PA,Spring City - Kolb
43PN,Corry Meml
43SC,Marietta - Flying Changes Farm
43TA,Morgan - Diamond Seven Ranch
43TN,Morrison - Roseanne
43TS,Tilden - Aero Saylee
43TT,Prosper - Cook Children'S
43TX,Alamo - Mid-Valley Dusters Inc
43VA,Reston
43WA,Woodinville - Wilson
43WI,Colfax - Eagle Ridge
43XA,Wadsworth - Gulf Coast Aviation
43XS,Texas City - Tdcj/Southern
43Y,Northome
44A,San Luis - Rolle Airfield
44AK,Wasilla - West
44AR,Benton - Hiller
44AZ,Page - Sandhill Ranch
44B,Dover/Foxcroft - Meml
44C,Beloit
44CA,Santa Barbara Cruz
44CL,Grimes - Balsdon
44CO,Hotchkiss - Redlands
44FA,Lakeland Orlando
44FD,Hollywood - Hard Rock
44FL,Stuart - Center
44G,Blissfield - Betz
44GA,Pineview - S&S Flying Service
44ID,Donnelly - Boulder Creek Airstrip
44II,Roanoke - The Wolf Den
44IL,Minooka - Wilson
44IN,Veedersburg - Campbell
44IS,Barry - Potter
44KS,Wichita - Vankirk
44KY,Chavies - Duff
44L,Los Angeles - Wilshire Area
44LA,Dry Creek - Ranch
44LL,Carlinville
44LS,Ponchatoula - Sheridan'S Strip
44M,Cookson - Tenkiller Lake
44MD,Baltimore - Union Meml Hospital
44ME,Hollis Center - Heacock
44MI,Mulliken - Airbatco
44MN,Madelia
44MO,Linn - Promise Land Farms
44MT,Columbus - S&L Edwards
44MU,Granby - Lynch
44N,Millbrook - Sky Acres
44NC,Landis - Broadway
44ND,Halliday - Fredericks Ranch
44NE,Davey - Last Enchantment
44NH,Laconia Concord
44NJ,Toms River - Center
44NK,Gilboa - Bengtsson
44NR,Raleigh - Unc Rex
44NY,Fort Plain - Tomcat
44OK,Disney - Bacon'S
44OR,Canby - Compton
44PA,Spring Mills - Pennfield Farm
44PN,Honesdale Sports
44SC,Orangeburg - 4 Holes
44T,Olympia - Hoskins
44TE,Kingsland - Shirley Williams
44TN,Louisville - Stone
44TS,Llano - Mc David Ranch
44TT,Baytown Houston
44TX,Fredericksburg - White Oak
44U,Salina Gunnison
44VA,Eagle Rock - Big Hill
44WA,White Salmon - Skyline Hospital Ems
44WI,Spencer - Stoiber
44WY,Douglas - Underwood
44XA,Robstown - Hfs
44XS,Mountain Home - 3 Mill Ranch
45AA,Talkeetna - Davidson Strip
45AK,Delta Junction - Cherokee
45AL,Montgomery Hyundai
45AR,Flippin - Thunder Ridge Ranch
45AZ,Mohave Valley
45CA,Santa Clara Kaiser
45CL,Zenia - Hell'Er High Water
45CN,Groveland - Hermitage
45CO,Mead - Ag-Air Inc
45FA,Clewiston - Hendry Medical
45FD,Jacksonville Beach - Baptist Medical Center/Beaches
45FL,Live Oak - Moss Meadows
45G,Brighton
45GA,Griffin - Spalding
45IA,West Burlington - Center
45ID,Priest River - Fox Creek
45II,Rolling Prairie - Cummings
45IL,Lake Forest
45IN,North Vernon - Aerobatic Practice
45IS,Bolingbrook Adventist
45K,Minneapolis County
45KS,Galesburg - Koafm
45KY,Albany Medical
45LA,Venice - Bristow Us Llc
45ME,Damariscotta - Miles Hospital
45MI,Swartz Creek - Rotor-Lift
45MN,Euclid - Kaml Airstrip
45MO,St Peters - Waldmeister Farm
45MS,Sunflower - Box
45MT,Hingham - Pester
45NC,Seaboard - Glover
45NH,Raymond - Hayes
45NJ,Princeton Medical
45NR,Wilmington - Nhrmc-Ed
45NY,Verona - Casino
45OG,Pilot Rock - Rugg Ranches
45OH,New Richmond - Boober
45OI,Strasburg - Plane Country
45OK,South Coffeyville - Belleview Landing
45OL,Stilwell Apt
45OR,Coquille - Gederos
45PA,Meadville
45PN,Tunkhannock - Chambers
45R,Kountze/Silsbee - Hawthorne
45S,Silver Lake
45TE,Live Oak - Northeast Methodist Hospital
45TN,Church Hill - Darnell'S Landings
45TS,Llano - Bullhead
45TT,League City Utmb
45TX,Pearland Hca
45VA,Haymarket - Center
45WA,Yakima Valley
45WI,Woodville - Windsong Farm
45WY,Casper - American Falconry
45XA,Frisco - Bswmc Centennial
45XS,Cotulla - Ghost Apache
46AK,Homer - Bear Cove Farm
46AL,Sylacauga - Sly Pig'S
46AR,Lowell Asp
46AZ,Pinon
46CA,Julian - Rancho Vallecito
46CL,Los Angeles - South
46CN,Llano - Crystal
46CO,Pueblo - Huerfano Ag
46D,Carrington
46FA,Perdido Key
46FD,Hastings - Tater Farms Strip
46FL,Titusville - North
46GA,Savannah - Joseph'S
46IA,Ankeny - Todd
46ID,Cascade - Silvey
46II,Valparaiso - Northwest Health Porter
46IL,Macomb - Mcdonough District Hospital
46IN,Plymouth - Ames
46KS,Valley Center Hidden
46KY,Fort Thomas St
46LA,Lake Providence - Inc
46LS,Gueydan - Venissat Airstrip
46ME,Calais
46MI,Webberville - Rotors & Wings
46MN,Perham Hospital
46MO,Lebanon - Mercy Hospital
46MS,Foxworth - Circle Bar Ranch
46NC,Marshville - Brown
46NE,Madrid - Jantzen
46NH,Orford - Upper Valley
46NJ,Clarksburg - Perl Acres
46NY,Savannah
46OH,North Jackson - Wetzl
46OI,Sylvania - Kellers Strip
46OK,Hinton - Ricker Ranch
46OR,Pendleton - Delamarter
46PA,Pittsburgh - Upmc St Margaret
46PN,Allentown - Dr
46SC,Gaffney
46TA,Cotulla - Gould Strip
46TE,Sterling City - Wildcat
46TN,Pleasantville
46TS,Stanton - Mch
46TX,Angleton - Phillips Corporation
46U,Alpine
46VA,Columbia - Byrd Creek
46WA,Yakima - Don Williams
46WI,New Richmond - Westfields Hospital
46XA,Rhome - Flying A
46XS,Adrian - Canadian River Ranch
47AK,Eagle River - Highland
47AL,Semmes - Southflight
47AR,Hensley - Heird Hill Farm
47AZ,Queen Creek - Ray Schnepf Ranch
47CA,Lake Arrowhead - Mountains Community Hospital
47CL,San Fernando - Spears
47CN,Igo - Old Canal Helipad
47CO,New Raymer - Mile
47FA,Tavernier - Canal
47FD,Fort Myers - Strayhorn Ranch
47FL,Brooksville - Ranchaero Grand Vista
47GA,Pinehurst - Everidge
47GE,Summerville - Flylander Farm
47ID,Emmett - Flying Thunderbolt Ranch
47II,Liberty Mills - Westrick
47IL,Kempton - Area
47IN,Merom - Mann
47IS,Durand - Flying Z Ranch
47K,Moundridge
47KS,Baldwin City - Maxwell
47KY,Hardinsburg - B M H
47LA,Lake Charles - Hospital
47MA,Hamilton - Devon Glen
47ME,Pittsfield - Sebasticook Valley Hospital
47MI,Bay City - Kenneth Hayward
47MN,Norwood - Sons
47MO,Rolla - Phelps County
47MT,Ennis - 66 Ranch Airstrip
47N,Manville - Central Jersey
47NC,Fayetteville - Windemere
47NE,Lincoln - Center
47NY,Borden - Elk Creek
47OH,Dublin - Oldsells
47OI,Wadsworth Rittman
47OK,Calumet - Harman
47OR,Adel - Mc Ranch
47PA,State College - Homan
47TA,Prosper - Pleasure
47TE,La Ward - Whites
47TN,Nashville - Mnpd Aviation
47TS,Madisonville - Hensarling
47TX,Armstrong
47V,Curtis Muni
47VA,Chesapeake - Division Five
47VG,Hot Springs - Bath Community Hospital
47VT,Panton - Cub
47WI,Fort Atkinson - Oakbrook
47XA,Taylor - Luv
47XS,Lubbock - Bartos Farm
47Y,Pelican Rapids
48A,Cochran
48AK,Chickaloon - Castle Mountain Airstrip
48AL,Foley - Owa
48AR,Fisher - Whirlwind Aviation
48AZ,Rimrock
48CA,Westminster - Huntington Beach
48CN,Madera - Sallaberry Ranch Strip
48CO,Nunn - Shaull Farm Airstrip
48D,Clare
48FA,Leesburg - Silver Lake
48FD,Delray Beach Medical
48FL,Walnut Hill - Mc Kinnon
48G,Yale - Gavagan
48GA,Dublin - Fairview Park Hospital
48I,Sutton - Braxton County
48ID,Mc Call - Ski Valley
48II,Cedarville - Cedar Creek
48IL,Godfrey - Lake West Wind
48IN,Indianapolis - 123 Arcom
48IS,Lexington - P.J. Killian
48K,Ness City
48KS,Salina - R F Roesner
48KY,Columbia - Westlake
48LA,Jennings - Countryside
48LL,Leaf River - Farms
48LS,Lafayette - Lourdes
48MD,Princess Anne - Le Champ
48MI,Dorr - Manju
48MN,Northfield
48MO,California - Lions Emergency Evac
48MT,Stevensville - The Landing Zone
48MY,Montevideo - Bosch Farm
48NC,Lexington - Morrison
48ND,Hazelton - Schirmeister Private
48NE,Valley
48NH,Wolfeboro - Winter Harbor
48NJ,Salem - Southern Training Center
48NR,Pelham - Blackbriar
48NY,Bloomfield - Turnbull
48OH,Broadway Heights
48OK,Pond Creek - Coyote Run
48OR,Roseburg - Lookingglass
48P,Cresco - Rocky Hill
48PA,Tower City - Veterans
48PN,Spring Grove - Wilson
48PS,Harrisonville - Blue Haven
48S,Harlem
48SN,Wichita - Lifeteam 20
48TA,Hamlin Meml
48TE,Langtry - 4M Ranch
48TS,Rocksprings - Kevin Lee Berry
48TT,Athens - John L. Hall
48TX,Trenton - Tri-County Aerodrome
48U,Green River Gtr
48VA,Gore - Al'S
48VT,Colchester - Cub Cove
48WA,Yakima - West Valley
48WI,Hazelhurst - Circle A Ranch
48X,Palmetto - Manatee
48XA,Cisco - Spring Ranch
48XS,Marathon - Maravillas Gap Ranch
49A,Ellijay - Gilmer County
49AK,Talkeetna - Secluded Lake
49AR,De Witt - Sids Place
49AZ,Rock Point
49B,Sturgis Muni
49C,Camp Lake
49CA,Carpinteria - Dcor Platform Habitat
49CL,Madera - El Peco Ranch
49CN,Red Bluff - Rancho Tehama
49CO,Roggen - Air Dusters Inc
49F,Rankin
49FA,North Port 81
49FD,Quincy - Watson Farm
49FL,Yulee - Nassau Crossing Hospital
49G,Charlotte - Wend Valley
49GA,Riverdale - Southern
49ID,Fruitland - R7 Aero
49II,Lena - Reinoehl
49IL,Somonauk - Walnut Creek
49IN,Sullivan - Drake
49IS,Dixon - Center
49K,Norwich
49KS,Manhattan - N & N
49KY,Lexington - Morning Star
49LA,Baton Rouge Police
49LL,Decatur Conference
49LS,Buras - Empire Trml
49MI,Posen - Cub Landing Center
49MN,Hastings - Willow Ridge
49MO,St Louis - Hermann Ii
49MS,Philadelphia - Gray
49MT,Columbus - Firebuster
49MY,Forest Lake - Delong Seaplane/Skiplane
49N,East Moriches - Lufker
49NC,North Wilkesboro - Wilkes
49NE,Valley - Am Aviation
49NK,Attica - Trump Mtn
49NR,Windsor - Tract
49NY,Shelter Island - Westmoreland
49OH,West Jefferson - Sky Ranch
49OK,Holdenville General
49OR,Dayville - Land'S Inn Ranch
49PA,Stone Church - Gap View
49PN,Danville - Geisinger
49R,Leakey - Real County
49T,Dallas Cbd
49TA,Caldwell - Lauderdale
49TE,Brenham - K Star Ranch
49TN,Sweetwater
49TS,Plano - E D S
49TX,Harlingen - Center
49U,Shoshoni
49VA,Kilmarnnock - Rappahannock General Hospital
49WA,Yelm - Cougar Mountain
49WI,Watertown Medical
49X,Chemehuevi Valley
49XA,Edinburg - Omni Ranch
49XS,Star - Mccasland Ranch
4A2,Atmautluak
4A3,Wasilla - Lake Lucille
4A4,Cedartown - Polk County/Cornelius Moore
4A5,Marshall - Searcy County
4A6,Scottsboro
4A9,Fort Payne - Isbell
4AA4,Homer - South
4AK,Livengood
4AK0,Wasilla - Niklason Lake
4AK1,Deadhorse - Inigok
4AK2,Wasilla - St
4AK3,Long Lake
4AK5,Mankomen Lake
4AK6,Palmer - Wolf Lake
4AK7,Aleknagik Mission
4AK8,Napaimute
4AK9,Naknek - Tibbetts
4AL0,Northport - Bankhead Dam
4AL1,Wedowee
4AL2,Oneonta - St
4AL3,Daphne - Treeo
4AL5,Woodville - J5 Mike
4AL6,Summerdale - Bonner
4AL7,Flat Rock - Leon'S
4AL8,Huntsville - Milton
4AL9,Lapine - Meml
4AR0,Russellville - St
4AR1,Cabot - Shurley
4AR2,Cabot - Red Oak
4AR3,Conway Health
4AR4,Corning - Rice
4AR5,Cherry Valley - Lawrence Fld
4AR6,Caddo Gap - Williams Ranch
4AR7,Booneville - Worth James Ranch
4AR8,Fayetteville - Washington
4AR9,Snowball - Richland Creek
4AZ0,Tucson
4AZ1,Surprise - Moulder
4AZ2,Capitan - Block Ranch
4AZ4,Tombstone - Fort
4AZ5,Phoenix - New Waddell Dam
4AZ6,Kingman - Parsons
4AZ7,San Carlos Apt
4AZ8,Marana - The Ultralight Strip
4AZ9,Willcox - Leroy
4B0,South Bethlehem
4B1,Duanesburg
4B6,Ticonderoga
4B7,Schroon Lake
4B8,Plainville - Robertson
4B9,Simsbury
4C2,Waterloo Walker/Rowe
4C4,Colebrook - Gifford
4C7,Ackley
4C8,Albia
4CA0,Los Angeles - Lapd Hooper
4CA1,Los Angeles - City
4CA2,Brentwood - Funny Farm
4CA3,Pleasanton - Camp Parks
4CA4,Lynwood - Helistop
4CA5,Orange Childrens
4CA6,El Segundo - Chevron Refinery
4CA7,Chico - Johnsen
4CA8,Modesto - Yandell Ranch
4CA9,Los Angeles - Meml
4CD0,Pueblo - Parkview Medical Center
4CL1,Rancho Santa Margarita - Lyon
4CL3,Williams - Antelope Valley Ranch
4CL4,Lucerne - Rabbit Ranch
4CL5,Carmichael - Hospital
4CL6,San Marcos - Pat Coyle Meml
4CL7,Bishop - Rescue
4CL8,Hanford Community
4CL9,Colton - Arrowhead
4CN7,Los Angeles Children'S
4CO0,Carbondale - Glen-Aspen
4CO1,Waterton - Lockheed Martin
4CO2,Wellington - Owl Canyon
4CO3,Walsh - Griffin
4CO4,Westminster - St
4CO5,Meeker - Pioneers
4CO6,Wheat Ridge - Lutheran Medical Center
4CO7,Elbert - Ambrosich
4CO8,Castle Rock - Kelgun
4D0,Grand Ledge - Abrams
4D2,Salmon - Hoodoo Meadows
4D8,Milford - Fuller
4D9,Alma
4E7,Ellendale
4E8,Richardton
4F1,Westport
4F2,Carthage - Panola County-Sharpe
4F7,Prescott - Kizer
4F8,Stephens - Wilson
4F9,La Moure
4FA0,Lake Mary Orlando
4FA1,Umatilla - Rockin G Ranch
4FA2,Bushnell - Croom A Chobee
4FA3,Fort Myers - Tranquility Bay Strip
4FA4,Key West - George Skoko
4FA7,Lake Panasoffkee
4FA9,North Port 86
4FD2,O'Brien - Flying 'F' Farms
4FD3,Homestead - Wright
4FD4,Panama City - Bay Seaplanes
4FD5,Panama City - Grand Lagoon
4FD6,Pine Island Center
4FD7,Polk City - Flanders
4FD9,Sanibel - Bowman'S Beach Helistop
4FL0,Lamont - Turkey
4FL1,Kenansville - Escape Ranch
4FL2,Bushnell - Ko-Kee
4FL3,Fellsmere
4FL4,North Port 84
4FL5,Frostproof - Ridge Landing
4FL6,Daytona Beach Advent
4FL7,Naples - Physicians
4FL8,Sarasota - Schwartz Farms Inc
4FL9,Haines City - Gore
4G1,Greenville Muni
4G2,Hamburg
4G3,Alliance - Miller
4G4,Youngstown
4G5,Woodsfield - Monroe County
4G7,Fairmont Muni-Frankman
4G8,Columbia Station
4GA0,Americus - Hodges
4GA1,Concord - Thacker
4GA2,Augusta - Of
4GA3,Bainbridge - Meml Hospital
4GA4,Eton - R M Harris
4GA5,Plains - Peterson
4GA6,Douglasville - Chattahoochee Air Park
4GA7,Griffin - Kitchens
4GA8,Arlington - Andrews
4GA9,Cumming - Ebeneezer
4GE0,Millhaven
4GE1,Attapulgus - Viola Farm
4GE2,Stockbridge - Gorden E Bellah
4GE3,Montrose - Whitehall
4GE7,Perry - Ae154 Base
4H1,Chicago/Schaumburg Muni
4I3,Mount Vernon - Knox County
4I9,Mount Gilead - Morrow County
4IA0,Creston - Greater Community Hospital
4IA2,West Liberty - Walker
4IA3,Charles City - Floyd County
4IA4,Danville - Mccoy
4IA5,Iowa Speciality
4IA7,Cedar Falls - Witcombe
4IA8,Williamsburg - Weiss
4IA9,Dike - Triple J
4II0,Delphi - De Ford
4II2,Lawrence - Hangar Fly Ultralight
4II3,Fillmore - Oleo
4II4,North Judson - Chesak
4II5,Hammond - Escc
4II6,Palmyra - Gettlefinger
4II7,Thorntown - Ultralightport
4II8,Greenfield - Willis
4II9,Brookston - Shultz Private
4IL0,Litchfield Fire
4IL2,Fairbury - Wayne Ziller Jr
4IL3,Stillman Valley (Byron) - Thrifty Acres
4IL4,St Elmo - Kuebler
4IL5,Morrison - Frank'S Flying
4IL6,Mt. Vernon - St
4IL7,Brussels
4IL8,Murphysboro - Rendleman
4IL9,Benson - Unzicker
4IN0,Indiana Blackford
4IN3,Clear Lake East
4IN4,Wallace - Wilson
4IN5,Bourbon - Ball
4IN6,Danvillle - Dragons Den
4IN7,Attica - Riley
4IN8,Rensselaer - Culp Farms
4IN9,Syracuse - Wawasee
4IS0,Anna - Joan Graves
4IS1,Atwood - Kamm
4IS2,Chester - Meml Hospital
4IS3,Chicago The
4IS4,Harrisburg Medical
4IS5,Hecker - Smith
4IS6,Minonk - Hattan Farms
4IS7,Seymour - Litchfield
4IS8,Sparland - Leigh Farm
4IS9,Bunker Hill - Weidner
4J1,Nahunta - Brantley County
4J2,Nashville - Berrien County
4J5,Quitman
4J8,Soperton - Treutlen County
4K0,Pedro Bay
4K5,Ouzinkie
4K6,Bloomfield Muni
4KS,Kiowa - Walz
4KS1,Wellsville - Farms
4KS2,De Soto - Ingels Aerodrome
4KS4,Winfield - Rhodes
4KS5,Wichita/Maize/
4KS6,Hartford - Thomsen
4KS7,Rose Hill - Butler
4KS8,Bird City - Bursch Private
4KS9,Victoria - Dinkel
4KT4,Warsaw - Steele'S Bottom
4KY0,Monticello - Mill Springs
4KY1,Glasgow - Creek Side Landing
4KY2,Manchester Meml
4KY3,Taylorsville - Helimike
4KY4,Calhoun - Moseley
4KY5,West Point - Weavers Run
4KY6,Hopkinsville - Center
4KY7,Verona - Mueller Farm
4KY8,West Liberty - Sargents
4KY9,Ashland - Center
4LA1,Leeville - Chevron Fourchon
4LA3,Jackson - Feliciana
4LA4,Leeville - Chevron Usa Inc
4LA5,Lafayette - La
4LA6,Lafitte - Little Lake
4LA7,Marrero - West
4LA8,Clinton - Overton
4LA9,Raceland - Blouin Flightpark
4LL0,Steward - Ranken
4LL1,Steward - Staton
4LL3,Stockton - John L Coppernoll
4LL4,Chebanse - Enjoy
4LL7,Sycamore - Farms
4LL8,Sycamore - Colonial Acres
4LL9,Morrisonville - Alan B. Janssen
4M0,Traverse City - Lake Ann Airway
4M1,Berryville - Carroll County
4M2,Booneville
4M3,Carlisle Muni
4M4,Bannister - Shady Lawn
4M5,Dermott
4M7,Russellville Logan
4M8,Clarendon
4M9,Corning Muni
4MA0,Sherborn - Burke
4MA3,Millbury
4MA4,New Bedford - J K L
4MA6,Cohasset - Pleasant Beach
4MA7,Ludlow - Seferian
4MA8,Quincy - Pg
4MB,Moultonborough
4MD,Baltimore - Pier 7
4MD0,Lusby - Mears Creek
4MD1,Berlin - Bunting'S
4MD2,Oakland - Ward'S
4MD3,Bishopville - Carey
4MD4,Clements
4MD5,Prince Frederick - Hunting Creek Farm
4MD6,Dublin - Moxley'S
4MD7,Thurmont - Catoctin Crosswind
4MD8,Frederick - Ijamsville
4MD9,Owings Mills - Worthington Valley
4ME4,Fryeburg - Lovewell Pond
4ME9,Norway - Stephens Meml Hospital
4MI0,Adrian - Promedica Hickman Hospital
4MI1,Petersburg - Air Rahe
4MI2,Lapeer Mclaren
4MI3,Allegan - Swan Lake
4MI4,St Clair - Davids Landing
4MI5,Ruby - Bps
4MI6,Three Oaks - Benedick
4MI7,Farwell - Witbeck Aerodrone
4MI8,Croswell - Witham
4MI9,Rockford - Schaefer
4MN0,Crane Lake
4MN1,New York Mills - Hintzman
4MN2,Angle Inlet - Oak
4MN3,Ham Lake - Lexington
4MN4,Ivanhoe - Mulder
4MN5,Graceville - Kapaun-Wilson
4MN6,Westbrook Sanford
4MN7,Remer - Adams
4MN8,Webster - Dkpa Landing
4MN9,Red Lake
4MO0,Kingsville - Fender J H
4MO1,Montgomery City - Wehrman
4MO2,Lancaster - Newcomb Hereford Ranch
4MO3,La Plata - Schneider
4MO4,Liberty Landing
4MO5,Gerald - Jj Gyro Park
4MO6,Louisiana - Mark Twain
4MO7,Mound City - Crop Care
4MO8,Atherton - Martens
4MO9,Lone Jack - Friends
4MS0,Pelahatchie - Payne
4MS1,Robinsonville
4MS2,Raymond - Dogwood Acres
4MS3,Sladen - Jeter
4MS4,Shannon - Spearman
4MS5,Lucedale - Bird Nest
4MS6,Jackson University
4MS7,Tunica - Arnold
4MS8,Tunica - Casino Center
4MS9,Canton - Providence
4MT1,Belgrade - Kreikemeier
4MT5,Helena - Port Smith
4MT7,Big Sky
4MY2,Staples - Lakewood Hospital
4N0,Kalamazoo - Newmans
4N1,West Milford - Greenwood Lake
4N2,Middlesex
4N4,Lidgerwood
4N7,Greene
4NA0,Williston - Lindvig Airstrip
4NA1,Williston - Ring Rock Ranch
4NA3,Antler - Peterson Airstrip
4NA5,Berthold - Berg Strip
4NA6,Grenora - Nicks Landing
4NC0,Mocksville - Boyd'S Hawks Creek
4NC1,Milton - Futuristics
4NC2,Angier - Noles
4NC3,Linden - Farms
4NC4,Mt Pleasant - Bear Creek
4NC5,Cape Carteret - Triple M
4NC6,Fletcher - Cane Creek
4NC7,Garner - Peacock
4NC8,Concord - Buffalo Creek
4NC9,Gold Hill - Lz Carroll
4ND1,Thompson - Knutson
4ND4,Upham - Pfau Private
4ND8,Wyndmere - Sanden
4NE0,Madrid - Regier Brothers
4NE1,Milburn - Mc Millan Ranch
4NE8,Palisade - Malone M-Bar Ranch
4NE9,Paxton - Holzfaster'S
4NJ0,Rosemont - Windward Farms
4NJ1,Somerville - Somerset Medical Center
4NJ8,Somerville - Peters
4NK0,Jamestown - Wca Hospital
4NK1,Baldwinsville - B-Ville
4NK2,Greenwich - Tracy
4NK3,Evans
4NK4,Fabius - Woodford
4NK5,Macedon - Harvs
4NK6,Marion - Ag-Alley
4NK7,Millbrook - Apollo Flds
4NK8,Amsterdam - Longwell
4NY0,Beekmantown - Mountain View
4NY1,Chester - Orange Poultry Farm
4NY2,College Point - Edo
4NY4,Delmar - Cross' Farm
4NY5,East Hampton - Bistrians
4NY7,South Cairo
4NY8,Elmira - Harris Hill
4NY9,Elmont - Belmont Park
4O1,Snyder
4O4,Idabel - Mc Curtain County
4O5,Cherokee Muni
4O7,Meno - Decker
4OA1,Lancaster - Fairfield Medical Center
4OA8,Piqua - Bowman
4OH0,Tipp City - Black
4OH1,Madison - Sky Haven
4OH2,Zanesville - Genesis Health Care
4OH3,North Lima - Bieber
4OH4,Orient - Millertime
4OH5,Twinsburg
4OH6,Akron Suffield - Operations
4OH7,Gallipolis - Holzer
4OH8,Archbold - Huffman Farm
4OH9,Bellevue
4OI0,Sylvania - Flower Hospital
4OI7,Avon - Aviation
4OI8,Canfield - Brocker
4OI9,Coalton - Baisden
4OK0,Hennessey - 1904 Private Runway
4OK1,Weatherford - Air Evac 122
4OK2,Rush Springs
4OK3,Tulsa - St Francis Hospital
4OK4,Tuttle - Low Pass
4OK5,Velma - Newman Farm
4OK6,Cashion - Chuck'S
4OK7,Washington - Flying A Ranch
4OK8,Wilburton - Austin
4OL3,Lawton - Jerry Wright
4OR0,Rogue River - Springbrook
4OR1,Madras - Bryant
4OR3,Albany - Lambert
4OR4,Corvallis - Schrock
4OR5,Salem - Fly 'N' W
4OR6,Sandy - Stargazer
4OR7,Salem - Lusardi
4OR8,Salem - Wagoner
4OR9,Sandy - Country Squire
4P3,Flandreau Muni
4PA0,Flicksville
4PA1,New Berlin - Sauers-Haven
4PA3,State College - Nittany Landing
4PA4,Lock Haven Upmc
4PA5,Lock Haven - Ponderosa
4PA6,Starlight - Hiawatha
4PA7,Lancaster - Sunburst
4PA8,Pipersville - Russo Airstrip
4PA9,Harleysville - Axis
4PN0,Grove City - Flying M Ranch
4PN3,Masontown - Gallatin Fuel
4PN4,Jersey Shore Geisinger
4PN7,Eagles Mere - Merritt
4PN8,New Oxford - Swift Run
4PN9,Meyersdale
4PS2,Skippack - Sci Phoenix
4PS3,Warren - Paraport Airstrip
4PS4,Thompson - Mountain Top
4PS5,Carmicheal - Muddy Creek
4PS6,Doylestown - Stoneleigh
4PS7,Philadelphia - Of
4PS8,Coatesville
4PS9,Vandergrift - Ferrante
4R1,Lumberton - Meml
4R3,Jackson Muni
4R5,La Pointe - Major Gilbert
4R6,Milnor
4R7,Eunice
4R9,Dauphin Island - Jeremiah Denton
4S1,Gold Beach
4S2,Hood River - Ken Jernstedt
4S4,Cornelius - Skyport
4S5,St Thomas Muni
4S6,Rimrock - Tieton State
4S7,Malin
4S9,Portland-Mulino
4SC4,Liberty - Davis
4SC7,Aiken - Wexford Landing
4SD4,Rapid City - Dan'S
4T2,Fort Worth - Kenneth Copeland
4TA0,Damon - Aire
4TA1,Denton - Warschun Ranch
4TA2,China Spring - V-Bar
4TA3,"Graham - Costello Island, Inc"
4TA4,Hempstead - Pea Patch
4TA5,Holliday - Lucky G
4TA6,Hunt - Comanche Caves Ranch
4TA8,Ozona - Perry Ranch
4TA9,Texas Cleburne
4TE0,Lone Star
4TE1,Blooming Grove - Polyanna Ranch
4TE2,Del Rio - Lewis Private
4TE3,Claude - Finley Ranch
4TE4,Alpine - Taurus Mesa
4TE5,Dell City
4TE6,Meridian - Francis Ranch
4TE7,Del Rio - Devil'S River Ranch
4TE8,Evadale - Ben Bruce Meml
4TE9,D'Hanis - Squirrel Creek Ranch
4TN0,Blaine - Melton
4TN1,Birchwood - Happy Landings
4TN2,Crossville - Buck Creek Ranch
4TN3,Moscow - Hawks Nest
4TN4,Eads - Cotton
4TN5,Greenville - Tommy'S
4TN6,Cookeville - Holder
4TN7,Huntingdon - Bmh-H
4TN8,Jackson Rgnl
4TN9,Bath Springs - Island Bend Farms
4TS0,Houston - Netrality Data Centers
4TS2,Houston - Wilshire Place
4TS3,Palestine Medical
4TS5,Mountain Home - Goebel
4TS6,Jersey Village - State Police
4TS7,Fort Stockton - Allison Ranch
4TS8,D'Hanis - Rusty'S Flying Service
4TS9,Austin - Ossiport
4TX0,Mont Belvieu - Slack
4TX1,Abilene Medical
4TX2,Westlake - Stage Coach Hills
4TX3,Petty - Forest Hill
4TX4,Kennedale - Birk
4TX5,Kerens - Hancock
4TX6,Kilgore
4TX7,Knox City - Oliver
4TX8,Krum - Addington
4TX9,Hico - Little C Ranch
4U6,Circle Town
4U7,Conner - West Fork
4U9,Dell
4UT8,Price - Castleview Hospital Helipad
4V0,Rangely
4V1,Walsenburg - Spanish Peaks
4V4,Northwood Muni/Vince
4V6,Hay Springs
4V8,West Dover - Deerfield Valley
4V9,Neligh - Antelope
4VA0,Purcellville - Egypt
4VA1,Martinsville - Davis
4VA2,Cross Junction - Kuhn
4VA3,Richmond - Flying W
4VA4,Yorktown - Coastal Seaplanes Legasea
4VA5,Arrington - Starr
4VA6,Atlantic - Taylor
4VA8,Richmond - Christian'S
4VA9,Rixeyville - Pleasantdale
4VG2,Ashland - Cool Water
4VG8,Fredricksburg - Robbie Campbell Meml
4W0,Bandera
4W4,Hurdle Mills - Whitfield Farms
4WA0,Royal City - Farms
4WA1,Skamania - Brown'S Cape Horn
4WA2,Little Rock - Cricket
4WA3,Longview - St
4WA4,Lopez - Windsock
4WA6,Sequim - Hq
4WA7,Mc Cleary - Mark Reed Hospital
4WA8,Deming - Riverside
4WA9,Port Orchard
4WI0,Chippewa Falls - Wissota
4WI1,Rio - Bancroft
4WI2,Crandon - Island View
4WI3,Cumberland - Northwoods Romeo
4WI4,Tomahawk - Turner
4WI5,Eau Claire - Carlson
4WI6,Prairie Du Chien - Crossing Rivers Health
4WI7,Kohler - Sheboygan County
4WI8,Galesville - Carhart Farms
4WI9,Cornell
4WN2,Vesper - Swensen
4WN3,Lakewood Airpark
4WN4,Fredonia - Geis
4WN5,Balsam Lake - David
4WN6,Marinette - Center
4WN7,Green Bay - Aegis
4WN8,Dousman - Lynn Louise
4WN9,Salem - Digger Dougs
4WV4,Medley - Heaven'S Landing Airstrip
4X4,Wessington Springs
4XA2,Kenedy - Card
4XA3,Clyde - Owen
4XA4,Rockdale - Apache Pass
4XA5,Burkburnett - Dave
4XA6,Port Arthur Medical
4XA7,Irving Baylor
4XA8,Kermit - Hospital
4XA9,Longview - Northpark
4XS0,Waller - Farms
4XS1,Corsicana - Coyote
4XS2,Paradise - Teate
4XS3,West Columbia Lakes
4XS4,Carrollton Medical
4XS5,Wiergate - Scrappin Valley
4XS6,Willow City - H Young Ranch
4XS8,Creedmoor - Sts Vip
4XS9,Wimberley - Cajun Hills Ranch
4Y4,Gaylord - Lakes Of The
4Y8,Yale - Para
4Y9,Harrietta - Eagles Landing
4Z5,Horsfeld
4Z7,Hyder
4Z9,Jakolof Bay
50AK,Point Mackenzie - Robin'S Landing
50AR,Danville - Yell County Ems
50AZ,Rocky Ridge
50CA,Long Beach - Center
50CL,Lakewood La
50CN,Palmdale Medical
50CO,Castle Rock
50D,Crystal Falls - Iron County
50F,Fort Worth - Bourland
50FA,Lehigh Acres
50FD,Altha - Cattle Creek Ranch
50FL,Jay - Zoltak Landing
50G,Chesaning - Howard Nixon
50GA,Valdosta - Mallory
50I,Kentland
50ID,Shoshone - Lincoln County
50II,Bainbridge - Way
50IL,Antioch - Midland
50IN,Crawfordsville - Ropkey
50IS,Freeport - Fhn Meml Hospital
50K,Pawnee City
50KS,Parsons - Clemens
50KT,Prestonsburg - Highlands
50KY,Paris - Zanzibar Farm
50LA,Thibodaux - La
50LS,Satsuma - Support
50M,Eagleville - Puckett
50MD,Grasonville - Queen Anne Er
50ME,Marion - Rocky Lake
50MI,Greenville - Burgess Lake
50MN,Ortonville Hospital
50MO,West Plains - Ozarks Medical Center
50MS,Hattiesburg - Merit Health Wesley
50MT,Laurel - Fly Wm
50NC,Kannapolis - Ervin
50NE,Aurora - Elge
50NH,Alton - Smith Point
50NJ,Express Marine
50NM,Rio Rancho - Sandoval
50NR,Tarboro - Ecu Health Edgecombe
50NY,Hemlock - Old Fort Farm
50OG,Forest Grove - Teufel'S
50OH,Jamestown - Aerodrome Les Noyers
50OI,Ashville - Beckman
50OK,Oklahoma City - Center
50OR,Bend - Estates
50PA,Stroudsburg - Pegasus Air Park
50R,Lockhart
50S,Parma
50SC,Seneca - Oconee Nuclear
50TA,Geronimo - Moltz
50TE,West Columbia
50TN,Paris Landing
50TS,San Antonio - Tj-Cj Private
50TX,Blanco - Kennedy Ranch
50VA,Lynchburg - L G Hospital
50WA,Chehalis - Hartley
50WI,Mount Pleasant - Waxdale
50XA,El Paso - Center
50XS,Quemado - Hughes Ranch
51A,Hawkinsville
51AK,Talkeetna - Birch Creek Landing
51AL,Ardmore
51AR,Ozark - Byrds Backcountry Airstrip
51AS,Helena - Burks
51AZ,Prescott Valley - Yavapai
51CA,Lucerne Valley - Kelly
51CL,Galt - Vetters Sky Ranch
51CO,Granby - Kremmling Meml Hospital
51D,Edgeley
51FA,Jacksonville - Uf Health
51FD,Leesburg - Airstrip
51FL,Chiefland
51G,Clio - Alkay
51GA,Tyrone - Smith
51ID,Little Valley
51IL,Mansfield - Marvin D Bradd
51IN,West Lafayette - Dahnke
51IS,Griggsville - Curry
51J,Lake City Cj
51K,Olathe - Cedar Air Park
51KS,Elmo - Barnard
51KY,Whitesburg - Appalachian
51LA,Independence - Ctr
51LS,Sunset - Red Oak Landing
51M,Mio - Meml
51MA,Rockport - Bsas# 2
51ME,Chesterville - Beaver Creek
51MI,Pontiac - Lake Cove
51MO,Plattsburg
51MY,Tower - Ab Squared
51NC,Zebulon - Phillip R Bunn
51NE,Fort Calhoun - Bil Lo
51NH,Deerfield - Blue Puffin Farm
51NK,East Moriches The
51NY,Holley - Maxon
51OH,Ottawa - Agner
51OI,Canal Fulton - Clay'S Rv
51OK,Beggs - Eagle Creek
51OR,Salem - Pge
51PA,New Oxford - Lamberson
51PN,Blawnox - Park
51R,Madisonville Muni
51SC,Ft Mill
51TA,Fort Worth - Helistop
51TE,Waxahachie - Barstool Ranch
51TN,Columbia - Glendale
51TS,Sherman - Wilson N Jones
51TT,Austin - Hoes Ranch
51TX,Van - N D Ranch
51VA,Manassas - Skyview
51WA,Black Diamond - Evergreen Sky Ranch
51WI,Oshkosh - Gallinger
51WT,Fruitland - Whiterik
51XA,Mckinney - Emergency Dept
51Z,Minto Al
52A,Madison Muni
52AK,Sutton - Crag Mountain
52AL,Flat Rock - Triple R Ridge
52AR,Greenbrier - Ira'S Airstrip
52AZ,Seligman - X 1 Ranch
52B,Moosehead Aero Marine
52CA,Riverside - Lake Mathews
52CL,Adelanto
52CN,Paynes Creek - Ponderosa Sky Ranch
52CO,Monument - Mountain View Ranch
52F,Roanoke - Aero Valley
52FA,Lake Wales - Bent Willies
52FL,Frostproof - Lake Clinch
52I,Pinconning - Gross
52ID,Eagle Hills
52IL,Paxton - Hasselbring
52IN,Angola - Strebig
52IS,Minooka - Dresden Power
52J,Bishopville - Lee County
52K,Onaga - Charles E Grutzmacher
52KS,Eudora - Bland
52KY,Paris - Air Castle
52LA,Bell City - Bruce Beard
52MI,Oakland Township - Six C'S
52MN,Kennedy - Anderson Fld
52MO,Kingsville - Rainbow Avn Stol
52MY,Wyoming - Mhealth Fairview Lakes
52NC,Jacksonville - Epley
52ND,Hunter - Richtsmeier
52NE,Morrill - Svitak
52NH,Amherst - Baboosic Lake
52NJ,Annandale - Company
52NK,Sylvan Beach - Collins
52NM,Alamogordo - Timberon
52NR,Goldston - Derksen
52NY,Honeoye Falls - Bedson'S Land
52OA,Alexandria - Area 52
52OH,Coshocton
52OI,Canton - Mercy Medical Center
52OR,Scappoose - Chinook Ultralight
52PA,Tamaqua - Wildcat
52PN,Greencastle
52S,St Ignatius
52TA,Trenton - Red Wing
52TE,Junction - Robinson Ranch
52TN,Beechgrove - Disney Farm Stol
52TS,Spicewood - Ranch
52U,Atlanta - Weatherby Usfs
52WA,Benge - Honn Farm
52WI,Athens - Johns
52WT,Touchet - Galt'S Gulch
52XA,Wichita Falls - Klinkerman
52XS,Webster - Lake
52Y,Remer
52Z,Moose Pass - Summit Lake
53A,Montezuma - Sr
53AK,Sterling - Lakewood Airstrip
53AR,Rogers Mercy
53AZ,Kingman - Range
53CA,Simi Valley - Hummingbird Nest
53CL,Anchor Bay - Lofty Redwoods
53CN,Grimes - Thayer Aviation
53CO,Two Buttes - Rons
53FA,Land O ' Lakes - Pasco Sheriffs Office
53FD,Tallahassee - Charlotte'S
53FL,Gainesville University
53GA,Cave Spring - Dawson
53IA,Tama
53II,Woodburn - Steinman
53IL,Tiskilwa - Steil
53IN,Kokomo - Hartman Farms
53IS,Benton - Franklin Hospital
53K,Osage City
53KS,Hesston - Weaver Ranch
53KT,Liberty Casey
53KY,Lexington - Baptist Health Hamburg
53LA,Breaux Bridge - Saint Martin Hosp
53MI,Commerce - Hospital
53MN,Lyle - Radloff
53MO,Zalma - Help
53MT,Belgrade - Pass Creek
53NC,Lumberton - Mynatt
53ND,Hurdsfield - R. Leep Strip
53NE,Ashland - Starns Brothers
53NH,Meredith
53NR,Asheville - Barker Private Stol
53NV,Battle Mountain Ems
53NY,Honeoye Falls - Smiths Land Base
53OH,Paulding - Charloe
53OI,Cleveland - Metro
53OK,Tuttle - Thompson Private
53OR,Beaverton - Center
53T,Somerset - Cannon
53TA,Vernon - Shivers Private
53TE,San Antonio - Hills
53TN,Knoxville - Fort Sanders Rmc
53TS,Frisco Baylor
53TX,Somerset - Cannon
53U,Bigfork - Ferndale
53VA,Midland - Horse Feathers
53VG,Painter - The Salmon Farm
53W,Winn - Woodruff Lake
53WA,Prosser Hospital
53WI,Eau Claire - Heyoka
53WT,Forks Community
53XA,Angleton - Mcintyre Flying
53XS,San Benito - Kornegay Private
54AK,Wasilla - Kalmbach Lake
54AR,Altus - Winfield
54AZ,Somerton
54CA,Riverside Community
54CL,Anza - Lake Riverside Estates
54CN,Placerville - Akin
54CO,Craig - The Meml Hospital
54FA,Weston - Cleveland Clinic
54FD,Orlando - Lm-Ets
54FL,Tampa - Teco Plaza
54GA,Valdosta South
54II,Bunker Hill - Caldwell
54IL,Streator - Rothrock
54IN,Indianapolis - 2
54IS,Ohio - Zea Mays
54J,Defuniak Springs
54KS,Wellsville - Michael
54KY,Murray - Rudenberg
54LA,Natchitoches - Cunningham
54LL,Springfield Meml
54MA,Rossville - Wolf River
54ME,New Gloucester - Cliff Dow
54MI,Bryon - Pingston Aeroworks
54MN,Bemidji Sanford
54MO,Silex - Herrmann-Faulk
54MU,Skidmore - Brown
54NC,Winfall - Dillard
54NH,Meredith - Flying Ridge
54NR,Reidsville - Bethany
54NY,Warwick - Fox Hollow
54OH,Paulding - Buehler
54OI,Coldwater - Community Hospital
54OK,Mounds - Ambassador Ultralightport
54OR,Bend - Center
54PA,Martinsburg - Pine Bottom
54PN,Monroeville - Forbes
54T,Baytown - Rwj
54TA,Waxahachie - George P Shanks
54TE,Thrall - Camelot
54TN,Collierville - Argonaut Airstrip
54TS,Weatherford - Ranch
54TT,Liberty Hill - Harrell
54TX,Kingsland - Flying H Ranch
54U,Big Creek
54UT,Washington Terrace - Ogden
54VA,Newport News - Riverside Hospital
54VT,Vernon - Renaud
54W,Albany
54WI,Woodville - Flyplassen
54XA,Valley View - Flaherty
54XS,Del Rio - Bar C Ranch
55AK,Wasilla - Lawrence Airstrip
55AL,Sylacauga - Zone
55AR,Eureka Springs - Silver Wings
55AZ,Stanfield - Potters
55CA,Pleasanton - Stanford Health Care-Valleycare
55CL,Arbuckle - Strain Ranch
55CN,Los Angeles - Sunset-Glendale
55CO,Elizabeth
55D,Brown City - Burgess
55FD,Baker - Dotson
55G,Croswell - Arnold Fld
55GA,Lawrenceville - Northside Hospital Gwinnett
55GE,Tennga - Rostex
55H,Atlanta
55I,Spencer - Slate Run
55ID,Sandpoint - Spear Valley
55II,Franklin - Johnson Meml Hospital
55IL,Manteno - Brandt
55IN,Woodburn - Brenneke
55IS,Grandview - Glatthaar
55K,Oxford Muni
55KS,Tipton - Ringneck Ranch
55KY,Owensboro Health
55LA,Port Barre - T & M
55LL,Union - Sky Soaring
55M,Star City
55ME,Searsmont - Highland View
55MI,Detroit - Henry Ford
55MN,Buckman - Britz
55MO,Jonesburg - Tightsqueeze
55MT,Hamilton - Elk Meadow Airstrip
55NC,Kinston - Lenoir Meml Hospital
55ND,Killdeer - Pete
55NE,Omaha - Bergan Mercy Hospital
55NH,Piermont - Oxbow
55NK,Rochester - Unity Hospital
55NM,Belen - 1
55NR,Oakboro - Fivepoints
55NV,Elko - Pruitt Aviation
55NY,Jamestown - Ridgeview
55OI,East Palestine - Aero Flight Center
55OK,Inola - Gilstrap
55OL,Guthrie - Higley
55OR,Corvallis - Muddy Creek
55PA,Treskow - Sency
55PN,Phoenixville
55S,Packwood
55SC,Rock Hill - Falls Landing
55T,Conway - Eagles Aerodrome
55TA,Conroe Hca
55TE,Texas City - Matt Doyle Airpark
55TN,Lenoir City - Center
55TT,Jacksboro - Flyin Armadillo
55TX,Beaumont - Stonecipher
55WA,Yakima - Wilkinson Ranch
55WI,Nekoosa - Cranmoor Airstrip
55WN,Eau Claire - Pritchard
55XA,Deer Park East
55XS,Spofford - Frontier
55Y,Rushford
56AK,Mc Grath - Hinkes
56AL,Athens - Beechwood
56AR,Little Rock
56AZ,Tonopah - Mauldin Airstrip
56C,Belding - Boulder Canyon
56CL,Blythe - Sw
56CO,Durango - Animas Air Park
56D,Upper Sandusky - Wyandot County
56F,Rotan/Roby - Fisher County
56FA,Tamarac
56FD,Malone - North
56FL,Jay - Buchanan
56GA,Marietta - Kennestone
56I,Kendallville - Big Long Lake
56II,Decatur - Hospital
56IL,Caledonia - Lee Creek
56IN,New Haven - Casad Industrial Park
56IS,Thomasboro - Liannimal'S Landing
56KY,Leitchfield - Center
56LA,Keithville - Old Hickory Ranch
56LL,Waterman - Wade
56ME,Easton - Russell Fld
56MI,Dearborn Beaumont
56MN,Morton - Lothert'S Farm Strip
56MO,Fulton - Flying E
56MU,Springfield - Center
56NC,Tryon - Wheat
56NE,Ravenna - Noble
56NH,Middleton - Therriaults Landing
56NK,Buffalo General
56NY,Kendall - Maynard'S
56OH,Petersburg - Richey
56OI,Kipton - Double S Farms
56OK,Cashion - Winding Creek
56OR,Gresham - Center
56PA,Tinicum - Hoge Farm
56PN,Philadelphia - Corp
56S,Seaside Muni
56TA,Grand Prairie - Dallas
56TE,Eagle Pass - 57
56TN,Knoxville - Hq
56TS,Elgin Intracontinental
56TX,Warrenton - Anchorage Farm
56VA,Virginia Muni
56WA,Tacoma
56WI,Mosinee - Jaks
56WV,Rowlesburg - Cheat River
56XA,Texas Huguley
57A,Tokeen
57AK,Big Lake - Fly8Ma Pilot Lodge
57AL,Loxley - Baswell
57AR,Ashdown - Sandy Ridge Farms
57AZ,Tucson - La
57B,Islesboro
57C,East Troy
57CA,Orange - Center
57CL,Boron
57CN,Rancho Murieta - Van Vleck
57CO,Fort Collins Banner
57D,Ray
57FA,St Cloud - Lake X
57FD,Ocala Advent
57FL,Odessa - Keystone
57GA,Blue Ridge Skyport
57II,Jamestown - Reimer Aerodrome
57IL,Peotone - South
57IN,Bedford Iu
57IS,Fairfield - Dozier
57KS,Emmett - Get Away Runway
57KY,Belcher Rgnl
57LA,Church Point - Aslh-Heli-Pad
57LS,Leesville - Prairie Creek
57MA,Nantucket Cottage
57ME,Fryeburg - Dyer'S Landing
57MI,Acme Historic
57MO,Dixon - Wodohodsky Ranch Llc
57MT,Hamilton - Flying K
57NC,Bryson City - Sossamon
57ND,Kindred - Odegaard
57NE,Merriman - Cole Meml
57NH,Moultonborough - Red Hill
57NJ,Brick - Barnegat Bay Marina
57NM,Claunch - Monte Prieto Ranch
57NY,Athens Emergency
57OH,Port Washington - Fillmans Farms
57OI,Lawrenceville - Logan'S Chance
57OK,Atoka County
57OR,West Linn - Wilson Helispot
57P,Clear Lake
57PA,Tioga - H&H Personal Use
57PN,Mansfield - Victor Curtis
57S,Troy
57SC,Kiawah Island
57TE,Leakey - Prade Ranch
57TN,Crossville - Cumberland County Hospital
57TS,Huntsville - Raven'S Nest
57TX,Trinity - Frank Toole Meml
57VA,Hillsville - Wemmering
57VT,Middlebury - Porter Medical Center
57WA,Northport - Crown Creek Ranch
57XA,New Braunfels - Ausmus
57XS,Moran - Mission Mtn
58A,Tolsona Lake
58AK,Wasilla - Fairview
58AR,Bentonville - Sugar Creek
58AZ,Young - Chapman Ranch Airstrip
58C,Edgerton - Jana
58CA,Los Angeles - Jay Stephen Hooper
58CL,Borrego Springs Air
58FA,Riverview - Joseph'S
58FD,Dundee - Southerly
58GA,Sandersville - Washington County
58IA,Burlington - Diewold
58II,Boggstown - Eagles Nest
58IL,Manteno - Spangler
58IN,Spencerville - Hilltop
58IS,Marion - Va Medical Center
58J,Timmonsville - Huggins Meml
58KS,Salina - Burger'S Valley
58KY,Finchville - Willow Island
58LA,Wilson - Sydal Acres
58M,Elkton - Claremont
58MA,Marlboro Boston
58MI,Monroe Rgnl
58MN,Annandale - Iverson
58MO,Crystal City - Mercy Hospital Jefferson
58MT,White Sulphur Springs - Galt Ranch
58MU,Jane - Arkmo
58N,Palmyra - Reigle
58NC,Rutherfordton - Fox Haven Plantation
58NE,Nebraska Methodist
58NH,Danville - Wallace
58NJ,Atlantic City - Harrah'S Landing
58NR,Hookerton - Chase
58NY,Freeport
58OH,Put In Bay - Rattlesnake Island
58OK,Bartlesville - Jane
58OR,Roseburg - Umpqua
58PA,Meyersdale - Pax-Terra Caelum
58PN,Muncy - J Walker Landing
58S,Whitefish
58T,Decatur - Heritage Creek Airstrip
58TE,Denison - Harrison
58TN,Linden - Stol-It Farm
58TT,Athens - K
58TX,Brock - Tailspin Estates
58VA,Calverton - Walnut Hill
58WA,Pomeroy - Inc
58WI,Hustisford - Riegleman
58WT,Bellingham - Goshen
58XA,Rocksprings - Kubik Ranch
58XS,Sterling City - Entire'S
59AK,Wasilla - Penderosa
59AL,Mobile - Springhill Medical
59AR,Jonesboro - Hodges
59AS,Battle Ground - Becker
59AZ,Chino Valley - Robin
59B,Jackman - Newton
59CA,San Ramon - Little Hands Stolport
59CL,Brawley - O'Connell Brothers
59CN,Pleasant Grove - James Brothers
59CO,Pierce - Nilhas Aero Ranch
59FA,Brandon - Mango Lake
59FD,Immokalee - Big Cypress
59FL,Florida Power
59GA,Winder - Barrow Medical Center
59IA,Williamsburg - Bellevue Farms
59ID,Palisades
59II,Mount Vernon - Posey Patch Ultralightport
59IL,Maple Park - Ruder
59IN,Walkerton - Pines
59IS,Greenville - Hospital
59KS,Mildred - Lamb Ranch
59KY,Deatsville - Samuels Springs
59L,Los Angeles Hall
59LA,Delcambre Transco
59M,Eastport - Torchport
59MI,Marine City - Janski
59MN,Roosevelt - Cox-Coyour Meml
59MO,Hermann Area
59NC,Gibsonville - Mclean Brothers
59NE,Boelus - Nelson
59NH,Windham - Crawford
59NJ,Colts Neck - Due Process Stables
59NM,Clovis - Lockmiller & Sons
59NY,Lockport - Bent-Wing
59OH,Bethel - Kelch
59OI,Middlefield - Airwolf
59OK,Braggs - Camp Gruber
59OR,Umatilla - Mc Nary Dam
59PA,Friendsville - J P Reilly
59PN,Hershey - Brookside Farms
59TE,Katy - Hoffpauir
59TN,Ridgely - Wynnburg
59TS,George West - Rossler Ranch
59TX,Godley - Benjamin Franklin
59WA,Tenino - Sorrell
59WI,Cottage Grove - Little Wheel
59XA,Texas Farms
59XS,Temple - Hospital
5A1,Norwalk Huron
5A2,Warner Robins
5A4,Okolona
5A6,Winona Montgomery
5A8,Aleknagik New
5A9,Warm Springs - Roosevelt Meml
5AK,Tazlina Smokey
5AK0,Trading Bay
5AK1,Tyonek - Beluga
5AK2,North Pole - Howards
5AK3,North Pole - Airway
5AK4,Glennallen - Snowshoe Lake
5AK5,Wasilla - Todds Strip
5AK6,Palmer - Colberg
5AK8,Wasilla - Memory Lake
5AK9,Palmer - Grandview Subdivision
5AL0,Guntersville - Marshall Medical Center
5AL1,Chapman - Mc Gowin
5AL2,Theodore - Midstream Fuel Service
5AL3,Montevallo - Flying X Ranch
5AL4,Clanton - Auth
5AL5,Muscle Shoals - Big River
5AL6,Dadeville - Hospital
5AL7,Kinston - John H
5AL8,Samson - Fairlane
5AL9,Athens Limestone
5AR1,Tillar
5AR2,Turrell
5AR3,Wabbaseka
5AR4,Holly Grove - Baseline
5AR5,Little Rock - Med Flight
5AR6,Little Rock - Southwest Hospital
5AR7,Weiner - Keller Airfield
5AR8,Green Forest - Hostetler'S
5AR9,Mountain Home - Baxter County
5AZ0,Scottsdale - Lyon Aviation Rooftop
5AZ2,Phoenix - Southern Command Police
5AZ3,Queen Creek - Pegasus
5AZ4,Tucson - Hospital
5AZ5,Tucson - Saguaro
5AZ6,Mobile - Motown
5AZ7,Stanfield - Carranza Farm Airstrip
5AZ8,Sedona Medical
5AZ9,Fort Thomas - Regeneration
5B1,Island Pond - John H Boylan
5B2,Saratoga Springs County
5B4,Bowbells
5B5,Napoleon Muni
5B6,Falmouth Airpark
5B7,Troy - Rensselaer County
5B9,Haverhill - Dean Meml
5BK,Black Rapids
5BL,Homer Beluga
5C1,San Antonio - Boerne Stage
5C5,Craig - El Capitan Lodge
5C8,Washburn
5CA0,Glendale Dreamworks
5CA1,San Ardo Chevron
5CA2,Barstow - Ord Mountain
5CA3,San Rafel
5CA4,Barstow - Ludlow
5CA7,Five Points - Agro-West
5CA8,Ione - Howard Private
5CD,Chandalar Camp
5CL0,Mariposa - Grupe Ranch
5CL1,Santa Margarita - Robert Oliver Airpark
5CL2,Gilroy - St
5CL3,Modesto - Mapes Ranch
5CL4,Salinas - Natividad Medical Center
5CL5,Irvine - Kcin Emergency
5CL6,Los Angeles - Bldg
5CL7,Parker Dam - Gene Wash Reservoir
5CL8,Arvin - Northshore
5CL9,Auberry - Table Mountain
5CN4,Cuyama - Vosburgh
5CN5,Taylorsville - Palmaz Ranch
5CO0,Cheyenne Wells - Windy Plains
5CO1,Austin - Llc
5CO2,Loveland - Center
5CO3,Delta - Jim'S
5CO4,Byers - Spickard Farm
5CO5,Carr - Black Hollow
5CO6,La Garita
5CO7,Craig - Mesa View Ranch
5CO8,Oak Creek - Pleasant Valley
5CO9,Wray - Wcdh
5CT0,Eastford
5CT1,Nangatuck - Rondo
5CT4,Norwalk Hospital
5CT5,Bethlehem - Thomson
5CT6,Eastford - Buell Farm
5CT7,Old Lyme - Mile Creek
5D1,Canton - Stark County Sheriff
5D2,Northwood Muni
5D5,Northport - Woolsey Meml
5D6,Carrollton - Parsons
5D7,Dayton Transportation
5D9,Clyde - Bandit
5DC3,Washington - Cedar Hill
5E9,Radnor - Packer
5F0,Arcadia Bienville
5F1,Post
5F4,Homer Muni
5F5,Keithville - Bluebird Hill
5FA0,St Augustine - Silver-Leaf Hospital Helistop
5FA1,Fruitland Park - Flying Palomino Ranch
5FA2,Davenport - Orlando Health Reunion
5FA6,Palm Beach Gardens - Helistop
5FD0,Old Town - Manatee Springs
5FD1,Clarksville - Ron Wood
5FD2,West Palm Beach - Rybovich
5FD3,Palmetto - Helipad
5FD4,Bunnell - Center
5FD5,Apopka
5FD6,Boca Grande
5FD7,Brooksville - Chinsegut
5FD8,Cape Coral - Bokeelia Helistop
5FD9,Cape Coral - St
5FL0,Dade City - Dusty Airpatch
5FL1,Keaton Beach - Ezell
5FL2,Bradenton Hca
5FL3,Brandon Hca
5FL4,Elkton - Byrd Air
5FL5,West Palm Beach County
5FL6,Okeechobee - Gary Stark
5FL7,Hernando - Twelve Oaks
5FL8,Greenwood - Chipola
5FL9,Florida Prime
5G0,Le Roy
5G4,Drummond - Eau Claire
5G7,Bluffton
5G8,Jeannette
5GA0,Haralson - Gable Branch
5GA1,Waynesboro - Vanguard Landing
5GA2,Whitesburg - Lyons Landing
5GA3,Williamson - Eagles Landing
5GA4,Woodstock - Air Acres
5GA5,Griffin - Pinebrook Estates
5GA6,Lilly - Roney Farms
5GA7,Franklin/Glenn - Panacea
5GA9,Carrollton - Rayworth Landing
5GE1,Fort Valley - Peachtree Landings
5H4,Harvey
5HO,Hope
5I2,Flora Muni
5I4,Sheridan
5I6,Galveston
5IA0,Newton - Skiff Medical Center
5IA2,Sioux City - 2
5IA3,Humeston - Watkins Private
5IA5,Rudd - Folkerts
5IA6,Renwick - Flying S Ranch
5IA7,Wellman - Murphy
5IA8,Rock Rapids Sanford
5IG9,Sulphur Springs - Kramer
5II1,New Winchester - Layne
5II2,New Whiteland - Miles
5II4,Mooresville - Hopkins
5II5,St. Wendel - Koester
5II7,Fort Wayne District
5II8,Palmyra - Jacobi
5II9,Youngstown - Aero Plaines
5IL0,Herrin
5IL1,Pecatonica - Olson
5IL2,Pinckneyville - Panther
5IL3,Galesburg - Osf St. Mary
5IL4,Marissa - Prairie State Generating
5IL5,Mazon - Hope
5IL6,Marion Deaconess
5IL8,Walnut - Woodley 2
5IL9,Salem Township
5IN0,Lagrange - Yoder
5IN1,Indiana West
5IN2,Mishawaka - Joseph'S
5IN3,Tipton - Tragesser
5IN4,Valparaiso - Wyckoff Airstrip
5IN5,Warsaw - Berkey
5IN6,Westville - Orthodontic Strip
5IN7,Marion General Hospital
5IN8,Warsaw Parkview
5IN9,Wolflake - Stangland
5IS1,Carbondale Meml
5IS2,Carrollton - Boyd Hospital
5IS3,Evansville - Riverveiw
5IS4,Lake City - Corman Acres
5IS7,Fairmount - Cast
5IS8,Mc Henry - Mchenry
5IS9,Carthage - Mc Pherson
5J5,Holly Hill
5J9,Loris - Twin
5JY9,Inez - Air Evac 116
5K0,Bird City - Bressler
5K1,Palmyra - Zelmer Meml
5K2,Tribune
5K4,Rushville - Schuy-Rush
5KE,Ketchikan Harbor
5KS,Kasilof
5KS0,Anthony
5KS1,Mc Louth - Threshing Bee
5KS2,Troy - Dittemore
5KS3,Plainville - Birddog
5KS4,Fort Scott - Goans
5KS6,Manhattan - Tracy
5KS7,Anthony Hospital
5KS8,Mc Donald - Jack Poore
5KS9,Bonner Springs - Ney
5KY0,Nicholasville - St
5KY1,Bardstown - Flaget Meml Hospital
5KY2,Shelbyville - Papaws Landing
5KY3,Berea St
5KY4,Elkton - Standard
5KY5,Cadiz - Seven Springs Farms
5KY6,Graham - Hp
5KY7,Winchester - Colby
5KY8,Salvisa - Harold Reynolds
5KY9,London St
5L0,Lakota
5L6,Wasilla Lake
5LA0,Shreveport - Juneau
5LA1,Moreauville - Kent'S Flying Service
5LA2,Morgan City - Mobil
5LA7,New Iberia - Llc
5LA8,Lake Charles - La
5LA9,Sunset - Ron
5LL0,Mount Carmel - Beckerman
5LL1,Moweaqua - Hilvety
5LL2,Moweaqua - Kroenlein
5LL3,Murdock - Mayhall
5LL5,Trivoli - Gordon Brown
5LL7,Union - Funny Farm
5LL8,Union Hill - Hugh Van Voorst
5LL9,Morrison
5LS6,Mer Rouge - Arkla Flyers Inc
5LS9,Zwolle - Ammons
5M0,Hartselle
5M1,De Witt - Dewitt
5M4,Fordyce
5M5,Decatur - Crystal Lake
5M6,Gladwin - Sugar Springs
5M8,Gurdon
5MA3,West Brookfield - Pasport
5MA4,Carver - Double A
5MA6,New Bedford - Luke
5MA8,Southwick - South
5MA9,Westport - Allen'S Pond
5MD0,Ridgely - Marble Head Farm
5MD2,Frostburg - Marsh
5MD3,Hagerstown - Meritus Hospital
5MD4,Federalsburg - Oak Grove Farm
5MD5,Princess Anne - Arcadia Farms
5MD7,Princess Anne - Bluemel
5MD8,La Plata - Edelen
5MD9,Bethesda - Suburban
5ME,Naples - Pond
5ME2,Gray - Frogg Island
5ME9,Maine Center/Augusta
5MI0,Detroit Medical
5MI1,Cedar Springs - Wilds
5MI2,Harrisville
5MI3,Owosso - Scotts Landing
5MI4,Millington - Lewis
5MI5,Kalamazoo - Borgess Medical Center
5MI6,Southfield - Tv2
5MI7,Jackson - Williams
5MI8,Farmington Hills Beaumont
5MI9,Rochester - Mc Phail Corporation
5MN0,High Forest - Scrabeck
5MN1,Nary
5MN2,Bagley - Hoiland
5MN3,Hibbing - Range
5MN4,Clearwater - Seven Hills
5MN5,Lindstrom - Barnes
5MN6,Grand Papids - Northbound
5MN7,Deerwood - Lindey'S Landing
5MN8,Pine River - Ideal Fire
5MN9,Middle River - Chanlin
5MO,Queen City - Applegate
5MO0,Branson - Skaggs Community Hospital
5MO1,Moberly - Irons
5MO3,Monett - Bil-Mitch
5MO5,Kansas City - St Lukes Hospital
5MO6,Hurdland - Vansickle-Davis
5MO7,Shell Knob - Pilots Point
5MO9,New Boston - Oak Ridge Farms
5MS1,Rolling Fork - Rollang
5MS2,Lakeshore - Turkey
5MS3,Columbia - Porter
5MS4,Canton - Walnut Creek
5MS5,Picayune - Mint Julep
5MS6,Brandon - Dee'S
5MS7,New Albany - County
5MS8,Okolona - Ball
5MT5,Wolf Point - Unrau
5MU5,Drexel - Gjerde
5MU9,Ironton - Sky Ranch Ii
5N2,Prentice
5N4,Enderlin - Sky Haven
5N7,Nunica - Hat
5N8,Casselton
5NA0,Max - Semchenko
5NA2,Portland - Haugen Farm Airstrip
5NC0,Goldsboro - Carolina Kidney
5NC1,Mocksville - Tara Airbase
5NC2,Mocksville - Sugar Valley
5NC3,Locust - Reed Mine
5NC4,Murphy Medical
5NC5,Chapel Hill - The Duchy
5NC6,Tarboro County
5NC7,Winston-Salem - Nc Baptist Hospital
5NC8,Yadkinville - Unifi
5NC9,Fayetteville - Sprint/Carolina Telephone
5ND0,Buford - Stiehl
5ND3,Bathgate - Craig Private
5ND4,Lidgerwood - Tesch Strip
5ND9,Hillsboro - Deck
5NE1,Ringgold - Trumbull Ranch
5NE2,Shubert - Eickhoff Strip
5NE3,Stapleton - Diamond Bar Jones
5NE4,Sutherland - Snyder Ranch
5NE5,Sutherland - Trego
5NE6,Trenton - Bakers Acres
5NE8,Nebraska City - St
5NE9,Venango - Dodson Brothers
5NJ2,Stanton - Herr Mountain
5NJ4,Trenton
5NJ5,Trenton - Atsion Helistop
5NJ7,Phillipsburg - Warren Hospital
5NK,Naknek
5NK0,Chaumont - Salubrious Point
5NK1,Newark - Toggenburg
5NK2,Westhampton Beach - Alexander'S
5NK3,Westhampton Beach
5NK4,Olean
5NK5,Islandia - Computer Associates
5NK6,Fort Plain - Nautical Mile
5NK7,Pawling - Hammersley Hill
5NK8,Pawling - South
5NK9,Wales - Treichler Farm
5NY1,Meridale - Stonewall Pastures
5NY3,Lewiston - Hospital
5NY4,Rome - Stanwix Heights
5NY5,Gardiner
5NY7,Goshen - Rolling Hills
5O1,Vici
5OH0,Batavia - Mercy Clermont Hospital
5OH1,Ashland - Center
5OH2,Ashland - Odot District 03
5OH3,Bellefontaine - Mary Rutan
5OH4,Austinburg - Armington
5OH6,Raymond - Oakhaus Landing
5OH7,Fairfield Mercy
5OH8,Columbus - Company
5OH9,Malvern - Furey
5OI0,Loveland - Rohrer
5OI3,Kinsman - Sheets
5OI5,Willshire - Hamrick
5OI7,Curtice - Gruetter
5OI8,Johnstown - Mcknight
5OI9,Sherwood - Rogers Private
5OK0,Hydro - Kits
5OK1,Claremore Hospital
5OK2,Non - Christopher M Rippee
5OK3,Vinita - Stearmans Roost
5OK4,Goldsby - Pacer
5OK5,Clinton Rgnl Hospital
5OK6,Ramona - Dch Annex
5OK8,Thomas - Perkins
5OK9,Luther - Hsh Airstrip
5OL5,Lexington - Willsee
5OR0,Selma - Backachers Ranch
5OR1,Molalla - Helitradewinds
5OR2,Sheridan - Bushnell
5OR3,Siletz
5OR4,Sprague River - Flying T Ranch
5OR5,Bend - Juniper Air Park
5OR6,Ontario - Center
5OR7,Stayton - Helistop
5OR8,Stayton - Hatch
5OR9,Stayton - Lone Oaks Ranch
5P2,Mc Laughlin
5P5,Presho
5PA0,Carmichaels - Blomster
5PA1,Mainville - Broadt Personal Use
5PA2,St John'S - Double D Skyranch
5PA3,Manheim - Metzler
5PA4,Phoenixville - Nesspor
5PA5,Monongahela
5PA6,Russell - Shield Farm
5PA7,Unionville - Indian Sleep Farm
5PA8,Conshohocken
5PA9,Strattanville - Taylor Flight Park
5PN0,Mt. Bethel - Lamtec Corp
5PN2,Towanda Robert
5PN3,Tyrone Penn
5PN4,Hatboro - Mahon
5PN5,Rouzerville - Bittner Whitsel
5PN6,Lewistown - Geisinger Hospital
5PN7,Ivyland - Jarrett
5PN8,Calvin - Lincoln Farms
5PN9,Harrisburg - Upmc Pinnacle
5PS1,Lancaster General
5PS2,Paoli Meml
5PS3,Pittsburgh - Center
5PS4,Pleasantville - Rt36 Ems
5PS5,Duncannon - Chestnut Hill
5PS7,Lewisburg - Evangelical Community Hospital
5PS9,West Rockhill - Tate
5Q2,Chester Usfs
5QC,Quartz Creek
5R1,Chatom - Roy Wilcox
5R2,Ocean Springs
5R4,Foley Fld
5R7,Bayou La Batre - Roy E Ray
5R8,De Quincy
5S0,Oakridge
5S1,Roseburg - George Felt
5S2,Crescent Lake
5S4,Toledo State
5S5,Culver - Lake Billy Chinook
5S6,Sixes - Cape Blanco State
5SC5,Loris
5SD3,Bowdle
5T4,Herreid
5T9,Eagle Pass - Maverick County
5TA0,"Seminole - Hamilton Aircraft, Inc"
5TA1,Temple - Charping
5TA2,Waco - Rabbit Run
5TA3,Yoakum - Pearson Ranch Private
5TA4,Claude - Reed
5TA5,Santa Fe - Creasy
5TA6,Winters - Knot 2 Shabby
5TA7,Austin - Varnell
5TA8,Athens - Deer Meadow Ranch
5TA9,Seagoville
5TE0,Eagle Pass - Comanche Ranch
5TE1,Marfa - Rawls Ranch
5TE2,Dripping Springs - Bleakley Ranch
5TE3,Dripping Springs - Alexander Ranch
5TE4,Kerrick - Perkins-Prothro Cimarron Ranch
5TE5,Marathon - Iron Mountain Ranch
5TE6,San Angelo - Keystone Ranch
5TE7,Eagle Lake - Renz Ranch
5TE8,Miami - Willis N Clark
5TN0,Dickson - Helipad
5TN1,Mc Kenzie - County
5TN2,Johnson City - Windmill Hill
5TN3,Pigeon Forge - Boondocks
5TN4,Greenback - Mcgraw'S Backyard
5TN5,Jonesborough - Thomas
5TN6,Savannah - Hospital
5TN8,Linden - Perry Community Hospital
5TN9,Cookeville - One Grand
5TS0,Corpus Christi - Shoreline Hospital
5TS1,Cotulla - Uno Mas Ranch
5TS2,Coupland - Chan-C
5TS3,Dawson - Knapp Pecan Orchard
5TS4,Decatur - Mc Entire
5TS5,Dilley - Mc Donald Ranch
5TS7,Wildorado - J & H
5TS8,New Braunfels - Bear Creek Ranch
5TS9,Indianola - Big Duke'S Place
5TX0,Shady Shores - Hidden Valley
5TX1,Mason - Bar Triangle
5TX2,Leonard - Grove Hill
5TX3,South Houston
5TX4,Lewisville - Black Mark Strip
5TX5,Austin - St Davids Healthcare
5TX6,Lewisville - Hilliard Landing Area
5TX7,Tyler East
5TX8,Linden - Boon/Lovelace
5TX9,Fort Worth - Parkway Surgical Hospital
5U0,Denton
5U1,Dutton
5U5,Fairfield
5U6,Fairview
5U7,Fort Smith Landing
5U8,Geraldine
5V4,Calhan
5V5,Shiprock
5V8,Kadoka
5VA0,South Boston
5VA1,Low Moor - Alleghany
5VA2,Bristol - Sullins
5VA4,Richmond - Matts
5VA5,Fredericksburg - Chimney View
5VA7,Coeburn
5VA9,Danville Centra
5VG1,Natural Bridge Station
5VG5,Middleburg - St
5W1,Wilson Creek
5W4,Raeford - P K
5W5,Raleigh - Southern Wake
5WA0,Tonasket - Sourdough
5WA1,Mesa - Dorman
5WA2,Everson - Butler
5WA3,Walla Walla - Center
5WA4,White Swan - Boisselle
5WA5,Wapato - Rules Roost
5WA6,Napavine - Foster
5WA7,Centerville - Wild Hair
5WA8,Ocean Shores - Hogan'S Corner
5WA9,Brush Prairie
5WI0,Augusta - Grandpa'S Farm
5WI1,Springbrook
5WI2,Plainfield
5WI3,Waterloo - Der Schwarzwald
5WI4,Marinette - Larson
5WI5,Merrill - Haymeadow
5WI6,Independence
5WI7,Waupaca Thedacare
5WI8,Coleman - Ermis-Ridgeview
5WI9,Lancaster - Grant
5WN2,Dane - Eberle Ranch
5WN8,Wausau - Knight Sky
5WN9,Maiden Rock - Ottman Landing
5WV5,Parkersburg - Joseph'S
5XA0,Kinckerboker - Hunter'S Creek
5XA1,Valley Mills - Lz Juliet Bravo
5XA2,Canadian - Flap-Air Helicopter Services
5XA6,Mason - Comanche Ridge Ranch
5XA9,Aubrey - Venable
5XS0,Randolph - Tnt
5XS2,Hereford - Inc
5XS3,Winnie - Wilber Farms
5XS4,Marion - Gary
5XS5,Van - Wits End Ranch
5XS6,Mercedes - Old Reb
5XS7,Lockney - Outback
5XS8,Brackettville - L Davis Ranch
5XS9,Streetman - Byrt
5Y1,Hessel - Albert J Lindberg
5Y2,Houghton Lake Heights
5Y3,Whitewater - Gutzmer'S Twin Oaks
5Y7,Munising - Hanley
5Z4,Kanakanak - Ans Hospital
5Z5,Kantishna
5Z9,Katmai National Park - Lake Brooks
60AK,Wasilla - Carol'S
60AR,Viola - Southern View Aviation
60AS,Elaine - Junior Smith
60AZ,Wenden - Wood'S Airstrip
60B,Jackman - Moose River
60C,Elroy
60CA,Concord - Q Area
60CL,Bryte - Chp Academy
60CN,Banning - Hospital
60CO,Glenwood Springs - Valley View Hospital
60D,Reese - Bauer
60F,Seymour Muni
60FA,Okeechobee - Brighton
60FD,Winter Haven Hospital
60FL,Jupiter
60G,Eaton Rapids - Skyway Estates
60GA,Atlanta Children'S
60GE,Arnoldsville - Flying B Farm
60IA,Blue Grass - Village Oaks
60II,Terre Haute - Union Hospital
60IL,Biggsville - Beulah Land Farm
60IN,Indianapolis - Eskenazi Hospital
60IS,Browns - Nelson Private
60J,Ocean Isle Beach - Odell Williamson
60KS,Douglass - Alley
60KY,Madisonville - Baptist Health
60L,Los Angeles - 108
60LA,Tallulah - Hannah Plantation
60LL,Belleville - Meml Hospital
60M,Spencer
60MA,Rowley - Grandview Farm
60MD,Bethesda - Center
60ME,Biddeford Southern
60MI,Maybee
60MN,Seaforth - Fuhr Flying Svc
60MO,Farmington - Parkland Health Center
60MU,Alba - Lucky Weasel
60NC,Cape Carteret - Club
60NE,Chadron Community
60NH,Freedom - Sherwood Forest Inc
60NJ,Colts Neck Trump
60NY,Watertown - Samaritan Medical Center
60OA,Kinsman - Flemming
60OH,Willoughby - University Hospitals Lake
60OI,Milan - Zorn Acres
60OK,Hydro - Lawles
60OR,Oakland - Whitaker
60PA,Pottstown Hospital
60PN,Large - Jefferson Hospital
60R,Navasota
60TA,Henderson Ut
60TE,Kerrville - Tierra Linda Ranch
60TN,Bolivar - Whitehurst
60TX,Bellville - P-K Ranch
60VA,Richmond - H D H
60VT,St Albans City - Northwestern Medical Center
60WI,Woodruff - Center
60WN,Centerville - Letties Landing
60XA,Georgetown - Skyline Ranch
60XS,Snyder - Ranch
61A,Camden Muni
61AK,Trapper Creek/Talkeetna - Chulitna River
61AR,Cotter - The Valley
61AZ,Show Low - White Mountain
61C,Fort Atkinson
61CA,Twentynine Palms - Bauer
61CL,Calexico - Johnson Brothers
61CN,California Highway
61CO,Monument Helibase
61D,Plainwell Muni
61FA,Merritt Island North
61FD,Palm Coast Advent
61FL,Tampa General Hospital
61GA,Blythe - Pea Patch Aerodrome
61ID,Priest River - Flying W Ranch
61II,Wolflake - Kay
61IL,Shiloh
61IN,Scottsburg - Wilkerson
61IS,Dwight - Jim & Peg
61K,Sedan
61KS,Troy - Masters
61KY,Owenton - Schroder
61L,Los Angeles/Van Nuys - 109
61LA,Denham Springs - Sandefer'S
61LL,Peirron - Smith
61MA,Shirley
61ME,Boothbay Harbor - St
61MI,New Baltimore - Bayview
61MN,Wheaton - Traverse Air
61MO,Grainville - Carl Ensor
61MU,Faucett - Farris Strip
61NC,Parkton - Southern Comforts
61ND,Larimore - Bakke
61NE,Omaha - Center
61NH,Hooksett Safety
61NJ,Glassboro - Thomas Browne
61NK,Willsboro - Sunset
61NY,Lockport - Bassett
61OH,Ravenna - Jetway
61OI,Oxford - Hospital
61OK,Marlow - Lemons Airstrip
61OR,Sisters - The Citadel
61PA,Wellsboro - Line Lodge
61PN,Perkasie - Farms
61PS,Nottingham - Lynch'S Landing
61R,Newton Muni
61S,Cottage Grove State
61TA,Avinger - Eagle Landing
61TE,Springtown - Kezer Air Ranch
61TS,Deer Park - La Porte Plant
61TX,Bellville - Traylor Tick Farm
61VA,Berryville - High View Farm
61WA,Friday Harbor - Burden
61WI,Eden - Dinnerbell
61XA,Mckinney - Qz Ranch
61XS,Selma - Hospital
62AK,Wasilla - Wallis Lake
62AL,Mobile - Skywest
62AR,Busch - Banks Ranch
62AZ,Bouse - Jalapeno Ranch
62C,Franksville - Cindy Guntly Meml
62CL,Caliente - Flying Pear Ranch
62CO,Keenesburg - The Farm
62D,Warren
62FA,Clermont Adventhealth
62FD,Orange Park - Doctors Lake
62FL,Lake Wales - Flyjivefly
62GA,Jackson - Seven Lakes
62IA,Martelle - Lerchs
62II,Wabash Parkview
62IL,Marengo - Ferris
62IN,Greentown - Fld
62IS,Fithian - Wilson
62K,Seneca
62KS,Cottonwood Falls - Dexter
62KT,Ravenna - Rogers
62KY,Pikeville
62LA,Maurice - Ken Guidry Nr
62LL,Yorkville - Center
62LS,Liberty - Casey County Hospital
62MD,Prince Frederick - Sandy Point
62MI,Shelby - Mercy Health
62MN,Taylors Falls
62MO,Grain Valley - Washburn Farm
62NC,Havelock - Hickory Hill
62ND,Larimore - Morten
62NE,Hayes Center - Beebe
62NH,Hales Location - Carleton
62NJ,Schooleys Mountain - Scheller
62NM,Carlsbad - Seven Rivers
62NR,Mount Pleasant - West
62OH,Bremen - Willard
62OI,Parma University
62OK,Jay - Lewis North
62OR,Redmond - Cinder Butte
62PA,Wellsville - Shreveport North
62S,Christmas Valley
62TA,Elgin - Hawken Air One
62TE,Kenedy - Otto Kaiser Hospital
62TN,Erwin - Unicoi County Hospital
62TS,Decatur - Flack
62TX,Uvalde - Los Cerrito
62VA,Holland - Grasso Salvage
62WA,Arlington - Lakewood
62WI,Rice Lake Marshfield
62XA,Nacogdoches - Ranch
62XS,Clairette - J F Ranch
63A,Petersburg - Lloyd R Roundtree
63AK,Big Lake - Kucera Residence
63AL,Montgomery - Jfhq Al
63AR,Earle - Stokes
63B,Limington
63C,Friendship (Adams) - Adams County Legion
63CA,North Shore - Ranch
63CL,Capay - G3 Ranch
63CN,Livermore - Meadowlark
63CO,Gateway - Hendricks
63F,Stanton Muni
63FA,Alachua - Sullivan
63FD,Alachua - Link
63FL,Gainesville - Shands Cair
63GA,Good Hope - Smitty Shoals
63GE,Lumpkin - Westbrook
63IA,Bloomfield - Davis County Hospital
63ID,Caldwell - Hoskins
63II,Franklin - Woods
63IL,Marengo - Emerick
63IN,Little York
63IS,El Paso - Corn Alley
63K,Stilwell - Hillside
63KS,Seneca - Heinen
63KY,Cynthiana - Harrison Meml Hospital
63LA,Baton Rouge - Celtic
63M,Hermann Muni
63ME,Milo
63MI,Novi - Providence Hospital
63MN,Two Harbors - Weideman
63MO,Joplin - Mercy Hospital
63MS,Ecru - Inmon
63MT,Billings Flying Service
63NC,Newton Grove - Fiddleair
63ND,Lisbon - Moellenkamp
63NH,Jackson Fire
63NJ,Farmingdale - Howell Township Police
63NY,Youngstown - Windshear
63OH,Darbyville - White'S
63OI,Delaware - Bowman
63OK,Chandler Armory
63OR,Mountaindale
63PA,Bethlehem - Lehigh Valley Hospital/Muhlenberg
63PN,Coopersburg - Helicopter Services
63S,Colville
63TA,Round Rock - Ascension Seton Williamson
63TE,Kennard - Flying S Ranch
63TN,Madisonville - Providence Landing
63TX,Kerens - Dow Ranch
63WA,Colbert - D
63WI,Monroe - Flying H
63XA,Lott - Jcj Farm
63XS,Henly - Byram Ranch
63Y,Tyler Muni
64AK,Point Mackenzie - Carpentiers Strip
64AR,Ward - Smith
64CA,Truckee - Tahoe Forest Hospital
64CL,Carson - Goodyear Blimp
64CN,Knights Landing - Sunrise Dusters
64CO,Walsenburg - Cholla
64CT,South Woodstock
64DE,Dover - Bayhealth Medical Center
64FA,Stuart - Naked Lady Ranch
64FD,West Palm Beach - St Marys Hospital
64FL,Miami - District Vi
64G,Page Rgnl
64GA,Senoia - Big 'T'
64GE,Tallapoosa - Wcc
64I,Hanover - Lee
64IG,Indiana Paoli
64II,Fort Wayne The
64IL,Marengo - Walpole
64IN,Fairmount - Peacock Farms
64IS,Fox Lake - Precision Chrome
64KS,Sylvan Grove - Minnow Creek
64KY,Lexington - Coal
64MD,Lusby - Center
64ME,Falmouth - Dave Libby
64MI,Utica - Ti
64MN,Hackensack - Baby Lake
64MO,St Joseph - Booze Island
64MS,Leland - Edwards 2
64NC,Pleasant Garden - Fields
64ND,Mandan - Z P
64NE,Seward Meml
64NJ,Freehold Township - Verizon Cdc Ii
64NR,Engelhard
64NV,Las Vegas - Campus
64NY,Watkins Glen - Hemlock Run
64OG,Mitchell - Antone Ranch
64OH,Kings Mills
64OK,Cordell Meml
64OR,Amity - Plum Valley
64PA,Huntingdon Penn
64PN,Hershey Medical
64S,Prospect
64TA,Texas Azle
64TE,Kerrville - Apache Springs
64TN,Pulaski - Hallelujah Farm
64TS,Houston - Center
64TX,San Antonio - North
64V,Wallace Muni
64WA,Bellevue - Everett I
64WI,Friendship - Gunderson Moundview Hospital
64XA,Forestburg - Bird Dog Landing
64XS,Texarkana - Michael Pine Street
65AK,Wasilla - Fairview Landing
65AL,Fultondale - Sheriff'S Trng Cntr
65AR,Newark - Pleasant Hill
65AZ,Tucson - St Marys Helistop
65B,Lubec
65CA,Tulare - Sce San Joaquin
65CL,Caruthers - Al Divine
65CN,Herald - Bottimore Ranch
65CO,Fort Collins - Wkr
65FA,Naples - Physicians
65FL,Stuart - Llc
65G,Fowlerville - Maple Grove
65IL,Marengo - Far
65IN,Bluffton - Dept
65IS,Leeds - Frings
65J,Wrens
65KS,Downs - Griffith
65KY,Middlesboro - Arh
65LA,Belle Chasse - Southern Seaplane
65MD,Piney Point - Willow Bee Farm
65MI,Lansing - Jet Pad
65MN,Wendell - Ricks
65MO,Matthews - Malone
65MS,Senatobia - Maverick Hill
65NC,Pilot Mountain - B
65NJ,Kearny Helo
65NK,Quaker Street - Apex
65NM,Forrest - Curtis And Curtis
65NY,Mayville - Chautauqua Lake
65OH,Sharon Center - Wiita Farms
65OR,Ashland - Timberland Shop
65PA,Saylorsburg - Cherry Valley
65S,Bonners Ferry - Boundary County
65TA,Texas Arlington
65TE,Bells - Windwood Farm
65TN,Fall Branch - Roach Farm
65TS,Carta Valley - Martin Ranch
65TT,Denison - Ae65
65TX,Salt Flat - Flying Eagle Ranch
65VA,Scottsville - Grayson
65WA,Tenino - Wissler'S
65WI,Prescott - Stol
65WN,Wiota - Whoopy Hollow
65XA,Barnes
65XS,Parker - Birdnest
66AK,Wasilla - June Lake
66AR,Siloam Springs - Hoerler Farms
66AZ,Mesa - Center
66B,Meddybemps - Gillespie
66CA,Cambria - Rancho San Simeon
66CL,Chowchilla - Triangle T Ranch
66CO,Elbert - Rotor Leasing
66FA,Miami Gardens - Tootsies Cabaret
66FD,Crystal River - J R'S
66FL,Tampa Hospital North
66G,Frankenmuth - Wm 'Tiny' Zehnder
66GA,Blakely - Sawyer Farm
66ID,Grangeville - Wind Ridge
66II,Lapel - Pat Robinson
66IL,Marengo - Aerogrange
66IN,Charlottesville - Oakes
66KS,Independence - Patterson Farms
66KY,Clarkson - Mc Grew
66LA,Erwinville - Schexnayder
66MA,Petersham - Curt
66MI,Kalamazoo - East Lake
66MN,Clara City - Howard'S
66MO,Foristell - Ahlers Acres
66NC,Dover - Hood
66NE,Madrid - Cornelius Farm
66NJ,Forked River
66NY,Medina - Maple Ridge
66OH,Williamsburg - Old Boston
66OI,Wooster - Gorman-Green
66OK,Durant - Mc Laughlin Farm
66PA,Williamsport Hospital
66R,Columbus - Robert R Wells
66S,Coolin - Cavanaugh Bay
66SC,Greer - The Flying Few
66TE,Granbury - The Landings
66TN,Morrison - Basham
66TX,Cometa
66V,Bluff
66VG,Petersburg Bon
66VT,Shoreham - Symon
66WA,Trout Lake
66WI,Watertown - J 3 Cub
66XA,Henrietta - Mathews
66XS,Westminster - Baylie
66Y,Diamondhead
67A,Fort Deposit
67AK,Wasilla - South
67AR,Fayetteville - Wedington Woods
67AZ,Phoenix - Good Samaritan Hospital
67CA,Chowchilla - Chapman Farms
67CL,Colusa - Davis
67CN,Placerville - El Dorado
67CO,Bracewell - Highline Farm Airstrip
67FD,Fort Myers - Center
67FL,Zolfo Springs - Bald Eagle Airfield
67GA,Monroe - Appalachee Bluff Riverfront
67ID,Salmon - Steele Meml
67II,Greensburg - Schoettmer Farm
67IL,Marseilles - Mitchell
67IN,Rising Sun
67IS,Mount Carmel - Wabash General Hospital
67KS,Montezuma Coop
67KY,Crittenden - Sunny Ridge Landing
67L,Mesquite
67LL,Oregon - County Poor Farm
67MD,Union Bridge - Willows Landing
67ME,Westbrook - Sta-Kel
67MI,Marcellus - Pinelli
67MN,Atwater - Pagel'S
67MO,Pittsburg - Ski Harbor
67MU,Frankford - Air Cover
67NC,Charlotte - C H S-Pineville
67ND,Marion - Waldie Farms
67NE,Orleans - Airstrip
67NJ,Hainesburg - Strip
67NY,Little Valley - Ultralight Port Ultralightport
67OG,Sheridan - George
67OH,Solon - Harper Ridge
67OK,Peggs - Flying J Ranch
67OR,Donald - Mc Gee
67PA,Williamsport - West
67PN,Sacramento - Masser
67R,Rio Grande City
67S,Nordman - Priest Lake Usfs
67SC,Ruffin - Lanes Landing
67T,Agua Dulce - Old Hoppe Place
67TA,San Marcos Leading
67TE,Killeen - Fisher Ranch
67TT,Decatur - Fleck
67TX,Emory - Meml
67VA,Woodstock - Karmy'S
67VT,Burlington University
67WA,Mead - Greenbluff Meadows
67WI,Necedah - Accurate
67XA,Bowie - J-L Ranch
67XS,Weslaco - Knapp Medical Center
68A,Wrangell
68AK,Big Lake - Cowell'S
68AL,Greenville - Estates
68AR,Lincoln - Luginbuel Hee Haw
68AZ,Hackberry - Ranch
68C,Iola - Central County
68CA,Cottonwood Lake
68CL,Corcoran - El Rico
68CN,Kennedy Meadows - Porter Ranch
68CO,Colorado Springs - Center
68D,Enterprise - Usfs
68F,Teague
68FA,Orlando - Hospital
68FD,Fountain - Maran
68FL,Tallahassee Hca
68GA,Marietta - Calhoun
68ID,Sandpoint - Rapoport Ranch
68II,Frankfort - Clinton County Fairgrounds
68IL,Milford - Stichnoth
68IN,Wheatfield - Alley Oop
68IS,Hampshire - Park
68JY,Denmark - Hancock Pond
68KS,Sterling - Willys Lake
68KY,Somerset - Lee
68LA,Bossier City - Pilkinton Airstrip
68LS,Waterproof - Myrtle Grove
68ME,Maine Center
68MI,Saline
68MN,Atwater - Stanton Hill Aerodrome
68MO,Dexter - County
68NC,Leasburg - Winstead '76'
68NE,Davey - Hall-Feld
68NH,Milford - Not Too Dusty
68NK,Morristown - Thibert
68NM,Hope - Flying H Ranch
68NR,Sylva - Harris
68NY,Mount Morris - Merrimac Farms
68OH,Portsmouth - Air Evac 97
68OK,Fairfax
68OR,Cottage Grove Community
68PA,Hamburg - Don'S
68PN,Claysville - Narrigan Grass
68PS,Mars - Lakehill
68R,Elwell - Hamp
68S,Davenport
68TE,El Campo - Norris Raun Ranch
68TS,Royse City - Bishop
68TT,Athens - C
68TX,Austin - Center
68VA,Radford - Center
68WA,Zillah - Mc Mahon
68WI,La Crosse Mayo
68XA,Bastrop - Utley
68XS,Whitesboro - Margaritaville
68Y,Wells Muni
69AK,Wasilla - Memory Lake
69AZ,Mesa - Office
69CA,Victorville - Center
69CL,Davis - Medlock
69CO,Denver - Adventhealth Porter
69CT,Mystic - The Shore
69FA,Brooksville - Lz Shadow
69FD,Defuniak Springs - Unicorn Place
69FL,Fort Myers - Eagle'S Landing
69G,Gregory - Richmond
69GE,Tignall - Great Oaks
69II,Butler - Greuter
69IL,Marseilles - David Gillespie
69IS,Niota - Sinele
69K,Wamego
69KS,Chiles
69KY,Cub Run - Lakeview
69LA,Winnfield - Med Cntr
69LL,New Boston - Maas Airstrip
69MA,Monson
69MI,St Johns University
69MN,Breckenridge - Yaggie Pvt
69MO,Higbee - Brilhart'S Farmport
69MT,Lambert - Flying H
69MU,Easton - Blazer
69MY,Farmington - Hall
69N,Slatington
69NC,Forest City - Clute'S Hilltop
69ND,Maxbass - Tengesdal
69NY,Ticonderoga - Uvmhn-Elizabethtown Community Hospital
69OH,Xenia - Greene Meml Hospital
69OI,Chatfield - Schulze'S
69OK,Fairland - Green Country
69OR,Gaston - Dick Fisher
69PA,Newmanstown - Hurst
69S,Laurier - Avey
69TA,Corpus Christi - Dean
69TE,Lampasas - Deer Pasture
69TS,Killeen - White
69TX,Bloomington - Green Lake Ranch
69V,Huntington Muni
69VA,Ashland - Meadow Farm
69WA,Malaga
69WT,Vashon - Quartermaster Harbor
69XA,Chico - Richey
69XS,Whitesboro - Brushy Creek
6A1,Butler Muni
6A2,Griffin
6A4,Mountain City - Johnson
6A6,Kimball Muni
6A7,Big Lake Brocker
6AK,Rainy Pass
6AK1,Platinum Mine
6AK2,Point Mackenzie - Sleepers Strip
6AK3,Kenai - Butler Aviation
6AK5,Anchorage - Fire Island
6AK7,Wasilla - Airstrip
6AK8,Wasilla - Tulakes
6AK9,Wasilla - Cizek North
6AL0,Heflin - Resort
6AL3,Vincent - Lay Landing
6AL4,Tuscumbia - Air Evac 16
6AL5,Speed - Big Sky Farms
6AL6,Chatom - Hawthorn Pines
6AL8,Daphne - Health
6AL9,Bay Minette - Mega Site Helipad
6AR0,El Paso - Cypress Creek
6AR1,Cave Springs - Elder Airstrip
6AR2,Casa - A J'S
6AR3,Little Rock - Uams Alpha Pad
6AR4,Heber Springs Baptist
6AR5,Carlisle - Tidwell Flying Service
6AR6,Little Rock - Two Rivers
6AR7,Arkansas Heart
6AR8,Charleston - Flying W
6AR9,Flippin - Pine Mountain
6AZ0,Scottsdale - Lyon Aviation
6AZ2,Heber - Wisky Ranch/Chevlon
6AZ5,Pearce - Ash Creek
6AZ6,Bisbee - Copper Queen Hospital
6AZ7,Tonopah - Toon Tail
6AZ8,Tucson - Flying Diamond
6B0,Middlebury
6B4,Utica/Frankfort
6B6,Stow - Minute Man Air
6B9,Skaneateles
6CA0,Los Angeles Hotel
6CA1,Macdoel - Triple R Ranch
6CA2,Rosemead Sce
6CA3,San Pedro - Catalina Air-Sea Trml
6CA4,Thousand Oaks - East Valley Sheriff'S
6CA5,Yucca Valley Vista
6CA6,Railroad Flat - Eagle Ridge Ranch
6CA7,Escondido - Palomar Medical Center
6CA8,Lenwood - Depue
6CL0,Bakersfield - Majors
6CL2,Eagleville - White Pine
6CL3,Fillmore - William Shells Company
6CL4,Mariposa - Manzanita
6CL5,Ojai - Majlar
6CL6,O'Neals - Mark Franz Private
6CL7,Santa Ana - Lab
6CL8,Stockton - Harley
6CL9,Jamestown - Peoria
6CM,Centerburg - Chapman Meml
6CN5,City Of Industry - Los Altos
6CN6,Sacramento South
6CO0,Eckert/Orchard City - Doctors Mesa
6CO1,Wellington - Burnham
6CO2,Cedaredge - Mesawood
6CO3,La Junta - Wine Glass
6CO4,Fort Collins - Hat-Fld
6CO5,Wiggins - Maga
6CO6,Berthoud - Skywagon Ranch
6CO7,Byers - Happy Butt
6CO8,Montrose - West Area
6CO9,Salida Hospital
6D1,Brooten
6D3,Maddock
6D6,Greenville Muni
6D7,Deshler
6D9,East Tawas - Iosco County
6E5,Desmet - Wilder
6F1,Talihina
6F7,Jefferson - Manning
6FA3,Panama City - Med Trans
6FA4,Palm Coast - Mosquito Control
6FA5,Orlando - Nemours Childrens Hospital
6FA6,New Port Richey - North
6FA7,Jacksonville - Mccall Storage
6FD0,Chiefland - Windy Acres
6FD1,Crystal River Power
6FD2,Chuluota - Big Oaks Ranch
6FD5,Yeehaw Junction - Blanket Bay
6FD6,Eustis - Rose Ranch
6FD7,Ellenton - Thomson
6FD8,Fort Lauderdale - Center
6FL0,Clermont - Seminole Lake
6FL1,Jacksonville - Mayo Clinic
6FL2,St Johns Ste
6FL3,Punta Gorda - Payson Ranch
6FL4,Keaton Beach - Sylvanmir Farms
6FL5,Niceville Hca
6FL6,Sarasota Dept
6FL7,Lake Wales - Timmer
6FL8,Trenton - Ames
6FL9,Bell - Saw Whet Farms
6G1,Titusville
6G4,Mount Vernon - Wynkoop
6G5,Barnesville Bradfield
6G6,Williamsburg - Cove Valley
6G8,Brooklyn
6GA0,Cumming - Stoney Point
6GA1,Haralson - Fagundes
6GA4,Loganville - Spring Valley Farm
6GA5,Whitesburg - Kolibri
6GA6,Milledgeville - Central
6GA7,Cumming - Mac
6GA8,Carrollton - Flying W Farms
6GE2,Woodland - Rainbow
6GE4,Hogansville - M K
6H4,Napoleon - Van Wagnen
6H8,Hazelton Muni
6I2,Springfield Fld
6I4,Lebanon - Boone County
6IA0,Leon - Decatur County Hospital
6IA1,Sac City - Loring Hospital
6IA2,Council Bluffs - Jennie Edmundson Hospital
6IA3,Sioux City - Center
6IA4,Des Moines - Broadlawns Medical Center
6IA5,Dunkerton - Davis
6IA6,Corydon - Wells
6IA7,Lockridge - R S Auto
6IA8,Marshalltown - Mmsc
6IA9,Osceola - Clarke County Hospital
6ID1,Coeur D'Alene - Regan Ranch
6II0,Walton - Turnpaugh
6II2,Greenfield - 2
6II4,Boonville - Cornell
6II5,Indianapolis - Southport
6II6,South Milford - David Beiswanger Ultralightport
6II7,Lizton - Bergs
6II8,Wheatland - Godahavit
6IL0,Genoa - Ramme
6IL2,Huntley - Phyllis
6IL3,Mansfield - Ras Aviation
6IL4,Lanark - Foxfield Aerodrome
6IL5,Dongola - Keil
6IL6,Knoxville - Kingfield
6IL7,Nokomis - Kleinik
6IL8,Centralia Correctional
6IL9,Walnut - Geldean
6IN2,Waldron - Whelen
6IN3,Lafayette - Wyandotte
6IN4,Waldron - Fischer
6IN5,Pendleton - Foghorn Farms
6IN6,Monrovia - Pegasus Farms
6IN8,Rushville - Mcminn
6IS0,Urbana - Day Aero-Place
6IS2,Lemont
6IS5,Des Plaines - Center
6IS7,Chicago - Saint Mary Of
6IS8,Homer - Trisler
6IS9,Joliet - Center
6J0,Pelion - Lexington
6J2,St George
6J4,Saluda
6J6,Trenton - Edgefield County
6J7,Darlington - Branhams
6J8,High Springs - Oak Tree Landing
6JY8,Bethpage Cablevision
6K2,Shelbyville - Shelby County
6K3,Creighton
6K4,Fairview Muni
6K5,Sisters
6K7,Grundy Center
6K9,Keosauqua
6KS,Rose Hill - Butler
6KS0,Belleville - Republic County Hospital
6KS1,Emporia - Newman
6KS2,Selden - Stevenson Private
6KS3,Wichita - Teresa
6KS4,Sharon Springs - Bussen
6KS5,Pleasanton - Yeamans Fox Nest
6KS6,Osawatomie - Foxtrot
6KS7,Haven - Bug
6KS8,Towanda
6KS9,Kansas City - Providence Medical Center
6KY0,Harlan Hospital
6KY1,Lebanon - Spring View Hospital
6KY2,Greensburg - Jane Todd Crawford
6KY3,Shelbyville - Flying C Farms
6KY4,Fountain Run - Adair
6KY5,Princeton - Caldwell County Hospital
6KY6,Louisville - Jeffries Farm
6KY7,Paintsville Arh
6KY8,Jenkins - Gateway Industrial Park
6KY9,Russell - Hospital
6L3,Lisbon
6L4,Logan County
6L5,Wishek
6LA0,New Orleans - Jackson Barracks
6LA1,Lake Providence - Cottonwood
6LA4,Oakdale - Dyer
6LA5,Church Point
6LA6,Winnsboro - Williams Flying Service
6LL0,Neoga - Williamson
6LL1,Neoga - Area
6LL2,Viola - Young
6LL4,New Athens - Wildy
6LL5,New Berlin - Smith
6LL6,New Memphis - Fischer'S
6LL8,Watseka - Songwood Inn
6M0,Hazen
6M2,Horseshoe Bend
6M6,Monticello - Lewis County
6M7,Marianna Lee
6M8,Marked Tree
6MA0,Amesbury - Lake Gardner
6MA2,Amesbury - Meadowbrook
6MA3,Southwick - Scibelli
6MA5,Springfield - Baystate Medical Ctr
6MA7,Shrewsbury - Quantum
6MA8,New Bedford - Acushnet River
6MA9,Cuttyhunk
6MD1,Denton - Dileo
6MD2,Crumpton - Spring Landing
6MD3,Wolfsville - Harp
6MD4,Conowingo - Pembroke Farm
6MD6,La Plata - Um Charles
6MD7,Golts - D'Angelo
6MD8,Pittsville - Delmarvair
6ME6,East Sumner - Abbotts
6MI0,Grayling - King Trout
6MI1,Millington - Jensen
6MI2,Hamilton - Hh
6MI3,Zeeland - Curt'S Place
6MI4,Novi - Guardian Industries
6MI5,Ionia University
6MI6,Buchanan - Rey
6MI7,Zeeland - J P'S
6MI8,Three Oaks - Harbor Country
6MI9,Long Lake - Jr
6MN0,Ponsford - Sky Blue
6MN1,Arlington - Sibley Medical Center
6MN2,Hancock - Brown'S Private
6MN3,Howard Lake - Mckeen
6MN5,French Lake - Gale'S
6MN6,Waconia - Goose Lake
6MN7,Goodhue - Sodbuster Strip
6MN8,Medford - Underland Airstrip
6MN9,White Bear Township - Benson
6MO0,Old Monroe - Blackhawk
6MO1,Oregon - Markt Air Strip
6MO2,Ste Genevieve
6MO3,Houston - Flying 'E'
6MO4,Osceola - Wixted
6MO5,Perryville - Hospital
6MO6,Owensville - Winter
6MO7,Ozark - Riverside Landings
6MO8,Ozark - Hayes Helicopters
6MO9,Macon - Samaritan Hospital
6MS1,Brandon - Woodbridge
6MS2,Crystal Springs - Wells Farm
6MS4,Laurel - South
6MS6,Brandon - Kaehr
6MT4,Libby - Brown Cabin
6MU4,Mexico - Flying Shamrock
6MU5,Norborne - Farms
6MU6,Concord - St
6MU8,Mt View - Hospital
6MU9,Licking - Craddock
6MY2,Sandstone - Pine Medical Center
6MY8,Ely - Usfs
6N5,New York - East 34Th
6N6,New York - Evers
6N7,New York Skyports
6NA0,Columbus - Strom Private
6NA2,Fargo - South
6NA5,Hebron - Chase Airstrip
6NA6,Newburg - Marsh
6NA7,Newburg - Kersten Brothers
6NC0,Grantham - Cox
6NC1,Denver - Little Mountain
6NC2,Kannapolis - Wilhelm
6NC3,Fayetteville - Eastover Air Ranch
6NC4,Taylorsville - Brown
6NC5,Whitakers - Thompson Farms
6NC6,North Carolina - Helicopters
6NC7,Newport - Circle P Farm
6NC8,Advance - Marchmont Plantation Airpark
6NC9,Kinston - Moss Hill
6ND2,Fullerton - Larson
6ND3,Argusville - Lisburg
6ND6,Portland - Fugleberg Farm
6ND9,Berthold - Skinningsrud
6NE0,Wallace - Van Boening
6NE3,Tekamah - Beaver Landing
6NE7,Bartley - Lee
6NE8,Benkelman - Hoppy'S
6NE9,Callaway - Hoesel
6NJ0,Warren Grove - Lentine South
6NJ1,Washington - Vliet
6NJ2,Branchville - Tamarack Flyers
6NJ3,Wayne - Point View Helistop
6NJ5,Weehawken - Lincoln Tunnel
6NJ6,West Long Branch - Helistop
6NJ7,West Milford - Nebels
6NJ8,Whitehouse Station - Lance
6NJ9,Bridgeport Cahill
6NK0,Schenevus - Knapp
6NK1,Warsaw - Casey
6NK2,White Creek - Meerwarth
6NK3,Manhasset - North
6NK4,North Collins - Ttt Air
6NK5,Buffalo - Center
6NK6,New York D
6NK8,Oneida - Flying K
6NK9,Marcy - Cec
6NR6,Nebo - Patton Valley
6NY0,Middletown - Orange
6NY1,Corning - Old Port Royal
6NY2,Horseheads - Omni
6NY3,Interlaken - Airy-Acres
6NY4,Knox - West Township
6NY6,Kauneonga Lake
6NY7,Kerhonkson - Piolis Brookside
6NY8,Kingston - Tech
6OG3,Klamath Falls - Llc
6OH1,Bellevue - Missler
6OH2,Novelty - Craighead
6OH3,Eaton - Preble
6OH4,Bowling Green - Aring
6OH5,Powell - Connor
6OH6,Bowling Green - Shelton
6OH7,Bowling Green - Nietz
6OH9,Covington - Kemps
6OI0,Auburn Center - Derecsky
6OI4,Marion General Hospital
6OI5,Plain City - Mitchell
6OI6,Toledo Hospital
6OI8,Cleveland Foundation
6OK0,Kingfisher - White
6OK1,Tahlequah - John Reid
6OK2,Chickasha - Redhills
6OK3,Meno - Johnson
6OK4,Tulsa - Hillcrest Medical Cntr
6OK5,Okemah - Hospital
6OK6,Blackwell - Earl Henry
6OK7,Atoka - Cochran Ranch
6OK8,Eakly - Lasley Private
6OK9,Stillwater - Mulberry Hill
6OR0,Tangent - Grells
6OR1,The Dalles - Pointers
6OR2,The Dalles - Chenoweth
6OR3,Tillamook Adventist
6OR4,Prineville - Tailwheel
6OR5,Tualatin - Meridian Park Hospital
6OR6,Wonder
6OR7,Boring - Schmidt
6OR8,Lebanon - Knokey
6OR9,Enterprise - Reds Wallowa
6P3,Waunakee
6P7,Freeport - Mcville
6PA0,Milford - Myer
6PA1,North Washington - Tower
6PA2,Somerset - Upmc
6PA3,Montgomery - Hackenburg-Penny Hill
6PA4,Russell - Scandia Air Park
6PA5,Shippensburg - Botsford Aerodrome
6PA6,Moscow - Air Haven
6PA7,Watsontown - Helicopter 1 Llc
6PA8,Lock Haven - Tall Pines
6PA9,Burnham - Shangri La
6PN0,Monroeville - Upmc
6PN2,Lancaster - Hospital
6PN4,Mount Pocono Mountain
6PN5,Bradford - Sam
6PN6,Pittsburgh - Henke
6PN7,Pocono Lake - Moyer
6PN8,Bethlehem - Posh
6PN9,Brandonville - Donald
6PS3,Knoxville - Champ
6PS4,Media - Riddle Hospital
6PS6,Carlisle - North
6PS8,New Milford - Tyler
6R1,Welsh
6R3,Cleveland Muni
6R5,Alvin
6R6,Dryden - Terrell County
6R7,Old Harbor
6S0,Big Timber
6S1,Bridger
6S2,Florence Muni
6S3,Columbus - Woltermann Meml
6S4,Gates - Davis
6S6,Powers
6S8,Laurel Muni
6S9,Stehekin
6SC1,Cross - Lesesne
6SD4,Edgemont - Xpoint
6T2,Toledo - Seagate Helistop
6TA0,Eldorado - Rocking R Ranch
6TA1,Eustace - Sky Ranch
6TA2,Leonard - Flying Tiger
6TA3,Lawrence - Culp
6TA4,Crosby - #80
6TA7,Weatherford - Flying K
6TA8,Jarrell - Spears Ranch
6TA9,Dilley - Anderson Ranch
6TE0,Edcouch - Skalitsky
6TE1,Edinburg - Norman & White
6TE2,Abilene - Zimmerle
6TE3,Edna - Hahns
6TE4,Bogata - Circle Wc Ranch
6TE5,Edna - Inc
6TE6,Guthrie - 6666 Ranch
6TE7,Wayside - Mc Neill Ranch
6TE8,Aspermont - Private
6TE9,Avinger - Mc Kenzie
6TN1,Pleasantview - Weakleys
6TN2,Rogersville - Hospital
6TN3,Sevierville - Sixty Six
6TN4,Tullahoma - The Aviation Valley
6TN5,Pulaski - Levairport
6TN6,Milan West
6TN7,Grand Junction - St
6TN8,Camden - Valley
6TN9,Burns - Dripping Springs Farm
6TS0,Plainview - True
6TS1,Kempner - Worrell
6TS2,Boyd - Dauenhauer
6TS3,Milford - Dale Acres
6TS4,Moffat - Stampede Valley
6TS5,Plano - 1
6TS6,Normangee - Wood Crest Ranch
6TS8,Industry - Rabb And Nobra
6TS9,Plano - Mcp
6TX1,Mason - Snowden
6TX2,Utopia - Rancho Sabino Grande
6TX3,Longview
6TX4,Kress - Whitfield
6TX5,Amarillo - Hospital
6TX6,Corsicana - Jtj Ranch
6TX7,Mansfield - Flying L
6TX8,Mansfield - Hess
6TX9,Marathon - 4
6U5,Hinsdale
6U6,Hogeland
6U7,Hysham
6V0,Edgemont
6V4,Wall
6V5,Bison
6VA0,Reidville - Remo Private
6VA2,Martinsville - Loury Lester
6VA3,Richmond - Chippenham Hospital
6VA4,Salem - Summit
6VA6,Roseland
6VA7,Fredericksburg - Mary Washington Hospital
6VA8,Crozet - Mirador
6VA9,Woolwine - Bush
6VG4,Arcola - Stonesprings
6VG8,Leesburg - Longview
6W0,Shinnston - Wade F Maley
6W4,Yanceyville
6WA0,Chewelah - Joseph'S
6WA1,Camas - Sampson
6WA2,Olympia - Gower
6WA3,Basin City - Green Acres
6WA4,Othello - Ochoa
6WA5,Shaw Island - Wilding Farm
6WA6,Pasco - Carr
6WA7,Metaline Falls Radio
6WA8,Gig Harbor East
6WA9,Arlington - Cascade Valley Hospital
6WI0,Prairie Farm - Cub Acres
6WI1,Wisconsin Rapids - Winch
6WI2,River Falls - St Croix Riviera
6WI3,Delavan - Bountiful Acres
6WI4,Saxon
6WI5,Stiles - Dolata
6WI6,Birchwood - Drew 9
6WI7,Orfordville - Walnut Wash
6WI8,Waukesha Meml
6WI9,Montello - Rex Ranch
6WN5,Stockholm - Airwolfe
6WN6,Columbus - Fountain Prairie
6X0,Mount Selman - Tarrant
6X8,Sanger - Vultures Row
6XA0,Fredericksburg - Circle Ranch
6XA4,Waller - Zadow Air
6XA7,Mckinney Baylor
6XS1,Humble - Hospital
6XS2,Alvarado - Luscombe Acres
6XS3,Farmersville - Mullins Landing
6XS4,Waller - Pfeffer 2
6XS5,Edcouch - Cannon Aviation
6XS7,Springtown - Eugene'S
6XS8,Sanger - Vultures Row
6XS9,Elmendorf - Harmony
6Y0,Moorestown
6Y1,Bois Blanc Island
6Y2,New Milford - Candlelight
6Y3,North Fox Island
6Y4,Rock - Van Effen
6Y5,Newberry - Two Hearted Airstrip
6Y6,St Helen
6Y8,Beaver Island - Welke
6Y9,Sidnaw - Prickett-Grooms
6Z6,Indianola Fld
70AK,Soldotna - Bangerter
70AR,Gosnell - Randal
70AZ,Tucson - Rgnl
70B,Millinocket
70CA,Los Angeles - The Wilshire Thayer
70CL,Death Valley Junction - Amargosa
70D,Arthurdale - Titus
70FA,Vero Beach - Ranch
70FL,Miami Hca
70II,Shelbyville - Nasby
70IL,Farmersville - Murphy Farms
70IN,Milan - Lewis
70J,Cairo Grady
70KS,Douglass - Bannon
70KY,Vine Grove
70LA,Hineston - Roland
70LL,Pontiac - Adams Number 1
70MA,Wareham - Tobey Hospital
70MD,Nanjemoy - Washington
70ME,Lyman - Go
70MI,Charlevoix Area
70MN,Park Rapids - Luckys
70MO,Garden City - Lovers Lane
70NC,Paschall - Martindale
70ND,Sawyer - Oak Creek
70NH,Concord - Surette
70NJ,Asbury - Parker
70NR,Newton Grove - Ruby'S Landing
70NY,Middletown - Lakeside
70OH,Warren - Trumbull
70OI,Crestline
70OK,Miami - Old 66 Strip
70OR,Gaston - Goodin Creek
70PA,Mechanicsburg - Double D Ranch
70PN,Sugar Grove - Sanders Personal Use
70PR,Ponce - Pr Police Area
70S,Mead
70SC,Hartsville - Plant
70T,Rhome - Fairview
70TA,Centerville - Zoch
70TE,Blue Ridge - Claassen
70TS,Katy
70TT,Terlingua - Big Bend Valley
70TX,Eagle Pass Us
70VA,Burnt Chimney
70WA,Colfax - Whitman Community Hospital
70WI,Ripon
70XA,New Boston - Looney Airstrip
70XS,Wimberley - Restoration Ranch
71AK,Wasilla - Bluff Park Farm
71AL,Greenville - Sells
71AR,Gentry - Diamond C
71AZ,Lake Havasu City - Spawr
71CL,Delevan - Gunnersfield Ranch
71FA,Jupiter West
71FD,Middleburg - Blackcreek
71FL,Miami Federal
71GA,Covington - Piedmont Newton Hospital
71IL,Park Ridge - Hospital
71IN,Salem - Morgan
71IS,Paxton - Ted
71J,Ozark Blackwell
71K,Wichita - Westport
71KS,Williamstown - Stonehenge
71KY,Petersburg - Sunrise Acres
71LA,Church Point - Lost Airfield
71LL,Pontiac - Riverode Farms
71ME,Naples - Twin Eagles
71MI,Belleville - Johnston
71MN,Hutchinson Health
71MO,Wakenda - Farms
71N,Sunbury
71NC,Elon College - K & D
71NE,Oconto - Neben
71NH,Laconia - Brady
71NJ,Camden 76Ers
71OH,Hamilton - Center
71OK,Lawton - Neuwirth Airstrip
71OR,Seneca - Cerny
71PN,New Oxford - Schulteis
71TA,Wharton - Farms
71TE,Round Mountain - Moursund Ranch
71TN,Baileyton - Kraschenbern
71TS,Fairmount
71TT,Corpus Christi Medical
71TX,Boerne - Grier
71VA,Hampton Sentara
71WI,Theinsville - Hoffman Prop Inc
71XA,Murchison - Red Star
71XS,Lampasas - Comanche Hills Ranch
72AK,Delta Junction - Trophy Lodge
72AR,Glenwood - Caddo Lndg
72AZ,Prescott Valley - Adams Place
72CA,Quincy Helitack
72CL,Desert Center - Plant
72CO,Kirk - Idler Bro'S
72F,Throckmorton
72FA,Pinellas Park Hca
72FL,St Cloud - Gator
72GA,Shellman Bluff - Barbour Island
72II,Dyer Franciscan
72IL,Warrenville - Cornerstone
72IN,Demotte - River View
72IS,Plano - Wiley Updike
72K,Wichita - Westport Auxiliary
72KS,Beverly - Hillbillies
72KY,Williamsburg - Carr
72LL,Princeton - Foley
72ME,Ellsworth - Philbrick Mountain
72MI,Watersmeet - Northwoods
72MN,Dawson - Jmhs Hospital
72MO,Leslie - Sunnys
72MU,Kansas City - Hills Polo Club
72NC,Littleton - Bethany
72ND,Northwood - Berg
72NE,Springfield - J&J
72NH,Alton - Barndoor Island
72NM,La Luz - Otero Mill
72NY,Town Of Ohio - Pad
72OH,Swanton - Zeigler Landing Strip
72OI,Findlay - Tathams' Stolport
72OK,Jay
72OR,Madras - Ochs Private
72PN,New Kingston - Distribution Center
72S,Rosalia
72TA,Port O'Connor - Pierce
72TE,La Pryor - Chaparrosa Ranch
72TN,Morristown - Lakeway
72TS,Sheridan - Galaxy Ranch
72TX,Houston - Johnson Space Center
72VA,Fairfax Inova
72WA,Darrington - Hiline
72WI,Darlington - Mhlc Hospital
72XA,Beasley - Stiffs
72XS,Paris - Whitaker'S
73AK,Juneau - Yankee Cove
73AR,Cabot - Dogwood
73AZ,Kingman - Dunton Ranch
73C,Lancaster Muni
73CA,Bear Valley
73CL,Desert Center - Airstrip
73CO,Walsenburg - Flying D Ranch
73F,Waco - Wings For Christ
73FA,Sun City Center - South
73FD,Chiefland - Brookins Air Strip
73G,Nunica - Cherry
73GA,Atlanta - Ruffwood
73IA,Mason City - Harris
73II,Connersville - Nulltown Wingnuts
73IL,Litchfield St
73IN,Lyons - Benham
73KS,Hays - Philip Ranch
73KY,Brooks
73LA,Mansfield - Desoto Med Cntr
73MD,Rock Hall - Swan Creek
73MI,Port Huron Mclaren
73MN,Ely - Eagles Nest 4
73MO,St Louis Ssm
73MU,Fulton - Sky-Go Farms
73NC,Fayetteville - Beard
73ND,Nortonville - M Heart Ranch
73NE,Waverly - Bornmann
73NH,North Stratford - Haynes Landing
73NJ,Montague
73NR,Spruce Pine - Blue Ridge
73NY,Masonville - Olmstead Landing Strip
73OH,Thompson
73OI,Montville - Rick'S
73OK,Tishomingo - Spring Creek Ranch
73OR,Newberg - Ribbon Ridge
73PA,York - Gilbert
73PN,Trout Run - Finkhaven
73S,Tekoa - Willard
73T,Desoto - Bobby
73TA,Bayview - Reynolds Ranch
73TE,Azle - Moore Pvt
73TN,Humboldt Medical
73TS,Christoval - South
73TX,New Waverly - Sandy Creek
73VA,Emporia Southern
73WA,Davenport - 7 Bays
73WI,New Auburn - Vetterkind Strip
73WT,Hooper - Gregor
73XA,Garden City - Tres
73XS,Garden City - Second F
74AK,Palmer - Maud Road Strip
74AR,Woodson - Freedom
74AZ,Tombstone - Rancho San Marcos
74CA,Fiddletown - Leaping Luella Ranch
74CL,Di Giorgio
74CN,Paso Robles - Camatta Ranch Airstrip
74CO,Roggen - Westberg-Rosling Farms
74FA,Miami Lightspeed
74FD,Clarksville
74FL,Monticello - Jefferson Landings
74GA,Luthersville - Johnson
74GE,Gainesville Nghs
74II,Danville - Hendricks Community Hospital
74IL,El Paso - Corn Alley 2
74IN,Montpelier - Tucker Farms
74IS,Colona - Quad
74KS,Moran - Ensminger
74KY,Cunningham - Terry
74L,Malibu
74MD,Laurel Medical
74ME,Newcastle - Labrador Landing
74MN,Round Lake - Hurley Meml Seaport
74MO,Ozarkcom Army
74MU,Hawk Point - Koala
74N,Tower City - Bendigo
74NC,Whartonville - Benton Farm
74ND,Northwood - Metz
74NH,Hooksett - Mercier
74NK,Cairo - Sunside
74NY,Farmington - New Salem
74OH,Toledo University
74OI,Newark - Licking Meml Hospital
74OK,Guthrie - Pegasus
74OR,Newberg - Stan Jost
74P,Pahrump - Calvada Meadows
74PA,Zieglerville - Shontz
74PN,Altoona - Upmc
74PS,East Norriton - Jefferson Einstein Montgomery
74R,San Antonio - Horizon
74S,Anacortes
74T,Ponder - Hicks
74TA,Dripping Springs - Varnell
74TE,Walnut Springs - Flat Top Ranch
74TN,Hixson - Hog Lot Landing
74TS,Lubbock - St
74TX,Brackettville - Fort
74V,Roosevelt Muni
74VA,Fairfax - Hospital
74WA,Mattawa
74WI,Brown Deer - Building
74WT,Ellensburg - Blowout Bench
74XA,Gun Barrel City
74XS,Texarkana - Wadley
75AK,Kenai - Henley
75AL,Mobile - Hospital
75AR,Henderson - The Bluffs
75C,Orogrande
75CA,Huntington Beach - Civic Center
75CL,Los Angeles - Ronald Reagan
75CO,Nunn - Mrw Farms
75DC,Oakesdale
75FA,Arcadia - Brownville
75FD,Fort Pierce - Plant
75FL,Panama City - Sandy Creek
75G,Manchester - Rossettie
75GA,Macon - Lake Tobesofkee
75IA,Greenfield - Hospital
75II,Hardinsburg - Lowells Landing
75IL,Mount Vernon Deaconess
75IN,Covington - Fulton
75IS,Chicago - Lurie Childrens Hospital
75J,Ashburn - Turner County
75K,Bethany
75KS,Bartlett - 7Up Ranch
75KY,Winchester - Hisle
75LA,Johnson Bayou - Station
75LL,Wyoming - Hausmann
75MI,Riley - Norton
75MN,Elysian - Galler'S
75MO,Kansas City - Childrens Mercy Hospital
75MU,Marceline - Pershing
75NC,Stokesdale - Meylor Landing
75ND,Taylor - Jurgens Airstrip
75NE,Fort Calhoun - Heaton
75NJ,Mullica Hill
75NK,Syracuse - Hospital
75NR,Hamptonville
75NY,Olean - Reiss Game Farm
75OH,Springfield - Hickerson
75OI,Marion - Soltis
75OK,Locust Grove - Sycamore Springs Ranch
75PA,Albion - Marther Fld
75PN,Beaver
75RI,"Newport - Hopedene, Llc"
75SC,Greer
75TA,Ackerly - 1
75TE,Waco - Womack Farm
75TN,Greeneville - Srigley
75TS,Venus
75TX,Brackettville - Leona Ranch
75U,Warsaw - Reservoir
75VA,Norton Community
75WA,White Salmon - Port Elsner
75WI,Cedar Grove - Smies
75WT,Oroville - Dickson
75WV,West Union - Nicholson
75XA,Coldspring - Rocking B Cattle
75XS,Lasara - Rowland Dusters
76A,Shoffner - Efs
76AK,Delta Junction - Pogo Mine Airstrip
76AR,Mountain Home - Johnson
76AZ,Goodyear - West
76B,Naples - Long Lake
76CA,Long Barn - Bald Mountain
76CL,Dos Palos - Emmett
76CN,El Centro Medical
76CO,Bennett - Hoy Airstrip
76F,Wills Point - Van Zandt County
76FA,Davie Hca
76FD,Havana - Peavy Farms
76FL,Ocoee - Health
76G,Marine City
76GA,Sylvania East
76II,Laotto - Ries
76IL,Geneva - Hospital
76IN,Lafayette East
76KS,Newton - Vintage
76KY,Lawrenceburg - Buzzard'S Roost
76LA,Lafayette General
76LS,Kentwood - Cool Creek
76MD,Elkton - #13
76MI,Marquette Hospital
76MN,Erskine - Hemmingsen
76MO,Bolivar - Citizens Meml Hospital
76MU,Moberly Gmr
76MY,Audubon - Seclusion Point
76N,Tunkhannock - Skyhaven
76NC,Enfield - Dunroamin Farms
76NE,Kearney - Good Samaritan
76NH,Loudon - Harris Homestead
76NJ,Trenton - Hamilton
76OH,Upper Sandusky - Wyandot Meml Hospital
76OI,Bettsville - Hull
76OK,Newcastle - Odom'S Roost
76PA,Orwigsburg - Hospital
76PN,Beaver Heritage
76T,Decatur - Bishop
76TA,Lampasas - Postoak
76TE,Salt Flat - Big Tank Ranch
76TN,Lyles - Donald Gammons
76TS,Algoa - Golden Pegasus Ranch
76TT,Silsbee - Spears
76TX,Houston Methodist
76V,Glendo - Thomas Meml
76WA,Everett - Heineck Farm
76XA,Rosanky - High Lonesome
76XS,La Grange - Lqlz
76Z,Nakeen
77AK,Wasilla - Tidewater
77AR,Hot Springs - Benoit
77AZ,Glendale - Center
77CA,Madera - Daulton
77CL,Dunlap - Baker & Hall
77CO,Colorado Springs - Uch-Mhs Meml
77F,Winters
77FA,Hallandale Beach - Course
77FD,Hollywood - Meml
77FL,Celebration
77G,Marlette
77GA,Milner - Toland
77GE,Macon - Health
77ID,Meridian - Ashley
77II,Burnettsville - Boyer
77IL,Effingham Arch
77IN,Jasper Meml
77KS,Augusta - Riverbend Ranch
77KY,Mount Sterling/Owingsville - One Oak
77LA,Shreveport - St
77LL,Galena - Briggs Brothers
77MD,Oxon Hill - Ntl Harbor
77ME,North Livermore - Long Pond
77MI,Cedar Springs - Doren
77MN,Gatzke - Klamar
77MO,Mount Vernon - Springhill
77NC,Winnabow
77NE,Auburn - Nemaha County Hospital
77NJ,Jersey City - Liberty State Park
77NR,Charlotte - Center
77NV,Reno - Flying Eagle
77NY,Fair Haven Hut
77OH,Mason - Collins-Flege
77OI,Cleveland University
77OK,Oklahoma
77OR,Prineville Crook
77PA,Allison Park - Nardo
77PN,Benfer - Gilfert
77S,Creswell - Hobby
77TA,Greenville - Sword'S
77TE,Winnsboro - Foggy Bottom
77TN,Church Hill - Darnell'S
77TS,New Braunfels - Flying R Ranch
77TX,Weatherford - Circle W Ranch
77UT,Salt Lake City Mosquito
77VA,Martinsville - Coopers Mountain
77WA,Colville - Hospital
77WI,New Munster - Foxewood
77XA,Winnie - Xl Ranch
77XS,Danbury - Garrett Ranch
78A,Jonesville - Swan Creek
78AA,North Pole - Lakewood
78AK,Willow - C T S
78AR,Diamond City - Cedar Crest Airstrip
78B,Norcross/Millinocket/ - Buckhorn Camps
78CO,Aspen - Pfister Ranch
78FD,Homestead - Mac'S
78FL,Pomona Park
78GA,Carrollton - C&R Farm
78I,Eminence - Pam'S Place
78II,La Fontaine - Fox
78IL,Dixon Correctional
78IN,Wolcott - Harrier
78IS,Red Bud
78K,Yes Bay
78KS,Baxter Springs - Walter A Swalley
78LA,Raceland - Naquin
78ME,Falmouth - Eric'S
78MI,South Rockwood - Carls
78MN,Gatzke - Hagens
78MO,Lynchburg - Snouffer
78MU,Jasper - Stony Branch
78NC,Fuquay/Varina
78ND,Bowman - Folske Ranch
78NE,Brainard - Stava
78NJ,Keansburg - Hazlet Township Police
78NY,Pendleton - Flying F
78OH,Valley City
78OK,Pawhuska
78OR,Crowley
78PA,Newtown Square - Sap America
78PN,Leeper - Farmington Township
78R,San Augustine
78TA,Bigfoot - Ranch-Aero
78TE,Whitney - Rocking A
78TS,Harlingen South
78TX,Grapevine
78U,Lewiston - Snake River
78VA,Columbia - Rassawek Airstrip
78WA,Center Island
78WI,Osseo - System-Oakridge
78XA,Millsap - Wayport
78XS,Danevang - Smith Aviation Inc
78Y,Maryville - Rankin
78Z,Nancy Lake
79AK,Wasilla - Huttunen Strip
79AR,Jacksonville - Franke
79C,Neenah - Brennand
79CA,Apple Valley St
79CL,North San Juan - Milhous Ranch
79D,Philippi
79FA,Maitland - Helistop
79FD,Plant City - Midway Lake
79FL,Chiefland - Good Dog Landing
79GA,Fort Gaines - Coates
79ID,Kooskia - Clear Creek Int
79II,Greenfield - Harter Flying
79IL,Ashton - Miller
79IN,South Bend Meml
79IS,Hillview - Hartwell Ranch
79J,Andalusia
79KS,Eureka - Greenwood County Hospital
79KY,Nicholasville - Lucas
79LA,Covington - Lakeview
79ME,Houlton Hospital
79MI,Jerome - Davis
79MN,Gatzke - Paul
79MO,Williamsville - Faries
79MT,Baker - Johny Creek
79MU,Smithville - Dunham
79N,Unionville - Ridge Soaring
79NC,Louisburg - Ball
79ND,Carrington - Reimers
79NE,Cambridge Meml
79NJ,Franklin Township - Philips Lighting Company
79NY,Pendleton - Smith
79OH,Vienna - Smith-Stewart
79OI,Pitchin - Flying J
79OK,Sperry - Wilson Ranch
79OR,Reedsport - Cruse Meml
79PA,Quarryville - Britain
79PN,Danville - Geisinger Rooftop
79S,Fort Benton
79SC,Green Sea
79TA,Cotulla - Morris Ranch
79TE,Lagarto - Arrowhead
79TS,Celina - Tallows
79TT,Celina Methodist
79TX,Iredell - Spring Creek
79UT,Tremonton - Hospital
79VA,Windsor
79VG,Eagle Rock - Perkey
79WA,Cathlamet - Farms
79WI,Whitehall
79WS,Argyle - Moose Creek Farm
79WT,Ellensburg - West
79XA,Ozona - Ranch
79XS,Silverton Muni
7A0,Greensboro Muni
7A3,Lanett
7A5,Roanoke Enloe
7A6,Stevenson
7A7,Dahlonega - Merrill Ahp
7A8,Spruce Pine - Avery County/Morrison
7AK0,Tanana - Art Z
7AK2,Snettisham
7AK3,Soldotna - Gaede
7AK4,Wasilla - Jack Fish Landing
7AK5,Soldotna - Dahler Homestead
7AK6,Soldotna - France
7AK7,Healy - Temsco Helicopters Inc.
7AK8,Wasilla - Crosswinds Landing
7AK9,Palmer - Vinduska
7AL0,Vincent - Logan Martin Dam
7AL1,Lexington - Explorer
7AL2,Steele - Peterson
7AL3,Oxford Police
7AL5,Pinckard - Liberty
7AL7,Madrid - Pratt Landing
7AL8,Florala Emergency
7AL9,Elberta - Horak
7AR0,Eureka Springs - Hammer
7AR1,Eudora - Wards
7AR2,Greers Ferry - Verser'S Landing
7AR3,Colt - Runsick Flying Service
7AR4,Searcy - Brown'S
7AR5,Fordyce - Center
7AR6,Jonesboro - Rbc
7AR7,Elaine - Riddell
7AR8,Holly Grove - Shiloh
7AR9,Jonesboro - Cullen
7AZ0,Scottsdale - Aviation Ramp Area
7AZ4,Pearce - Rancho Relaxo
7B2,Northampton
7B3,Hampton Airfield
7B4,Baltimore - Strip
7B6,Warehouse Point - Skylark
7B9,Ellington
7CA1,Lucerne Valley - Abraham Ranch
7CA2,Bakersfield - Paradise Lakes
7CA3,Redding - Mercy Medical Center
7CA4,Palm Springs - Desert
7CA5,Balch Camp
7CA6,Five Points - West
7CA8,Rancho Mirage - Eisenhower Medical Center
7CA9,Rutherford - River Meadow Farm
7CL0,Kerman - Du Bois Ranch
7CL1,Oakland Ucsf
7CL2,Clovis - Rogers Helicopters Inc
7CL4,Bridgeport - Pickel Meadows Eaf
7CL8,Ely/Pioche - Geyser Ranch
7CL9,Placerville - Perryman
7CO0,Erie - Parkland
7CO1,Gateway
7CO2,Montrose - Ranger Ranch
7CO3,Franktown - Buffalo
7CO4,Arriba - Koch
7CO5,Aurora - Saddle Rock Er
7CO6,Rush - Vantage View
7CO7,Johnstown - Frontier Helicopters
7CO8,Pueblo West
7CO9,Silverton - K2 Heliport Nr
7D3,Baldwin Muni
7D8,Garrettsville - Gates
7D9,Geneva - Germack
7F3,Caddo Mills
7F7,Clifton
7FA0,Key West - Center
7FA1,Key West - Sugar Loaf Shores
7FA2,Moore Haven
7FA3,Fort Denaud - Flying L
7FA5,Orlando - Premium
7FA8,Monticello - Lakeview Airstrip
7FD0,Orange Park - Clay
7FD2,Hernando - Drake Ranch
7FD3,Miami - Tootsie'S Cabaret
7FD4,Jacksonville - Baptist Medical Center
7FD5,Bonifay - Doctors Hospital
7FD6,Lake Worth - Loxahatchee
7FD7,Lakeland Medical
7FD9,Madison - Estherbrook Aerodrome
7FL0,Belleview - Jordan
7FL1,Winter Haven - Adams
7FL2,Wesley Chapel Baycare
7FL3,Jacksonville - Area
7FL4,Green Cove Springs - Haller
7FL5,West Palm Beach
7FL6,Daytona Beach - Spruce Creek
7FL7,High Springs - Lazy S Farm
7FL8,Fort Pierce - Dragonfly
7FL9,Bradenton - Helistop
7G0,Brockport - Ledgedale Airpark
7G1,New Cumberland - Herron
7G2,Mc Clusky
7G8,Middlefield - Geauga County
7G9,Canton
7GA0,Athens - Systems
7GA1,Atlanta - Wsb-Tv
7GA2,Valdosta - Air Park
7GA3,Garfield - Airstrip
7GA4,Danville Airpark
7GA5,Kensington - Mount Cove Stolport
7GA6,Atlanta - Hilton Garden Inn
7GA7,Stockbridge - Berry Hill
7GA8,Atlanta - Emory University Hospital
7GA9,Whitesburg - Smisson
7GE1,Caldwell - Davison Ranch
7GE5,Centralhatchee - Sunset Strip
7GE7,Greenville - Rough Country
7I2,Muncie - Reese
7I4,Orleans
7IA1,North English - White Pigeon
7IA3,Marion - Mc Bride
7IA5,Clinton Mercy
7IA6,Fairfield - Center
7IA7,New Hampton - Mitchell
7IA9,Pella Health
7ID7,Moscow - Gritman Medical Center
7II0,New Whiteland - Porter
7II2,Crawfordsville - Franciscan Alliance Inc.
7II3,Mount Vernon - Schroeder Private
7II7,Wolflake - Rex
7II9,Bargersville - Thorn
7IL0,Grant Park - Mussman
7IL1,New Bedford - Headings
7IL2,Grays Lake - John Clark Restricted
7IL3,Marengo - Flying Q Farm
7IL4,Arlington Heights - Northwest Community Hospital
7IL5,Illinois Wing
7IL6,Elmhurst
7IL7,Hampshire - Edward Getzelman
7IL8,Harding - Cody Port
7IL9,Serena - Friends
7IN2,Hamilton - Flying Crown
7IN3,Poseyville - Garrett
7IN6,Livonia - Myers Farm
7IN7,West Lebanon - Gary Johnson
7IN9,Springport - The Last Resort
7IS2,Belleville - Aero Estates
7IS3,Clinton - Hooterville
7IS4,Danville Correctional
7IS5,Gilberts - Koppie
7IS7,Alhambra - Hammock
7IS8,Aurora - Rush-Copley Medical Center
7IS9,Columbia - King
7J4,Lake James
7JY7,Russell Springs
7K5,Kenmare
7K7,North Sioux City - Graham
7KS0,Oskaloosa - Flying T
7KS1,Plainville - Center
7KS2,Overbrook - Cloud
7KS3,Arma - Youvan
7KS4,Horton - Bent Nail Ranch
7KS5,Humboldt - Croisant
7KS6,Manhattan - Deep Creek
7KS7,Minneola - Kennedy
7KS8,Topeka - Moore Short
7KS9,Bentley - Eagle
7KY0,Murray
7KY1,Carlisle - Nicholas County Hospital
7KY2,Pineville Community
7KY3,Tarylorsville - Little Mount
7KY4,Albany - Spring Creek
7KY5,Barbourville
7KY6,Albany - Grider Hill Settles
7KY8,Glasgow - Tj Samson Hospital
7KY9,Marion - Crittenden County Hospital
7L1,Carson
7L2,Linton
7L5,City Of Industry - Department
7L8,Indianapolis - Post-Air
7L9,Melville - Pete Antie
7LA0,Maringouin - Valverda Strip
7LA1,Port Sulphur - Birdwin
7LA2,Raceland - Hospital
7LA3,Ragley - Habetz
7LA4,Bristol - Kibs Air Park
7LA7,Venice - Romere Pass
7LA8,Natchitoches Parish
7LA9,Bell City - Chute N Gators
7LL2,Waukegan - Vista Medical
7LL3,Newton - Club
7LL4,Weldon - Bakers Strip
7LL6,West Brooklyn - Gehant
7LL7,West Brooklyn - Delhotal
7LL8,Nokomis - Dahler
7LL9,Oakdale - Brammeier
7M1,Mc Gehee Muni
7M2,Mountain View Wilcox
7M3,Mount Ida - Bearce
7M4,Osceola Muni
7M5,Ozark Franklin
7M6,Paris /Subiaco/
7M7,Piggott Muni
7M8,Rector
7M9,Salem
7MA0,Boxborough - Digital Boxboro
7MA1,Boxborough - Digital Box 2
7MA2,East Freetown - Craig Cove
7MD0,Marydel - Our Domain
7MD1,Federalsburg - Magennis Farm
7MD2,Emmitsburg - Cntr
7MD3,Frederick Health
7MD5,Leonardtown - St
7MD6,Ocean City - Ocfd Northside Park
7MD7,Pocomoke - Boomers
7MD8,Stevensville - Kent Fort Manor
7MD9,Tilghman
7ME,Fort Kent
7MI,Lexington - Flugplatz
7MI0,Novi - Kamikaze Run
7MI1,Orchard Lake - Mc Phail
7MI2,Sawyer - Southwest Lakes
7MI3,Vicksburg - Thrall Lake
7MI4,Owosso - Hemi Acres
7MI5,Chelsea
7MI6,Oakley - Wightman
7MI7,Cooper - Walker
7MI8,Vassar - Letts
7MI9,Scs
7MN0,Audubon - Cormorant Cove
7MN1,St Paul - Regions Hospital
7MN3,Spring Valley - Caldbeck
7MN4,Garrison - Mille Lacs Lake
7MN5,Roseau - Lifecare Medical Center
7MN6,Argyle - Johnson
7MN7,Ada Essential
7MN8,Thief River Falls - Willis
7MO0,Kansas City - Truman Medical Center
7MO1,Perry - Wood Acres
7MO2,Philadelphia - Bevill
7MO3,Pineville - B S Ranch
7MO4,Platte City - Flintlock
7MO5,Platte City - Elton
7MO6,Lebanon - Files
7MO7,Golden City - Mcguire
7MO8,Foster - Laughlin
7MS1,Canton - Eagle Crest Estates
7MS3,Byhalia - Maidment
7MS4,Canton - Cloud 9
7MS7,Bolton - Freebird
7MT5,Darby - Kyle
7MY4,Park Rapids - Beavers Lair
7MY6,Wadena - Astera Health
7MY9,Dexter - Petes
7N1,Corning Painted
7N4,Clinton - Meml
7N8,Bally - Port
7NA0,Hillsboro - Downs Farm Private
7NA2,Lansford - Undlin
7NA3,Lisbon - Hiam Private
7NA4,Mayville - Ingebretson Airspray
7NA9,Souris - Sjule Pvt Airstrip
7NC,Plymouth - Donald'S
7NC0,Corolla - Rescue
7NC1,Burgaw - Stag Air Park
7NC2,Corolla - Pine Island
7NC3,Kenly
7NC4,Hickory - Center
7NC5,Bunn - Crooked Creek
7NC6,Roseboro
7NC7,Walnut Cove - Lewis Airstrip
7NC8,Banner Elk - Diamond Creek #2
7NC9,Asheboro - Spencer
7ND1,Dickinson - Wolberg'S Private
7ND2,Grafton - Kelly'S
7ND5,Bowdon - Buchmiller
7ND7,Alexander - Haugen'S
7ND8,Langdon - Forest
7NE2,Hemingford - Plainsview Ranch
7NE5,Paxton - Lierley Farms
7NE6,Polk - Merchant Homestead
7NE8,Culbertson - Ne Hitchcock
7NJ0,Medford - Indian Mills
7NJ1,Winslow Township - New Freedom Switching
7NJ2,Canton - Stoe Creek Farm
7NJ3,Newton Meml
7NJ5,Morristown Medical
7NJ6,Woodglen - Twnshp Mun
7NJ7,Elmer - Coombs
7NJ8,Rahway - Merck & Company
7NJ9,Cedarville - Dave
7NK0,Middleburgh - Valley View
7NK1,Nelson - Deer Run Air
7NK2,Saratoga Springs Hospital
7NK4,Spenceport - Ridge Road
7NK6,Treadwell - Blueberry
7NK7,Sherburne - Morin
7NK8,Valhalla - Westchester Medical Center
7NM1,Alamogordo - Strip
7NR2,Oxford - Granville Medical Center
7NV8,Ely/Pioche - Geyser Ranch
7NY0,Lake Huntington - Campis
7NY1,Esperance - Gar
7NY2,Adams - Butterville
7NY3,Manhasset - North
7NY4,Mecklenburg - Culver
7NY5,Millbrook - K
7NY6,Johnsonville - Sherwood Farm
7NY7,Orangetown - Palisades Conference Center
7NY8,Amsterdam - Iwan
7NY9,Yorktown
7OA7,Xenia - Inc
7OH0,East Liverpool
7OH1,Valley City - Rauhaus
7OH2,Canal Fulton
7OH3,Delaware - Obi One
7OH5,Canfield - School
7OH6,Cuyahoga Falls - Karam
7OH7,Loudonville - Heathcliff
7OH8,Chardon - Curtis
7OH9,Cleveland Police
7OI0,Napoleon - Christy'S
7OI1,Ayersville - Blevins
7OI5,Graytown - Bea-D
7OI7,Clyde - Southcreek
7OI9,Nashport - Massengill
7OK0,Grady - Dennis Ranch
7OK1,Edmond - Gregg
7OK2,Mangum - Scott
7OK3,Pryor Hillcrest
7OK4,Hydro - Waters Home
7OK6,Norman Rgnl Hospital
7OK7,Optima - Panhandle
7OK8,Marlow - Jim Pettijohn Meml
7OK9,Tulsa - St
7OR0,Cove - Minam Lodge
7OR1,Crane - Arnold Airstrip
7OR2,Mehama - Basl Hill Farms
7OR3,The Dalles - Honald Ranch
7OR4,Sisters - Pineridge Ranch
7OR5,Portland - Emanuel Hospital
7OR6,Hood River - Park
7OR7,Brooks - Hollin
7OR8,Seneca - Inshallah
7OR9,Oregon City - Parson Landing
7P5,Suring - Piso
7PA0,Orwigsburg - Opa
7PA1,Warren Airpark
7PA2,Wind Gap - State Park
7PA3,Honesdale - Charles G Kalko
7PA4,Punxsutawney - Null Farms
7PA5,Turbotville - Fauser
7PA6,Montrose - Carrar Farm
7PA7,Honesdale - Wayne Meml Hospital
7PA9,York - Caterpillar Pbp
7PN0,Minersville - Tidmore
7PN4,Newry - Blue Knob Valley
7PN5,Letterkenny Depot Helipad Army
7PN6,Winterstown - Hagan
7PN7,York Wellspan
7PN9,Marienville - East
7PS0,Steelton
7PS2,Willistown - Braehead
7PS3,Susquehanna
7PS4,Lehighton - Lehigh Valley Hospital/Carbon
7PS5,Muncy
7PS6,Natrona Heights - Allegheny Valley Hospital
7PS7,Sewickley - Lenzner Farm
7PS8,South Renovo - Bucktail Medical Center
7PS9,St Mary'S - Penn Highlands Elk
7Q7,White River
7R9,Angleton - Bailes
7S0,Ronan
7S1,Fairfax - Park
7S2,Winnett
7S3,Hillsboro - Stark'S Twin Oaks
7S4,Wisdom
7S5,Independence State
7S6,White Sulphur Springs
7S7,Valier
7S8,Sweetgrass - Ross
7S9,Hubbard - Lenhardt Airpark
7T0,Lindsay - Freedom
7T7,Midland - Skywest Inc
7TA0,Tomball - Field'S
7TA1,Navasota - Center
7TA3,Plainview - Quarterway
7TA4,Fairfield - V Bar Airstrip
7TA5,Caldwell - Weber Ranch
7TA6,Junction - Skyview Ranch
7TA7,Reklaw - Flying M Ranch
7TA8,Boerne - John Henry Key
7TA9,San Angelo Community
7TE0,Fannett - Kelley Crop Service
7TE1,Warrenton - Double D Farms
7TE2,Falfurrias - Cage Ranch
7TE3,Lometa
7TE4,Leakey - Flying J Ranch
7TE5,Mullin - Carlisle
7TE6,El Campo - 1
7TE7,Mission - Moore
7TE8,Cotulla - El Quinto Ranch
7TE9,Floresville - Boening Brothers
7TN0,Pleasantview - Blue Bird
7TN1,Pelham - Krashinsky
7TN2,Nashville - Centennial Medical Center
7TN3,Murfreesboro - Stones River
7TN4,Oakland - Pegasus
7TN5,Hickory Valley - Flying D
7TN6,Dickson - Horizon Medical Center
7TN7,Counce - Pca
7TN8,Newport - Van Stratum
7TN9,Newport - Jacques
7TS0,Rhome - Fairview
7TS2,San Marcos - Alison Air Park
7TS3,San Marcos - Wyatt
7TS4,Crossroads - Sanctuary Ranch
7TS7,Melvin
7TS8,Dimmitt - Ott Farms
7TS9,Bovina - Hefner Farms
7TX0,Wichita Falls - Danaher
7TX1,Waco - Providence Health Center
7TX4,Keller - Hillcrest
7TX5,Midland - Mabee Ranch
7TX6,Houston - Kemah Waterfront
7TX7,Midland - Ryan Aerodrome
7TX8,Amarillo - Flying K
7TX9,Old Boston - Ashford
7U8,Richey
7V2,Paonia - North Fork Valley
7V3,Walworth - Big Foot
7V5,Brush
7V7,Red Cloud
7V8,Julesburg
7V9,Las Animas
7VA0,Cheriton - Airduce
7VA1,Bristol Rgnl Medical Center
7VA2,Colonial Heights - Technical Center
7VA3,Hopewell
7VA4,Hopewell - Bermuda Hundred
7VA5,Long Island
7VA7,Virginia Dmv
7VA8,Bristol - Tri-Cities
7VA9,Monterey - Hannah
7VG0,Warrenton - Lost Griz Aerodrome
7VG4,Grimstead - Coastal Seaplanes
7W1,Ilwaco Port
7W4,Bumpass - Lake Anna
7W5,Napoleon - Henry County
7W6,Engelhard - Hyde County
7WA0,Port Angeles - Big Andy
7WA1,Port Angeles - Eclipse
7WA2,Port Townsend - Jefferson General Hospital
7WA3,Everson - Westwind
7WA4,Ford - Humbert
7WA5,Stuart Island
7WA6,Donald - Loflin
7WA7,Ashford - Kautz Creek Helibase
7WA8,Puyallup - Hospital
7WA9,Ilwaco - Ocean Beach Hospital
7WI0,Ferryville - Turkey
7WI1,Clam Lake
7WI2,Rio - Higgins
7WI3,Green Bay - St
7WI4,Black River Falls - Lewis
7WI5,Brooklyn - Syvrud
7WI6,Wyocena - Weatherbee
7WI7,Richland Center - Springhill
7WI8,Brussels - Crispy Cedars
7WI9,Fond Du Lac - Nett Construction
7WV2,Ronceverte - Center
7XA1,Corpus Christi - Redline Helicopter Tours
7XA2,Justin - Sagebrush
7XA4,Troy - Buckshot Ranch
7XA7,Houston - The Post Oak
7XS0,Friendswood - Polly Ranch
7XS1,Springtown - Flying E Ranch
7XS2,Texas Downtown
7XS3,Grapeland - W C Ranch
7XS5,Skellytown - Arrington Ranch
7XS6,Fairfield - Moore Hx Ranch
7XS7,Fredericksburg - Indian Springs Ranch
7Y2,Thompsonville
7Y3,Backus
7Y4,Bagley
7Y9,Big Falls
80A,American Creek
80AK,Houston - Morvro Lake
80AL,Tyler - Sunflower Ranch
80AR,Helena - King
80C,Yadkinville - Lone Hickory
80CA,Lotus - Bacchi Valley Industries
80CL,Blythe Service
80CN,Pine Valley
80CO,Pueblo - Simonson
80D,Harrison - Clare County
80F,Antlers
80FA,Kenansville - Lake Marian
80FD,Indiantown - Brady Ranch
80FL,Chipley Northwest
80G,West Lafayette - Tri-City
80GA,Grantville - Murphy'S Landing
80GE,Augusta - Wrdw
80ID,Twin Falls - Luke'S
80IL,Shirland - Loeppert Cpl Aero
80IN,Huntington Parkview
80IS,Hillview - Martin
80KS,Parsons - Diamond H
80KY,Sacramento - David Lowe
80LA,Effie - Red Hawk
80MA,Tewksbury - Tew Mac
80MI,Ada - Fox Hollow
80MN,Grand Marais - North
80MO,Carthage - Seiferd
80NC,Hickory - Henry River Fld
80ND,Crosby - Troy
80NE,Davenport - Farms
80NJ,Evesham - Freedom Lake Center
80NR,Raleigh - Wakemed
80NY,Sagaponack - Foster Farm
80OH,Warren - Griffin/Sloas
80OI,Warrensville Heights - Cleveland Clinic
80OK,Norman - Bison Hill
80OR,Bly - Wilderness
80PA,Moosic - Pamco Pa
80PN,Hookstown - Hanover
80S,Lavina
80SD,Aberdeen - Comstock
80T,Quincy Muni
80TN,Lenoir City - Big T
80TS,Crockett - M Y Ranch
80TX,Brownsville - Resaca Airstrip
80V,Medicine Bow
80VA,Richmond - Holly Springs
80WA,Hadlock - Sfs
80WI,Spring Lake Creek
80XA,Canton - Knight Trow Ranch
80XS,Woodbine - Three Acres
81AK,Trapper Creek - Mc Kinley Country
81AL,Centreville - Bibb Medical Center
81AR,Jonesboro - Wfk
81AZ,Scottsdale - Hangar 5
81B,Oxford County
81CA,Bakersfield - Valley
81CO,Steamboat Springs - Mesa 1
81D,Angleton - Flyin Tiger
81FA,Hobe Sound - Johnson Ranch
81FD,Kissimmee - Adventhealth Poinciana Helistop
81FL,Gainesville - Ranch
81GA,Villa Rica - Lucky Lairds Landing
81II,Indianapolis - Inc
81IL,Illinois Antique
81KS,Meriden - Blackhawk
81KY,Franklin The
81L,Valencia - Sheriff'S Wayside
81LL,Mendota - Otterbach Farm
81LS,Rayville - Richardson Medical Center
81ME,Ellsworth - French
81MI,Three Rivers Health
81MN,Jeffers - Ewen Landing
81MO,Butler - Bates County Hospital
81MU,Springfield - Mercy Hospital
81NC,Tabor City - Cox
81ND,Deering - Millers Airstrip
81NE,Hildreth - Bunger
81NM,Picacho - Diamond A Ranch
81OH,Cortland - Oldstown Flying Tails
81OI,Cincinnati - Brown
81OK,Granite - Twin Lakes Ranch
81OR,Burns - Wagontire
81PN,Kittanning - Hospital
81R,San Saba
81TE,Early - Pilots Landing
81TN,Bristol - Southfork
81TS,Edna Hill - Rancho Deluxe
81TX,Winnsboro - Ogburn Vfd
81VA,Rocky Mount - Ferguson
81W,Lopez - Fishermans Bay
81WA,Redmond - 1
81WI,Monroe Clinic
81XA,Florence - Buttermilk Air Strip
82A,Buena Vista - Marion County
82AK,Kenai - Salamatof Cannery Lodge
82AR,Barton
82C,New Lisbon Mauston
82CA,Moorpark
82CD,Lexington - Creech
82CL,Fort Bragg
82CO,Grand Junction - Mountain Bell
82FA,Freeport - Airrep
82FD,Orlando - Lockheed Martin
82FL,Tallahassee - Bannerman
82GA,Wadley - Paces
82IL,Rockford - Mercyhealth System-Riverside
82IN,North Manchester - Hunter
82IS,Huntley - Landings Condominium
82J,Pensacola - Roscoe
82KS,Mapleton - Greg Post Farms
82KY,Crestwood - Woodledge Farm
82LA,Chalmette - Fisher'S
82LL,Monroe Center - Cheechako
82LS,Transylvania - Lookout Point
82ME,Clayton Lake - Red Pine Grove
82MN,Lake City Mayo
82MO,Cameron Medical
82NC,Sanford - Pineview Air
82NE,Mullen - Drc
82NH,Peterborough - Summit Meadow
82NJ,Westwood - Pvmc
82NM,Picacho - Skeen Ranch
82NR,Canton - Big Sandy Landing
82NY,Gallatin - Silvernails
82OH,Bryan - County
82OI,Columbus - J-Em Farm
82OK,Sapulpa St
82OR,Dexter - Lost Creek
82PA,Candor - Frame
82TA,San Angelo - Hoelscher Ag
82TE,Lubbock - Rememberance
82TS,Abilene - Elmdale
82TX,Bryan - St
82V,Pine Bluffs
82VA,Verona - Root
82WA,Ellensburg - Kittitas Valley Healthcare
82WI,Whitelaw - Triple S Ranch
82WN,Rice - Magee Creek Aerodrome
82XS,Floresville - Circle P Ranch
83AK,Fairbanks - Tolovana Hot Springs
83B,Presque Isle
83CA,Costa Mesa - The Met
83CO,Keystone - Inc
83D,St Ignace - Mackinac County
83FA,Tampa - Ferguson
83FD,Okeechobee - Lake Montaza
83FL,Yulee - Nassau
83GA,Bainbridge - Brock
83IA,Sigourney - Center
83IL,Minonk - Oltman-Shuck
83IN,Peru - Goodenough
83IS,Irvington - Prairie
83K,Fort Ann - Harris
83KS,Whitewater - Stol Creek
83KY,Erlanger - Works
83L,Norwalk - Southeast Superior Court
83LA,Cut Off - Ledet
83LL,New Athens - Lindauer
83MI,Pontiac - Trinity Health Oakland
83MN,Grand Marais - Loon Lake
83MO,North Kansas City
83MS,Pelahatchie - Jolley
83MU,Stella - Dalbom Ultralightport
83MY,Champlin - Leos Landing
83NC,Durham - Holly Green
83NE,Long Pine - Abbott
83NH,Tuftonborough - Pier 19
83NJ,Gloucester Township - Lofts
83NM,Pie Town - King Ranch
83NR,Statesville - Wootens
83OH,Pleasant Hill - Adams Strip
83OI,Hebron - M P W
83OK,Murry Spur - Sweetbriar
83OR,Lostine - Tamarack Springs Ranch
83Q,Poulsbo
83TA,Purdon - Rainbow
83TE,Sabinal - K Bar Ranch
83TS,Gordon - Moore Ranch
83TX,Texas A
83V,Upton
83WA,Walla Walla - Darcy
83WI,Dorchester - Jones
83XA,Spur - Tr Zato
84AK,Wasilla - T-Time
84AL,Pinckard - Ranch
84CA,Los Angeles - Beverly Center
84CL,Los Angeles - Century
84CO,Castle Rock - Rampart
84CT,Bridgeport Boatworks
84D,Eagle Butte Cheyenne
84FA,Clermont - Summer Spot
84FD,North Port Ems
84ID,Twin Falls - Shetler'S
84IL,Stockton - Bud Pierce
84IN,Warsaw - Kosciusko Community Hospital
84IS,Jacksonville Hospital
84K,Meyers Chuck
84KS,St. Mary'S Airpark
84KY,Hillsboro - Clarks
84L,Norwalk Sheriff
84LA,Haughton - Touchstone Ridge
84ME,Forest Township - Cowboys Air Ranch
84MI,Grand Haven Trinity
84MN,Nielsville
84MO,St Louis - Holiday Inn Westport
84MT,Corvallis - Shimmon
84NC,Cameron - Rooster
84ND,Mc Canna - Kyllo
84NE,Mullen - Hooker County
84NK,Cornwall St
84NM,Pie Town - Nalda Ranch
84NR,Fuquay-Varina - Dupree Willow
84NY,Rush - Skyview
84OH,Fairborn - Center
84OI,Wellston - Grant Lifeflight 2
84OK,Marlow - Pettijohn Acres Landing
84OL,Broken Arrow - Cotton
84OR,Selma - B Bar Ranch
84PA,Birdsboro - Ged
84PN,Stewartstown - Draco Stolport
84R,Smithville Crawford
84SC,Cades - Musc Black River
84TA,Moody - Flying Fajita
84TE,Morgan - W4 Ranch
84TN,Andersonville - Elkins
84TX,Buchanan Dam - Camp Longhorn
84WA,Elma - D And B
84WI,La Crosse - Center
84WY,Douglas - Moore Ranch
84XS,Mountain Home - Lang Ranch
84Y,Bloomfield Muni
85AK,Big Lake - Marion
85AZ,Scottsdale Honor
85B,Patten - Shin Pond
85CA,Gualala - Services
85FA,Deland - North
85FD,Kissimmee Advent
85FL,Jay - Thomas Farms
85GA,Talmo - Aiken
85IA,Floyd - Henry
85IL,Sullivan - Durbin
85IN,Tab - Leak
85KS,Winchester - Sanders
85KY,New Castle - Deer Run
85LA,Baton Rouge - Building
85LL,Oswego - Wormley
85MA,Burlington - Lahey Hospital
85MI,Zeeland - Dewind
85MN,Plainview - Christison
85MO,Rogersville
85N,Newfane - Hollands
85NC,Whittier - Reagans Roost
85NE,Hardy Meyers
85NJ,Voorhees - Virtua Hospital
85NK,Randolph - Campbell
85NM,Playas Medical
85NR,Winston-Salem - Forsyth Medical Center
85NY,Sardinia - High Acres
85OH,Bowling Green - Wood County Hospital
85OI,Akron - Children'S Hospital
85OK,Cashion - Lockhart
85OL,Cache - Huscher
85OR,Bly - Allens Airstrip
85PA,Carrolltown - Krumenacker
85PN,Vandergrift - Kiski
85TA,Lillian - Mena
85TE,Kingsbury Old
85TN,Tellico Plains
85TS,Dallas City
85TX,Buda - Rutherford Ranch
85U,Soldier Bar
85WA,Pomeroy - Scott Seed Farm
85WI,Emerald - Cub Bear
85WV,Romney - Hampshire Meml Hospital
85XA,Krum - Windmillcreek
85XS,Crockett - Farm
86AK,Big Lake - Hoppes
86AL,Midland City - Eagle Aviation
86AR,Lonoke - Goacher
86CL,Hemet - Ernst
86CN,Merced Mercy
86CO,Berthoud - Lazy W
86F,Carnegie Muni
86FD,Bell - Country Landings
86FL,Lake City Shore
86GA,Tunnel Hill - Flying G Ranch
86IL,Bethany - Sharp
86IN,Salem St
86IS,Roanoke - Michael Pfister
86KS,Gove - Coberly
86KY,Bellevue - Windys
86LA,Kentwood - Spring
86ME,Bowdoinham - Cathance Landing
86MI,Willis - Downwind Acres
86MN,Bagley Sanford
86MO,Sedalia - Bothwell
86MT,Polebridge - Moose
86MU,Aurora Mercy
86NC,Hertford - Craft
86NE,Blair - Orum Aerodrome
86NJ,Vineland - Two Can Sam
86OA,Bowling Green - Bordner
86OH,Bethel - Reed
86OI,Blue Ash - Belcan
86OK,Vinita St
86PN,Bloomsburg - Seesholtz
86PS,Somerset Base
86TA,Marble Falls - Slaughter Ranch
86TE,Santo - Matthews Ranch
86TN,Dandridge - Dumplin
86TS,San Augustine - Fairway Farm
86TX,Bulverde - Flying J
86WA,Kapowsin
86WI,Elkhorn - Terhark
86XS,Sweetwater - Gesin Ranches
87AK,Wasilla - Soloy Strip
87CA,Hanford - 1
87CD,Pueblo - The Flying Z
87CL,Los Angeles - City
87CN,Santa Ana - Freeway Honda
87CO,Bennett - Young
87FA,Fruitland Park Adventhealth
87FD,Palm Beach Gardens
87FL,Alva - Alma
87GA,Villa Rica Tanner
87I,Yazoo City County
87IL,Minooka - Bushby
87IN,Walkerton - Strip
87IS,Quincy - Seigfried Halfpap
87K,El Dorado Springs
87KS,Dorrance - Hayland
87KY,Highland Heights - Midwest Communication
87MA,Wilmington - Miara1
87ME,Sweden - High Note
87MI,Plainwell - Ascension Borgess Pipp
87MN,Roosevelt - Erickson
87MO,East Lynne - Richters
87MS,Tupelo - Maloney
87N,Southampton
87NC,Roseboro - Brocks
87NE,York - Knox Landing
87NJ,Somers Point - Shore Medical Center
87NR,Columbia Airstrip
87NY,East Moriches - Clearview
87OH,Geneva University
87OI,Norwalk - Lake Air Ranch
87OK,Wagoner
87OR,Beatty - Moondance Ranch
87PA,Chicora - Waltman
87TA,Mountain Home - Cielo Grande Ranch
87TE,Needville - Mospino
87TN,Obion - Rainey
87TS,Houston Star
87TX,Blum - Fainting Goat
87VA,Crozet - Cottonwood Farm
87WA,Kennewick - Hospital
87WI,Cottage Grove - Quale
87WS,Mosinee - Valhalla
87XA,Midlothian Methodist
87XS,Medina - Cinco B Ranch
87Y,Madison - Blackhawk
88AK,Sterling - Dutch Landing Strip
88AZ,Roosevelt - Grapevine Airstrip
88C,Palmyra
88CA,San Jose Rgnl
88CO,Yoder - Tranquila
88D,Huron - Hinde
88FA,Tampa Hard
88FD,Boynton Beach - Bethesda Meml Hospital
88FL,Sewall'S Point
88GA,Hamilton - Epic
88IL,Cerro Gordo - Gaitros Stol
88IN,Poseyville - Seib
88IS,Quincy - Blickhan Lndg Area
88KY,Lexington - St
88LA,Lafayette - Freebird
88LL,Pearl City - Block
88M,Eureka
88MD,Easton - Beaven
88ME,Waterford - Deer Hill
88MI,Lewiston - Eagle Ii
88MN,Young America - Fox
88MO,West Plains - Howell Valley
88MS,Senatobia - Strayhorn Hay
88NC,Salisbury - Corriher
88ND,Milton - Goodman Strip
88NE,Johnson - Ensor
88NV,Gerlach - Black Rock
88NY,Shelby - Zelazny
88OH,Williston - Chippewa
88OI,Akron Hospital
88OK,Marlow - Boice
88OL,Calvin - Pace
88OR,Lebanon - Tallman
88PA,Clinton - Mc Coy
88PN,Shamokin - Coal Township
88PS,Landisville - Indian Springs
88R,Spicewood
88TA,Van Horn - Figure 2 Ranch
88TE,Wingate - Scott
88TN,Altamont - Piney Creek
88TS,Mineral Wells - Fort Wolters Helicopters
88TT,Pilot Point - Shady Lane Ranch
88TX,Sulphur Springs Christus
88VA,Culpeper - Belmont Farm
88VT,Isle Lamotte - Hawk'S Nest
88WA,Deer Harbor
88WI,Green Bay - Nicolet
88WS,Verona - Ottos
88XA,Anna - Tejas Stone Ranch
88XS,Coleman - Gates
89AK,Wasilla - Lincoln Village
89CA,Paso Robles - Halter Ranch
89CO,Wiggins - Vallery
89D,Kelleys Island
89FA,Miami - Watson Island
89FL,Orlando - Lake Hiawassee
89GE,Palmetto - South Fulton
89IA,Cedar Rapids - Chain Lakes
89IN,Martinsville - Milhon
89IS,Red Bud - Voges Airstrip
89KS,Chanute - Neosho Meml
89KY,California - Moores
89LA,Lafayette - Bldg
89LL,Peotone - Norman
89ME,Vassalboro - Fox
89MI,West Branch - Peach Lake
89MN,Little Falls - St
89MO,Westline - Bishop'S Landing
89MU,Monett Cox
89NC,Fair Bluff - Strickland
89ND,Minot - Poleschook
89NE,Hershey - George
89NJ,Mays Landing - Strawberry Fields
89NR,Mocksville - Georgia Rd
89NY,Alexandria Bay - Maxson
89OH,Findlay - Blanchard Valey
89OI,Berlin Center - Circle C
89OK,Sallisaw - Neversweat Too
89OR,Eagle Point - Mucky Flat
89PA,Murrysville - Kirschstein
89TA,Waller - Houston
89TE,Fort Worth - Plaza Medical Center
89TN,Johnson City - Bell Helicopter
89TS,Oakwood - Carter Ranch
89TX,Galveston Adventures
89VA,Edinburg - Hidden River
89WA,Arlington - Williams
89WI,Jonesdale - Tuschen
89XA,Clifton - Hidden Ridge Ranch
8A1,Guntersville
8A3,Livingston Muni
8A4,Indiana Downtown
8A7,Mocksville - Twin Lakes
8AK0,Fort Wainwrite - Bach Helipad
8AK1,Gulkana - Jacobus
8AK2,Kenai - Cartys Airstrip
8AK3,Selawik - Meml Airstrip
8AK4,Ketchikan - Mccues
8AK5,Trapper Creek - Fort
8AK6,Susitna Station
8AK8,Wasilla - North
8AK9,Tok 2
8AL0,Clanton - Mitchell Dam
8AL1,Hoover West
8AL2,Talladega - Charles C Killough
8AL3,Boaz - Fricks
8AL4,Jemison - Lay Dam
8AL5,Parrish - Plant Gorgas
8AL6,Scottsboro - Air Evac
8AL7,Hazel Green Acres
8AL9,Geneva - Wiregrass Hospital
8AN6,Medical Lake - Isaacson
8AR0,Stuttgart - Hargrove
8AR1,Oakland - Totty
8AZ5,Portal - Lizzy Lizard
8B0,Rangeley - Stephen A Bean
8B1,Hillsboro - Hawthorne-Feather
8B2,Twin Mountain
8C2,Sully
8C4,Tipton - Mathews Meml
8C5,Toledo Muni
8C6,Traer
8CA0,Victorville - Osborne
8CA2,Auburn Cal
8CA4,San Bernardino - Sce Eastern Division
8CA5,Winchester - Pines
8CA6,Yucca Valley Service
8CA7,Carpinteria - Platform Henry
8CA8,Lodi - Wallom
8CA9,San Diego - Kgtv-10 Parking Lot
8CD0,Yuma District
8CD4,Elizabeth - Basin
8CL0,Palmdale - Nichols Farms
8CL1,Escondido - Lake Wohlford Resort
8CL2,Elk Grove - Lucchetti Ranch
8CL4,Stockton - Hq
8CL6,Maxwell - Moller
8CL7,Lodi Meml
8CL9,Kerman - Bland
8CO0,Wiggins - Kent
8CO1,Texas Creek - Prospect Peak
8CO2,Briggsdale - William Leon Schawo
8CO3,Canon City - Fremont Peak
8CO4,Byers - East
8CO5,Hotchkiss - Widner
8CO6,La Junta - Arkansas Valley
8CO7,Colorado Antique
8CO8,Yuma - Koenig
8CO9,Elizabeth - Pine View
8D1,New Holstein
8D3,Sisseton
8D4,Sparta - Paul C Miller
8D7,Clark
8D8,Lake Andes
8D9,Howard
8DC8,Washington - Congressional
8F3,Crosbyton
8F5,Daingerfield - Greater Morris County
8F6,Murdo
8FA0,Lakeland - Lake Gibson
8FA1,Raiford - Clark
8FA4,Samsula - Coe
8FA5,Port St.  Joe - Gulf
8FA7,Melbourne - Viera Hospital
8FA9,Crawfordville - Seashell
8FD1,Mc Alpin - Buckner
8FD2,Melrose - The Flying Horseman
8FD3,Munson - Blackwater
8FD4,Rockledge
8FD5,Okeechobee - Lykes Brighton
8FD8,Venice - Sarasota
8FL0,Hastings - Hutson
8FL1,Arcadia - Donald
8FL2,Belleview - Kiever
8FL3,Belleview - Back Achers
8FL4,Panama City - Ascension Sacred Heart
8FL5,Destin - Timberview Helicopters
8FL6,Harold - Cutchan
8FL7,Gainesville - Capra Farms
8FL8,Jacksonville Police
8FL9,Jay - Griswold
8G1,Willard
8G2,Corry Lawrence
8G3,Olean - Giermek
8G6,Cadiz - Harrison County
8G8,Salem - Koons
8GA1,Roopville - Gum Creek
8GA2,Dwight David Eisenhower Medical Cntr Army
8GA3,Leesburg Spraying
8GA4,Augusta - Doctors Hospital
8GA5,Collins - Sikes Farm
8GA6,Griffin - Strip
8GA7,Kingston - Etowah Bend
8GA8,Carrollton - Falcons Aerie
8GA9,Vaughn - Brook Bridge Aerodrome
8GE8,Canton - Northside Hospital-Cherokee
8GK,Sparta - Gallatin County
8I1,Vevay - Robinson
8I3,Kokomo - Glenndale
8IA0,Muscatine - Unity Healthcare
8IA1,Rock Valley - Hegg Meml Hospital
8IA2,Winfield - Port Paradise Farms
8IA8,Riverside - Pfeifer
8IA9,Red Oak - Shields
8ID8,Salmon - Airstrip
8II0,Bennington - Allen
8II1,Jasonville - Careferre Acres
8II2,Liberty - Norris
8II3,Haubstadt - Thrust Industries
8II5,Hoagland - Holt
8II6,Indianapolis - 5
8II7,Indianapolis - Rolls-Royce Plant 8
8II8,Indianapolis - Allison Plant 3
8IL0,Harvard - Adkins
8IL1,Harvard - Twin Gardens
8IL2,Harvard - Kirkpatrick
8IL3,Sullivan - Alms Rla
8IL4,Harvard Mercy
8IL5,Pecatonica - O'Connor
8IL6,El Paso - Kingdon Rla H
8IL8,Hazel Crest - Advocate
8IN1,Indiana Arnett
8IN2,Greenwood - Robinson
8IN4,Greenfield - Hancock
8IN5,Portage Community
8IN6,Kendallville - Parkview Noble Hospital
8IN7,Butlerville - Brush Creek
8IN8,Bremen Community
8IN9,Amo - Marcidale
8IS0,Breese
8IS1,Carlinville - Nelson
8IS2,Roanoke - Kilsoquah Farm
8IS3,Grafton - Justice
8IS4,Hillsboro Area
8IS5,Danforth - Raymond Classen Meml
8IS6,Decatur Meml
8IS8,Lindenhurst - Vista Surgery Center
8IS9,Maryville - Anderson Hospital
8J7,New Rockford - Tomlinson
8JY8,Paris - Augustus Hill
8K0,Bucklin
8K2,Harper
8K8,Cimarron Muni
8K9,Ketchikan - Murphys Pullout
8KA,Tatitna
8KS,Lyons - Maxwell Aviation
8KS0,Ulysses - Morgan Farms
8KS1,Basehor - Neu
8KS2,Hamilton - King Ranch
8KS3,Hiawatha - Davis
8KS4,Hays - Rans
8KS5,Parsons - Blue Sky
8KS6,Wichita - Wesley Medical Center
8KS7,Stilwell - Pine Sod Ranch
8KS8,Chapman - Prairie Cottage
8KS9,Williamsburg - The Wilderness
8KT8,Pleasureville - Cherry Hill
8KY0,Alberta
8KY1,Bowling Green - Greenview Hospital
8KY2,Lexington - Lrfo
8KY3,Franklin - Cummings Farms
8KY4,Burkesville - Cumberland County Hospital
8KY5,Jackson - Center
8KY6,Independence - Caintuckee
8KY7,Stanford - Fort Logan Hospital
8KY8,Fulton - Parkway
8KY9,Maysville - Meadowview
8LA0,Thibodaux - Schriever
8LA7,Verret - Company
8LA8,Gonzales - Galvez-Lake Vfd
8LA9,Welsh - Koll
8LL0,Old Ripley - Nance
8LL1,Woodstock - Hunter
8LL2,Wyanet - Eckberg
8LL3,Rochester - Hundley
8LL4,Olney - Richland Meml Hospital
8LL5,Paris - Horizon Health
8LL6,Paris State
8LL7,Pawnee - Donald A. Hamilton
8LL8,West  Frankfort - Center
8M1,Booneville/Baldwyn
8M2,Weiner - Sally Wofford
8M3,West Yellowstone
8M6,Mc Ville
8M7,Dawson Springs - Tradewater
8M9,Providence
8MA4,Stow - Crow
8MD0,Woodbine - Suzie
8MD1,Aberdeen - Center
8MD2,Baltimore - Montebello Filtration Plant
8MD3,Baltimore - Sinai Ii
8MD4,Greensboro - Spiering
8MD5,Libertytown - Flying H Farm
8MD6,Nanjemoy - Burgess
8MD7,Leonardtown - Deerfield
8ME2,Portland - Peaks Island Ballfield
8MI0,Bay City - Midmichigan Health Park
8MI1,Grand Blanc - Ascension Genesys Hospital
8MI2,Williamston - Mikes Helipad
8MI3,Mattawan
8MI4,Morley - Howe
8MI5,Howell - Schiller
8MI6,Harsens Island
8MI7,Steuben - Bass Lake
8MI8,Union City - Farm
8MI9,Chelsea - Winters
8MN1,Tyler Avera
8MN2,Halstad - Aslesen
8MN3,Breezy Point
8MN4,Vesta - Lightfoot Farms
8MN5,Lino Lakes - Vieira
8MN6,Princeton - Minske
8MN7,Wabasha - St Elizabeth Hospital
8MN8,Cass Lake
8MN9,Long Prairie Centracare
8MO0,St Peters Barnes
8MO1,Springfield - Life Farm
8MO2,Liberty Hospital
8MO3,Richmond - Curtis
8MO4,Annapolis - Mans
8MO5,Maysville - Cayton Pony Express
8MO6,Louisiana - Hospital
8MO7,Rushville - Bean Lake
8MO8,Monett - Frazier
8MO9,St Louis Mercy
8MS1,Greenwood - Henderson
8MS2,Fulton - Godspeed
8MS8,Steiner - Helipad
8MT4,Townsend - Elk Meadows Ranch
8MU0,Springfield - Freedom
8MY9,Alexandria - Minglewood
8N0,Eden - Rockingham County
8N1,Bethel - Grimes
8N2,Ottawa - Chicago
8N4,Canadensis - Flying Dollar
8N8,Danville
8NA0,Tappen
8NA5,Montpelier - Liechty Farm
8NA7,Devils Lake - Camp Grafton
8NA9,Hope - Hashbarger Farm Airstrip
8NC0,Windsor - Hospital
8NC1,Cameron - Dean
8NC2,Caroleen - Twin
8NC3,Sneads Ferry - Winding Creek
8NC4,Pittsboro - Twin Silos
8NC5,Concord - Wb
8NC6,Siler City - Brooks
8NC7,Maysville - Parker
8NC8,Durham - Lake Ridge
8NC9,Hendersonville - Museum
8ND0,Sarles - Amble Tiger
8ND4,Manvel - Heyde
8ND5,Chaffee - Ausk Strip
8ND6,Chaffee - J Vining
8ND7,Courtenay - Sprague
8NE2,Cedar Creek - P & R
8NE3,Champion - Smith
8NE4,Elmwood - Bornemeier Airstrip
8NE5,Ericson - X1 Ranch
8NE6,Franklin Franklin'S
8NE7,Franklin - Smith
8NE9,Fullerton - P
8NJ0,Port Republic - Winchelsea
8NJ2,Princeton - Carnegie Center
8NJ3,Paterson - Lembo
8NJ4,Bridgeton - Inspira Health Center
8NJ8,Richwood - Kraemer
8NK3,Saratoga Springs Medical
8NK4,Bethany Center
8NK5,Newburgh - Luke'S
8NK6,West Burlington - Suntime
8NK8,Bolton Landing - Mister Dog
8NR6,Roxboro - Person Meml Hospital
8NY3,Afton - North Fork
8NY4,Corning Guthrie
8NY5,Duanesburg - Mariaville Aerodrome
8NY6,Buffalo Mercy
8NY7,Oneida
8NY8,Utica - Hawks
8NY9,Bethpage - Nassau County Police
8OA3,Cincinnati - Hospital
8OA5,Camp Crook
8OA6,Vickery - Zimmerman Landing
8OA7,Stockport - Bald Eagle Fld
8OA9,Seville - Margos Sky Ranch
8OH0,Ashtabula
8OH1,Orrville Aultman
8OH2,Marysville - Honda
8OH3,Coitsville - Ranch
8OH4,Columbiana - York Aerodrome
8OH5,Cortland - Urban
8OH6,Galion - Medflight 5
8OH7,East Palestine - Morris
8OH8,Dorset - Allen
8OH9,Cincinnati - University Hospital/Sicu
8OI0,Newbury - Brannon Fld
8OI3,Cortland - Allen
8OI4,Steubenville - Trinity Medical Center
8OI5,Thornville - Clum
8OI9,Idaho - Morkassel
8OK0,Okeene - Lamle
8OK1,Blanchard - Warbonnet
8OK2,El Reno - Baker Airstrip
8OK3,Cleveland Area
8OK4,Carrier - Black I Ranch
8OK5,Grove General
8OK6,Chandler - Grass Strip
8OK7,Amber - Nelson High Point
8OK8,Miami - Baptist
8OK9,Oklahoma City - Nu-Tech Energy Company
8OL1,Wetumka - Petes
8OR1,Lebanon Hospital
8OR2,Stayton - Kingston
8OR3,Days Creek - Riverview Ranch
8OR4,Astoria - Columbia
8OR5,Bend - Pilot Butte
8OR6,Scappoose - Grabhorn'S
8OR7,Corvallis - Gates
8OR9,Newport - Hospital
8PA0,Numidia
8PA1,Ono - Dee Jay
8PA2,Bethlehem - Ronca
8PA3,Weatherly - Deer Meadows Airstrip
8PA4,Mifflinburg - G A E
8PA5,Kittanning - Facility
8PA6,Shermansdale - Turtle Rock
8PA7,Nazareth - Lazzarini
8PA8,Palmerton - Sunny Rest
8PN0,Chambersburg - Lost Acres
8PN2,Bangor - Hallett'S
8PN3,Venus - Mc Cauley'S
8PN5,Elysburg - Helfrick
8PN6,Lansdale
8PN7,Emporium - School
8PN9,Gettysburg - Marsh Creek
8PS0,Middlebury Center
8PS1,Bethlehem
8PS2,Jackson Center - Still Meadow Farm
8PS3,Taylor - Empire
8PS5,Hershey - Hmc Hangar
8PS7,Scranton - Center
8PS9,Tunkhannock - Center
8S0,Browning - Starr Airstrip
8S1,Polson
8S2,Cashmere
8S3,Santiam Junction
8S4,Enterprise Muni
8T6,George West - Live Oak County
8T8,San Antonio Airpark
8TA0,Floresville - John B Connally
8TA1,Seadrift - Whatley Flying Service
8TA2,Sherman - Safety
8TA3,Spicewood - Ranch
8TA4,Texas Willow
8TA5,Farmersville - Short Stop
8TA7,Texas Burleson
8TA8,Huntington - Bufords
8TA9,Washington - Star Dusters
8TE0,Matador - Tee Pee Creek
8TE1,Wills Point - Richie Rich
8TE2,Crane - J-Bar Ranch
8TE3,Waxahachie - Center
8TE4,Crystal City - Properties
8TE6,El Paso - Campus
8TE7,Fredericksburg - Carter
8TE8,El Campo - Tradewind Ag
8TN0,Memphis - Center
8TN1,Eads - Parker
8TN2,Shelbyville - Pleasant Grove
8TN3,Farragut - Raby
8TN4,Mosheim - Flaglor
8TN5,Springfield - Nobuzzn
8TN6,Murfreesboro - Rachel'S Landing
8TN7,Dover - Short Creek
8TN8,Burlison - Field
8TN9,Covington - Bull Run
8TS0,Bruni - Hamilton Ranch
8TS1,Burleson - Retta
8TS2,Henrietta
8TS3,Latexo - Bruner
8TS4,Houston - Meml
8TS5,Joshua - Stol
8TS6,Kaufman - Moore
8TS7,Glen Rose - Wyatt 3-Rivers
8TS8,Del Rio - Rnk Ranch
8TS9,Encinal - Strait Ranch
8TX0,Jewett - Hub
8TX1,Gun Barrel City - Medical Emergency Gbc
8TX2,Rocksprings - Freeman Ranch
8TX3,Goldthwaite - Edwards
8TX4,Willis - Sartor
8TX5,Marathon - Sto 5
8TX6,Mason - Harkey Ranch
8TX7,Houston - Skyhaven
8TX8,Premont - Weeks
8TX9,Gainesville North
8U0,Ryegate
8U1,Sand Springs
8U2,Schafer
8U3,Scobey Border
8U4,Spotted Bear
8U6,Terry
8U8,Townsend - Broadwater County
8U9,Townsend - Canyon Ferry
8V2,Atkinson - Stuart
8V3,Parkston
8V6,Dove Creek
8V7,Springfield Muni
8VA0,Richmond - Lot
8VA1,Buckingham - Slate River
8VA2,Callao - Shivok
8VA3,Warrenton - Transport
8VA4,Buckingham - Lotus
8VA5,Charlottesville - Hospital
8VA6,Lovingston - Flatwoods
8VA7,Lexington - Hospital
8VA8,Newport News - Mary Immaculate Hospital
8VA9,Nokesville - Valley View
8VG4,Amherst - Buffalo Ridge
8W2,New Market
8W3,Mansfield
8W5,Silverdale - Apex
8W9,Rochester - Skyranch
8WA0,Rainier - Flying B
8WA1,Graham - 1
8WA3,Renton - Valley Medical Center
8WA4,Olympia - Hospital
8WA5,Ritzville - Tree Heart Ranch
8WA6,Royal City - Christensen
8WA7,St John - Gossard
8WA8,King County - Room
8WA9,Seattle - Broadcast House Helistop
8WC,Potosi - Washington
8WI0,Wisconsin Dells - Wood
8WI1,Shawano - Dillenburg'S
8WI2,Plainfield - 1
8WI3,Plover - 2
8WI4,Port Washington - St
8WI5,Black Creek - Strip
8WI6,Luxemburg - Funk Aerodrome
8WI7,Three Lakes - Flying Floats
8WI8,Fennimore - Stupek Farms
8WI9,River Falls
8WN8,Ellison Bay - Mave'S Lakeview Road
8WT0,Medical Lake - Ems
8WV3,Mingo - Snowshoe
8WV8,Gerrardstown - Talbott
8WY6,Ten Sleep - Lazy T Ranch
8XA6,Aubrey - Blackjack
8XA7,Hamilton - Yacht Club
8XS0,Pear Valley - Bemaroy
8XS1,Texas The
8XS2,Bellevue - Ayers
8XS3,Sandia - J A Knolle
8XS4,Port Arthur - Patco
8XS5,Galveston - San Luis Resort
8XS6,Tioga - Mc Manus
8XS8,Lubbock - Reese
8XS9,Waring - Rust
8Y4,Lino Lakes - Surfside
8Y5,Clarissa
8Y6,Clear Lake Leaders
8Y8,Ringsted - Peltz
90AK,Prudhoe Bay/Deadhorse - Northstar
90AL,Gulf Shores - South
90AR,Jonesboro - Alos
90CA,Linden - Fowler'S
90CL,Elk Creek - Diamond M Ranch
90CO,Meeker - Wetlands Ranch
90F,Broken Bow Muni
90FA,Leesburg - North
90FD,Okeechobee - Citrus Hedging Ranch
90FL,Okeechobee - Paxton
90GA,Georgia Public
90IA,Missouri Valley
90ID,Meridian St
90IL,Momence - Johnson
90IN,Martinsville - Mc Daniel'S
90KS,Topeka - Sunset Strip
90KY,Ashcamp - Water
90LA,Minden - Sharp
90MD,Baltimore - Medstar Franklin
90ME,Rumford - Zinck
90MI,Clinton Township - Henry Ford
90MN,Princeton - Bishman
90MO,Clinton - Hospital
90MS,Hollandale - Steele Farms
90MT,Missoula - Aero
90NC,Hendersonville - Pardee Meml Hospital
90NJ,Bridgewater Crossing
90NR,Boones Crossroads - Zones
90NV,Pahrump - Kpvm Television
90NY,Canandaigua - Hopewell
90OI,Camden - Joe Cimprich
90OK,Sasakwa - Rocky Point
90OR,Lakeview - Lake District Hospital
90PA,Coneville - Adams
90PN,Hastings - Miners Medical Center
90TA,Garland - Faulkner Point
90TE,Corsicana - The Homestead
90TN,Oak Ridge Methodist
90TS,Sealy - Brandes Air
90TT,Waelder - Wt
90TX,Callaghan
90VA,Orange - Hen & Bacon
90WA,East Sound - Waldron Airstrip
90WI,Laona - Heritage Acres
90XA,New Berlin - Tg Farms
90XS,Port Bolivar Houston
91AK,Big Lake - Kucera
91AL,Columbiana - Office
91AS,Elaine - Crumrod
91C,Prairie Du Sac - Sauk
91CA,Desert Hot Springs - Devers Substation
91CL,Kennedy Meadows
91CO,Frisco - Hospital
91F,Canadian - Carlton Landing
91FA,Estero - Williams
91FD,Mangonia Park - Wpec Inc
91FL,Orlando - Lake Conway North
91GA,Moreland - Flying Frog
91I,Fort Benjamin Harrison
91IN,Columbus - Strietelmeier Flying
91IS,Riverton - Stanton
91KS,St. Mary'S - Joseph'S
91KY,Lancaster - Garrard County Ema
91LA,Eunice - Koch
91LS,Red Bud - Duclos
91MD,Largo - Center
91ME,Stetson - J & S
91MI,Middleville - Mchelipad
91MN,Canby Sanford
91MO,Columbia - Boone Hospital Center
91N,Turtle Lake
91NC,Burlington - Center
91NE,Omaha North
91NJ,Jersey City - Newport Helistop
91NY,Spencerport - Manitou
91OH,Wooster - Stine
91OI,Canton - Cross
91OK,Altus - The Flying Cowboy
91OR,Sheridan - Abba'S
91PA,Clarion Hospital
91PN,Pottsville - Schuylkill
91TA,Canton - Rhines Roost
91TE,Liberty Hill - Britts Crosswind
91TN,Ashland City - Powder Mill
91TS,Rosharon - Songbird Ranch
91TX,Calliham - Paisano Ranch
91VA,Bedford - Miller
91WA,Mattawa - Christensen Bros Wahluke
91WI,Nekoosa - Gottschalk
91WT,Chelan - Riverview
91XA,Big Sandy - Crosscut
91XS,Merkel - Stark
92A,Benton - Chilhowee
92AK,Palmer - Mat-Su
92B,Sinclair - Long Lake
92C,Pulaski - Carter
92CA,Stratford - Farms
92CL,Meridian - Moronis
92CN,Palm Desert
92CO,Hillside - Lake Creek Ranch
92F,Chattanooga
92FA,St. Augustine - Amcdlz
92FL,Orlando - Lake Willis
92G,Gorham - Midlakes
92GA,Stone Mountain Skylift
92GE,Midville
92IL,Cairo - Inc
92IN,Milford - H R Weisser
92IS,Rochester - Taft
92KS,Concordia - Cloud County Hospital
92KY,Clay City - Pumpkin
92LA,Houma - Cntr
92MA,Hamilton - Ames
92MD,Silver Spring - Ctr
92ME,Passadumkeag - Buzzport
92MI,Dewitt - Zischke
92MN,Wendell - Brutlag Farms
92MO,Eureka - Fox Run
92MT,Conner - Dbear Ranch
92MU,Smithville - Parks
92NC,Morganton - Carolinas Healthcare System
92NH,Meredith - Morrison
92NJ,Kingwood Township - Strip
92NR,Rockingham - Hospital
92NY,Strykersville - Bloecher Farm
92OH,Conneaut
92OI,Cincinnati - Good Samaritan Hospital
92OK,Marlow - Horning Farms Airstrip
92OR,West Linn - Falcon Point
92PA,Cooperstown - Hawkins
92PN,New Wilmington - Bartsch
92SC,Aiken - Macks Patch/Derrick
92TA,Los Fresnos - Drennan Farm
92TE,Marathon - Ranch
92TS,Killeen Central
92TX,Lampasas - Jf Ranch
92VA,Gloucester - New Quarter Farm
92WA,Issaquah - Conner
92WI,Merrill - Knight Aire
92XS,Raymondville - Inc
93AK,Tyone Creek
93AR,Danville - Chambers
93AZ,Willcox - Inde Motorsports Ranch
93B,Stonington Muni
93C,Richland Center
93CA,Fountain Valley
93CN,La Jolla - Rooftop
93CO,Lake George - Antelope
93F,Cheyenne - Mignon Laird
93FA,Baker - Psycho
93FD,Milton - Chumuckla 20-20
93FL,Blountstown - Calhoun Liberty Hospital
93GA,Swainsboro - Emanuel County Hospital
93IA,Jewell - Lund
93ID,Riggins - Salmon River Helicopters
93IL,Lindenwood - Bauer
93IN,Shelbyville - Foltz Farm
93IS,Danville - Center
93KS,Seneca - Ronnebaum Airfield
93KY,Lexington - Uk
93LA,Kaplan Abrom
93LL,Sandwich - Hemmingsen
93M,Palmyra - Rueter
93MD,Elkton - Knollwood Farm
93MN,Mankato - Hoppe Sky Ranch
93MO,Ellington - Carr Creek
93MS,Shelby Air
93MT,Bigfork - Masonry
93NC,Franklin - Angel Medical Center
93NH,Plainfield - Sharkey
93NY,Brooklyn - Taylor
93OG,Powell Butte - Robeck Landing
93OH,Chardon - Center
93OK,Coweta - Jantzen
93OR,Baker - Center
93PA,Cooperstown - Maple Cave Park
93SC,North Charleston - Trident Medical Center
93TE,Marathon - 1
93TN,Gray - Center
93TS,Sealy - Longbird
93TX,Fort Worth - John Peter Smith
93VA,Amherst - Timberdoodle
93WA,Bellingham - Lakesamish
93WI,Darlington - County
93XA,Buffalo Springs - Scott Ranch
93XS,Springtown - Underline Ok
93Y,David City
94AR,Gregory - Galloway Farms
94C,Rio - Gilbert
94CA,Fontana - Kaiser Hospital
94CL,Loma Linda
94CO,Ouray - Ponderosa
94E,Silver City - Whiskey Creek
94FA,Panama City - Stock Island
94FD,Milton - Center
94FL,Fort Myers - Pine Shadows
94GA,Unadilla - Snow Hill Airstrip
94IL,St Jacob - Furfaro Rla
94IS,Royalton - Adams Pvt
94K,Cassville Muni
94KS,Macksville - Clark
94KY,Rumsey - Woosley
94LA,Donaldsonville - Prevost Meml Hospital
94MD,Centreville - Conquest
94MI,Otsego - Red Aero
94MN,Barnesville - Ag Spray Inc
94MO,Kansas City - Arrowhead Lndg
94NC,Raeford - Viking
94ND,Newburg - Michael Zurcher Farm
94NJ,Hackettstown/Great Meadows - Gravel
94NY,Union Springs - St Bernard
94OH,Lima - Center
94OK,Muskogee St
94OR,Elkton - In
94PN,York Wellspan
94R,Wharton - Gav Air
94TA,San Angelo - Reece
94TE,Argyle - Barbaro
94TN,Campbellsville - Airborne Acres
94TS,Sulphur Springs Hidden
94TT,Midkiff - Farms
94TX,Brady - River Bend Ranch
94VA,Appomattox - Highview Farms
94WA,Aberdeen - Wishkah River Ranch
94WI,Mondovi - The Farm
94XA,Orange - Ghmc Micro Hospital
94XS,Victoria - Cole Ranch
94Z,Nome City
95AK,Big Lake - Brown'S Homestead
95AL,Trussville - Fsed
95CA,Whitley Garden - Bonel
95CL,Glendale - Verdugo Hills Hospital
95CN,Victorville - Center
95CO,Rye - Mann Ranch
95D,Beulah
95E,Socorro - Stallion Aaf
95F,Cleveland Muni
95FA,Live Oak - Spirit Of Suwannee
95FD,La Belle - South
95FL,Pinellas Park County
95GA,Whitesburg - Mcintosh
95ID,Lewiston - Deer Creek
95IL,Rosiclare - Henderson
95IN,Seymour - Stewart
95IS,Warsaw - Jan Knipe
95KS,Maple Hill - Fuller
95KY,Brodhead - Crawford
95LA,Alexandria - La
95LL,Secor - Deckert
95MI,Luther - Evad Enterprises Llc
95MN,Fairmont - System
95MO,Eagle Rock - Green Berry
95MU,Sullivan - Air Evac 13
95NC,Jacksonville - Onslow Meml Hospital
95NE,Verdigre - Lightner Ranch
95NH,Hooksett - Macy
95NJ,Toms River - Middle Sedge
95NY,Wales Center/Cowlesville/ - Cummings
95OH,Carey - Tong Farm
95OK,Claremore - Barcus
95OR,Roseburg - Flournoy Valley
95SC,Williston - Buckeye Fld
95TA,Utopia - Thunder Creek
95TE,Cross Roads - Star
95TN,Clarksville - Blue Ridge
95TS,Loving - Rob
95TX,Carrizo Springs - Chupadera Ranch
95VA,Danville - Buck Hollar
95WA,Black Diamond
95WI,Stoughton - Wisersky
95XA,Dripping Springs - Hog Heaven
95XS,Seabrook - Serenity
95Z,North Pole - Bradley Sky-Ranch
96AK,Clam Gulch - Hackney Landing
96AL,Bay Minette - Bent Oak
96CA,Woodland Hills - One
96CL,Newbury Park - Ranch
96CO,Bennet - Logan
96D,Walhalla
96FD,Okeechobee - Citrus Hedging Ranch
96FL,Williston - Wings
96G,Sandusky - Cowley
96GA,Williamson - 3-M'S
96ID,Priest River - Flying H Ranch
96IL,Lena - Gerbick
96IS,Sidell - Hildreth Air Park
96KS,Glasco - Palmer
96KY,Calhoun - Woosley
96LA,Baton Rouge - La
96LL,Stockland - Wichman
96MI,Petoskey - Dick Huvaere'S
96MN,Pipestone County
96MO,West Alton - Riverlands Area
96MT,Laurel - Powers Propair Service
96MU,St. James - Green
96NC,Raleigh
96NE,Arcadia - Riverbend
96NJ,Willingboro
96NM,Shiprock - Center
96NY,Carmel - Massaro
96OH,Ontario Avita
96OI,Kettering
96OK,Buffalo - Millers Place
96OR,Ukiah - Cable Creek Ranch
96PA,Lock Haven - Nils
96TA,Kilgore - Hospital
96TE,Sterling City - Bodine
96TN,Bakewell
96TS,Grand Saline - Bowen Lake Ranch
96TX,Danbury - Farms
96VE,Ellensburg - Beiter
96WA,Everett - Jim & Julie'S
96WI,Oshkosh - Vette/Blust
96WY,Saratoga - Cedar Creek Ranch
96XA,Pecos - Gnaws Farm
96Z,Whale Pass
97AK,Palmer - High Ridge Association
97AL,Thomasville Medical
97CA,Woodland - Zamora
97CL,Oroville - Siller Bros Inc
97CO,Yoder - Peakview
97FA,Palatka - Safar
97FL,Weirsdale - Love
97G,St Johns - Glowacki
97GA,Gillsville - B Tree Farms
97GE,Monroe - Bmw Valley
97IA,Carson - Volkens
97IL,Canton - Graham Hospital
97IS,Springfield - St Johns Hospital
97KS,Augusta - Wingit
97KY,Louisville - Greener Horizons
97LA,Milton - Greene Air Park
97M,Ekalaka
97MI,Brighton - Hawk Hollow
97MN,Red Wing Mayo
97MO,Buffalo - Gary
97MT,Marion - Cabin Creek Landing
97NC,Brevard - Transylvania Community Hospital
97ND,Park River - Walser Strip
97NY,Hunter
97OG,Nyssa - Bybee
97OH,Painesville - Center
97OI,Salem Medical
97OK,Oklahoma City - Presbyterian Hospital
97OR,Prairie City - 2
97PA,Cranesville - Willows
97PN,Sellersville - Gold Mine
97TA,Houston - Hickory Hollow
97TN,Jonesborough - Kite
97TS,Willis - Gdap Air Ranch
97TX,Carrizo Springs - San Pedro Ranch
97VA,Warm Springs - Singleton
97WA,Mesa - Basin
97WI,Thorp - North Fork
97WY,Jackson - Snake River Canyon
97XA,Fort Worth - Helibarn Landing
97XS,Van Alstyne - Tilghman
97Y,Genoa
98AK,Homer - Eastland
98AL,Haleyville - Lakeland Community Hospital
98CL,Temecula
98CO,Greeley - Ncmc
98D,Onida
98FA,Lakeland - Sterling Acres Llc
98FD,Oviedo - Lake Jessup
98FL,Orlando/Buena Vista - Sand Lake
98G,Sebewaing
98GA,Indian Springs - Circle T
98IA,Marshalltown Unity
98ID,Emmett - Hospital
98IL,Centralia - St
98IN,La Porte Hospital
98KS,Montezuma - Rexford
98KY,Corbin
98L,Pomona
98LA,Covington - La
98LL,Watseka - Braden Farms
98LS,Elton - Tietjes
98M,Saco - Greaton
98ME,Belfast - Hospital
98MI,Huron Township - L & L
98MN,Bemidji - Up Yonder
98MO,Foristell - Woodliff
98MT,Stevensville - Rosemont
98NC,Linville
98ND,Pisek - Sobolik
98NE,Glenvil - Munsterman
98NH,Moultonborough - Berry Pond
98NJ,Hackensack - Creamer
98NM,Wagon Mound - Ranch
98NY,West Bloomfield - Krenzers
98OH,Geneva - Paine'S
98OK,Avant - Candy Lake Estate
98OL,Duncan - Copland
98OR,Sheridan - Deer Creek
98PA,Portersville - Pleasant Hill
98PN,Allentown - Crest
98SC,Govan - Cowtown
98TA,Weatherford City
98TE,Glide - Hilltop
98TN,Blaine - Edge
98TS,Goldthwaite - Cabrito
98TX,Falfurrias - Cig 402
98VA,Arcola - Glascock
98WA,Selah - Zirkle Fruit Company
98WI,Shawano Medical
98WT,Silverdale - Center
98WY,Jackson - Hmhs
98XA,Waco - Three Ninety-Eighth
98XS,Jonestown - Lz Phantom
99A,Sherrill - Smith'S
99AA,Anchorage Aviator
99AK,Moore Creek
99AL,Woodland - Dept
99AR,Rogers - Convergence
99AZ,Tonopah - Eagletail Ranch
99CA,Upland - San Antonio
99CL,El Mirage
99CN,Susanville - Center
99CO,Pueblo - Rock Creek
99D,Syracuse - Dewart Lake
99FA,Deltona - Helostop
99FL,Pensacola Baptist
99GA,Calhoun - Curtis Parkway
99IA,Eddyville - Courtney'S Landing
99ID,Challis - Cahc Emergency
99II,Reelsville - Cooper
99IL,Stockton - Providence Place
99IN,Atlanta - Bee-Acre Farm Strip
99KS,Medicine Lodge - Elm Creek Farms
99KY,Winchester - Colby
99LA,Crowley - Lawson
99ME,Isle Au Haut
99MI,Newport Meadows
99MN,Rochester - Hospital
99MO,Bonne Terre - Parkland Health Center
99MS,Yazoo City - Paradise
99MT,Hamilton - Fox
99N,Bamberg County
99NA,Charlotte - Fly I
99NC,New Bern - Streets Ferry
99NJ,Northfield - Atlantic County Helistop
99NR,Bryson City - Tsali Emergency
99NV,Mesquite - Mesa View
99NY,Wilson - Hibbard'S
99OH,Urbana - Mercy Meml Hospital
99OI,Fostoria
99OK,Oklahoma City - Warren Cat
99OR,Wallowa - Lazy F Ranch
99PA,Tioga - Nielsen
99PN,Lebanon Des
99SC,St. Mathews
99TA,Castroville - Echtle
99TE,Bells - Pritchard
99TN,Brownsville - Haywood County Ems
99TX,Catarina - Briggs Ranch
99UT,Jensen - Sundog
99V,Crawford
99VA,Quinton - Ed
99WA,Yakima - Providence Medical Plaza
99WI,Two Rivers - Goins
99WY,Dayton - Xingu Airstrip
99XA,Briggs - Skotz
99XS,Blue Ridge
99Z,Palmer - Finger Lake
9A0,Dahlonega - Lumpkin County-Wimpys
9A4,Courtland
9A5,Lafayette Barwick
9A8,Ugashik
9A9,Marion - Shiflet
9AA1,Palmer - Elk Ranch
9AA9,Haines - Airkat
9AK,Totatlanika River
9AK0,Tok - Sportsmens Paradise
9AK1,Palmer - Stormy Hill
9AK2,Russian Mission - Kako
9AK3,Tyonek - Nikolai Creek
9AK4,Delta Junction - Arctic Angel
9AK5,Anchorage - Sky Harbor
9AK6,Wasilla - Leisurewood Airstrip
9AK7,Big Lake - Cubdivision
9AK8,Wasilla - Wolf Track
9AK9,Sterling - Moose Meadows
9AL0,Hartselle Rgnl
9AL1,Hoover - Brookwood Fed Helipad
9AL2,Tuscaloosa - Holt Dam
9AL3,Leesburg - Weiss Dam
9AL4,Ohatchee - Henry Dam
9AL5,Forkland - Plant
9AL6,Columbia - Flying Hog Farm
9AL7,Shorter - Jk Farms Llc
9AL8,Hamilton - North
9AL9,Harvest - Fsed
9AR0,Mc Crory - Robertson
9AR1,Briggsville - Farms
9AR4,Woodson - Tango 7
9AR9,Cash - Aviation
9AZ2,Lake Havasu City - Sagebrush Trails Estates
9B8,Marlborough - Salmon River
9C0,Ketchikan - Peninsula Point Pullout
9C8,Evart
9CA0,Tehachapi - Psk Ranch
9CA1,Barstow Service
9CA2,Brawley - Pioneers Meml Hospital
9CA3,City Of Industry - Center
9CA4,Joshua Tree - Hdmc Holdings Llc
9CA5,California Mart
9CA6,Dyer - North
9CA7,Sanger - Harris River Ranch
9CA9,Alhambra - Santa Fe
9CL0,Turlock Airpark
9CL1,Le Grand - Johnson Ranch
9CL2,Hollister - Christensen Ranch
9CL3,Likely
9CL4,Ivanpah - Hart Mine
9CL5,Hanford - Blair Strip
9CL6,Madera - Valley Children'S Hospital
9CL7,Marysville - Old Aerodrome
9CL8,Huntington Beach - Dcor Platform Eva
9CL9,Walnut Grove - Spezia
9CN1,Hollister - Hazel Hawkins Meml
9CO0,Denver - Police Headquarters
9CO2,Watkins - Van Slyke Fld
9CO3,Gateway - Hubbard
9CO4,Indian Hills
9CO5,Brandon - Scherler Private Airstrip
9CO6,Elizabeth - D Bar D
9CO7,Kersey - Devoe
9CO8,Kiowa - Bijou Bottom Strip
9CO9,Mesa - Phylcon Ranch
9CT1,Norwalk - The Towers
9D0,Highmore
9D1,Gregory
9D2,Buffalo - Harding
9D4,Myerstown - Deck
9D7,Cando
9D9,Hastings
9DC9,Washington - Congressional
9F0,Dublin Muni
9F1,Valley Mills
9F8,Hoven
9F9,Fort Worth - Sycamore Strip
9FA2,Belle Glade - Lakeside Medical Center
9FA3,Trinity Hca
9FA8,Miami - Baptist Hospital
9FD1,Pensacola - Sacred Heart Hospital
9FD2,Plant City - Blackwater Creek
9FD3,Sebring - Highlands
9FD4,Oviedo Adventhealth
9FD5,Citra - Ranch
9FD6,Tampa - Academy
9FD7,Day - Fort Atkinson Plantation
9FD8,Eatonville - Wesh-Tv Channel 2
9FD9,Mc Alpin - Buddy'S Ag Service
9FL0,Live Oak - Suwannee Belle
9FL1,Bushnell - Flying W Airranch
9FL2,Havana - Saranac Farm
9FL3,Sebring - Lake Josephine
9FL4,New Port Richey - Pasco County Mosquito
9FL5,Bell - Shady Bend
9FL6,Mulberry - Land
9FL7,Everglades City - Oasis Ranger Station
9FL8,Greenville - Finlayson Farm
9FL9,Live Oak Hca
9G0,Buffalo Airfield
9G2,Linden - Prices
9G3,Akron Jesson
9G5,Gasport - Royalton
9G6,Albion - Pine Hill
9G8,Ebensburg
9G9,Gackle
9GA0,Zebulon - Brown
9GA1,Clyo - Briar Patch
9GA2,Midway - Berg
9GA3,Dawson - Young
9GA5,Americus - Lowell
9GA6,Milledgeville - Brookline Meadowmere
9GA7,Fitzgerald - Dorminy Medical Center
9GA8,East Dublin - Chinaberry Ranch
9GA9,Eatonton - Deerfield Landing
9GE6,Washington - Linscott
9GE7,Covington - Neely Farms
9GE8,Atlanta - Legacy Medical Center
9GE9,Conyers - Ntl Ems Headquarters
9I0,Havana
9I3,West Liberty
9ID0,Weiser - Jenkins Creek Ranch
9ID6,Elk City - Mallard Creek Ranch
9II0,Merriam - Shaffer
9II1,Hatfield - Short Stop
9II2,Mishawaka - Nelund
9II3,North Liberty - Dillon
9II4,Arcadia - Cruzan
9II5,Rushville - Rush Meml Hospital
9II7,Auburn - Parkview Dekalb Hospital
9II8,Holton - Francis
9IL0,Henry - Villiger
9IL1,Durand Ambulance
9IL2,St Joseph - Routh
9IL3,Benson - Quiram
9IL4,Steward - Hep Cats
9IL5,Highland Park
9IL6,Mackinaw - Weishaupt
9IL7,Hillsdale - Black
9IL8,Fairfield Meml
9IL9,New Lenox - Silver Cross Hospital
9IN1,Indianapolis Franciscan
9IN2,New Liberty
9IN3,Hobart - Johnsons Strawberry Farm
9IN4,Decker - Bandmill
9IN5,Fort Wayne - Dupont Hospital
9IN6,Montezuma - Garrard
9IN7,Morgantown - Zupancic
9IN8,Churubusco - Green
9IN9,Gessie
9IS0,Nauvoo - Cedar Ridge
9IS2,Gibson City - Schertz
9IS3,Decatur St
9IS5,Dixon - Ultralightport
9IS7,Geneseo - Black Hawk
9IS8,Gibson City Area
9IS9,Heyworth - Lytleville Orchard
9JY9,Hazard
9K0,Cottonwood Falls
9K6,El Dorado - Patty
9K7,Ellsworth
9K8,Kingman Clyde
9KS,Greensburg Muni
9KS0,Coffeyville Medical
9KS1,Wellsville - Hartland
9KS2,Merriam - Center
9KS3,Dodge City - Lucky Dog
9KS4,Ionia - Rose Port Inc
9KS5,Geneseo - Rush
9KS6,Gove - Lundgren Angus Ranch
9KS7,Harris - Miller
9KS8,Towanda - Gators Place
9KS9,Cheney - South
9KT0,Louisville - Norton Children'S Hospital
9KY0,Clay City
9KY1,Hyden - Mary Breckenridge Arh
9KY2,Hardinsburg - Ae-92
9KY3,Mt Sterling - Montgomery County Fire
9KY4,London - Tec
9KY5,Louisville - Norton Brownsboro Hospital
9KY6,Middlesboro - Airevac 33
9KY7,Bedford - Milton Fire Rescue
9KY8,Cadiz - Trigg County Hospital
9KY9,Paintsville Prestonsburg-Combs
9L2,Edwards Af
9LA0,Golden Meadow - Harvey Gulf
9LA1,Wisner - Turkey
9LA2,Newellton - Norris Airstrip
9LA6,Alexandria - Chandler
9LA7,Franklin - System
9LA8,South Kenner - Helistop
9LA9,Amite - Skyline
9LL0,Payson - Krutmeier
9LL2,Cutler - Hepp
9LL3,Ashmore - John R Reed
9LL5,Edinburg - Tommy
9LL9,Mattoon - Townley Farms
9LS1,Darnell - Bayou Meadows
9LS5,Tallulah - Service
9LS9,Tendal - 4B Ranch
9M4,Ackerman
9M6,Oak Grove - Kelly-Dumas
9M8,Sheridan Grant
9MA8,Carver - Wayne West
9MD9,Denton - G W Farm
9MI0,Ypsilanti - Arbor
9MI1,Battle Creek - Custer Main
9MI2,Newport Woods
9MI3,Grand Rapids - Amway
9MI4,Durand - Waite
9MI5,Millington - Grass Roots
9MI6,Fenton - Trollman'S
9MI7,Novi - Glen Oaks
9MI8,Utica - Jott
9MI9,Kalamazoo - Bronson Methodist Hospital
9MN0,Hibbing - Carey Lake
9MN1,Cambridge - Troll Farm
9MN2,Grand Rapids - Wabana
9MN3,Barnesville Muni
9MN4,Minneapolis - Center
9MN5,Barnesville - Janssen
9MN6,Jordan - Merill L Harris
9MN7,St James Medical
9MN9,Minneapolis - Center
9MO1,Missouri Baptist Hospital
9MO2,Marshall - Fitzgibbon Hospital
9MO3,Faucett - Lawlor-Justus
9MO4,Savannah - Worth
9MO5,Sparta - Wakefield Wings
9MO6,Stover - Ivy Bend
9MO9,Sumner - Eagle Lodge
9MS9,Columbia - Beets
9MT0,Fort Smith - Ranch
9MT8,Bozeman - Monger
9MT9,Belgrade - Pierces
9MU4,Grain Valley - Homestead
9MY7,Albany - Mikes Aerodrome
9N1,Erwinna - Vansant
9N2,Essington - Philadelphia
9N3,Factoryville - Seamans
9N7,Fredericksburg - Farmers Pride
9NA4,Kenmare - Bodmer
9NC0,Charlotte - Presbyterian Hospital
9NC1,Albemarle - Stanley Meml Hospital
9NC2,Linden - Flyers
9NC3,Monroe - Edwards
9NC4,Gates - Jiles Fld
9NC5,Columbus - Luke'S
9NC6,Raeford - Hoke Community Hospital
9NC7,Mt Pleasant - Willow Creek
9NC8,Pittsboro - Eagles Landing
9NC9,Greensboro - Meylor
9ND1,Drayton - Elliott Farms
9ND2,Hope - Lewis
9ND8,Cavalier - Hinkle
9NE1,Brule - El-Co
9NE2,Carleton - Folkerts
9NE3,Hyannis - Davis Ranch
9NE4,Lindsay - Johnston
9NE6,Hyannis - Rothwell
9NE7,Stapleton - Bay
9NE8,Stapleton - Brosius
9NE9,Hebron - Dog Leg
9NJ1,Bound Brook 1
9NJ2,Bound Brook 2
9NJ3,Basking Ridge - Verizon Helistop
9NJ4,New Brunswick - Hospital
9NJ5,Harrisonville - Stallone
9NJ6,Fairton - Halka Nurseries
9NJ8,Hope - High Meadow Farms
9NJ9,Washington Twp - Kennedy Health System
9NK2,Norwich - Hospital
9NK4,Red Hook - Greig Farm
9NM9,Truth Or Consequences - Spaceport America
9NR0,Hillsborough - Smoke And Wings
9NR4,Mt. Pleasant - Wolf Pit
9NR7,Salemburg - Triple F
9NR8,Red Springs - Buie
9NR9,Castle Hayne - 210 Investors
9NY0,Slate Hill - Bumblebee
9NY1,Johnson City - Wilson Meml
9NY2,Westfield Meml
9NY3,Owego - Susquehanna
9NY4,Kennedy
9NY5,Patchogue - Cmc Atlantic Llc
9NY6,Treadwell - Mason Airway
9NY7,Perth - Hines
9NY9,Poughkeepsie
9OA2,Oxford - Hueston
9OA3,Long Bottom - Bellville Dam Landing
9OA4,Lewisburg - Gilmer
9OA5,Hebron - Buckeye
9OA6,Glouster - Burr Oak Lodge
9OA7,Fremont - Jenkins
9OA8,Columbia Station - Crocker
9OA9,Bellville - Bender
9OG1,Guam - Barrigada Readiness Center
9OH0,Mount Orab Mercy
9OH1,Elmore - Haar
9OH2,Genoa - Toussaint
9OH4,North Ridgeville
9OH6,Pomeroy - Facility
9OH7,Findlay - Lutz
9OH8,Findlay - Ferrell
9OH9,Beachwood - Center
9OI2,Mentor
9OI3,Zanesville - Johns Landing
9OI5,East Liberty Transportation
9OI6,Loudenville - Nesta
9OI7,Magnetic Springs - Bayes
9OI8,Old Washington - Brothers Aviation
9OI9,Columbus - Riverside Methodist Hospital
9OK0,Oklahoma City - Governor'S Mansion
9OK1,Oklahoma City - Omh
9OK2,Pawnee Hospital
9OK3,Bartlesville - Flying Eagle Estates
9OK4,Caddo - Tomahawk
9OK5,Stratford - Diamond C Ranch
9OK6,Eufaula - Epic Medical Center
9OK7,Jennings - Cimarron Strip
9OK8,Henessey - Woods Acres
9OK9,Jones - R And R
9OR0,Brownsville - Lafferty
9OR1,Shaniko Ranch
9OR3,Klamath Falls - Center
9OR4,Milton/Freewater - King'S
9OR5,Portland Adventist
9OR6,Oregon Health
9OR7,Banks - Fishback
9OR8,Albany - Wooldridge Agstrip
9PA0,Parker Ford - Lance
9PA1,Montrose - Systems
9PA2,Pennsburg - Old Plains
9PA3,Wampum - Mcmillin
9PA5,Leighton - Lizard Creek Valley
9PA6,Philadelphia - Six
9PA7,Fort Hill - Keystone
9PA8,Philadelphia - Hospital
9PA9,Philadelphia - Lankenau Medical Center
9PN1,Perryopolis - Seitz
9PN2,Philadelphia Childrens
9PN5,Wilkes Barre - Franklin
9PN7,Wysox - Veit
9PN8,Carbondale - Malinchak Pvt
9PN9,Pen Argyl - Perin
9PR1,Guaynabo - Cesar Castillo Llc
9PS0,Wexford - Zokaites
9PS2,Worthington - J T Willie
9PS3,Doylestown
9PS4,Easton-Forks Township - Pheasant Run
9PS5,West Reading
9PS8,Gettysburg - Manor Landing
9PS9,Langhorne - Center
9R5,Portland - Hunt
9R7,San Antonio - Camp Bullis
9S1,Celina - Four Winds
9S2,Scobey
9S3,Lakeside Muni
9S4,Superior - Mineral County
9S5,Three Forks
9S7,Winifred
9S9,Lexington
9SD7,Selby - Beaman
9SD8,Hartford - Oakleaf
9SD9,Dell Rapids - Weelborg
9TA0,Round Rock - Aero
9TA1,New Braunfels - Hilltop Ranch
9TA2,Canadian - Urschel Ranch
9TA3,Crosby - Rogers
9TA4,Dallas - Placid
9TA7,Galveston U
9TA8,Alto - Taylor Ranch
9TE0,Scurry - Twin Acres
9TE2,Sonora - Jl Bar Ranch
9TE3,Lamesa - Thorp
9TE4,Port Lavaca - Tanner'S
9TE5,Fulton - Kalt Ranch
9TE6,La Grange - Rocky Creek Ranch
9TE7,Paige - Ranch
9TN0,Nashville - Summit Medical Center
9TN1,Eagleville - Versailles Aerodrome
9TN2,Camden - Meadowlark
9TN3,Mountain City East
9TN4,Springfield - Foreman
9TN5,Culleoka - Askey
9TN6,Arlington - Performance Helicopters
9TN7,Covington - Baskin
9TN8,Goodlettsville - Dollar General
9TN9,Lebanon - Toy Box
9TS1,Victoria - One O'Connor Plaza-Tower
9TS2,Wallisville - Enterprise Products 816
9TS3,Catarina - Bella Vista Ranch
9TS5,Lakeway - Center
9TS6,Alvarado - Goodlett
9TS7,Galveston U
9TX0,Houston Police
9TX1,Giddings - Bar S Ranch
9TX2,Lubbock - Safety
9TX3,Plainview - Horan
9TX4,Liberty Hill - Flying H Ranch
9TX5,San Antonio - Cals
9TX6,Post - Beggs Ranch
9TX7,Pottsboro - Hitex
9TX9,Sheffield - Canon Ranch
9U0,Turner
9U1,Wilsall
9U7,Currant
9V5,Rushville - Modisett
9V6,Martin
9V7,Eads
9V9,Chamberlain
9VA0,Warm Springs - Bath Alum
9VA1,Mathews - Holly
9VA2,Alexandria Inova
9VA3,Parksley - Crippen Creek Farm
9VA4,New Market - Franwood Farms Inc
9VA5,Bluemont - Bluegrass
9VA6,Richmond - Saunders
9VA9,Franklin - Southampton Meml Hospital
9VG,Weirwood - Campbell
9VG9,Winchester - Jucapa Farms
9W8,Brogue - Baublitz
9W9,Clio
9WA0,Seattle - Boeing
9WA1,Quincy Valley
9WA2,Odessa Meml
9WA3,River Bend Lodge
9WA4,Goldendale - Piper Canyon
9WA5,Omak - Mid-Valley Hospital Ems
9WA6,Seattle - Puget Sound Plaza
9WA7,Buckley - Albritton
9WA8,Shelton - Mason General Hospital
9WA9,Submarine Bangor Naval
9WI1,Hortonville - Black Otter
9WI2,Maribel - Flying Dollar Ranch
9WI3,Morrison - Buchholz Farm
9WI4,New Berlin - Faken
9WI5,Palmyra - Tamarack
9WI6,Polar - Kitty Hawk Estates
9WI7,Cumberland Healthcare
9WI8,Spring Prairie - Fletcher
9WI9,Superior - Carlson
9WN1,Winneconne - Courtney Plummer
9WN2,Webster - Voyager Village Airstrip
9WN3,Port Washington - Ozaukee
9WN4,Antigo - Rag Wing
9WN5,Lodi Lakeland
9WN6,Oostburg
9WN9,Coloma
9WS2,De Pere - Antique Aerodrome
9WY0,Sheridan Meml
9XA1,Houston - Esd 100 Training
9XA4,Venus - Chimera Aerodrome
9XS0,Yoakum - Dobbs Ranch
9XS1,Hill - The Landing
9XS2,Sherman - Beaver Creek
9XS3,Post - Macy Ranch
9XS4,Denison - Mc Keon Aviation
9XS5,Slaton - Kitten Farm Private
9XS6,Sudan
9XS7,Lone Oak - Reeder
9XS9,Brenham - Rancho Verde
9Y0,Bowstring
9Y1,Killdeer - Dunn County Weydahl
9Y2,East Gull Lake
9Y5,Eveleth - Sky Harbor
9Y7,Barron
9Z3,Kodiak Lilly
9Z8,Levelock
9Z9,Lawing
A05,Dixie
A08,Marion - Vaiden
A11,Anchorage - Campbell Lake
A13,Anchorage - Bold
A20,Bullhead City - Sun Valley
A23,Saginaw Bay
A24,California Pines
A26,Adin
A27,Seldovia
A28,Fort Bidwell
A29,Sitka
A30,Fort Jones - Scott Valley
A32,Dorris - Butte Valley
A34,Dayton/Carson City
A39,Maricopa - Ak-Chin
A43,Taku Harbor
A51,Port St Joe - Costin
A57,Yakutat - Alsek River
A61,Tuntutuliak
A63,Twin Hills
A67,Yakutat - Harlequin Lake
A68,Yakutat - Situk
A69,Yakutat - Tanis Mesa
A77,Yankee Creek
A79,Chignik Lake
AA00,Talkeetna - Shump
AA01,Big Lake - West Beaver
AA02,Big Lake Horseshoe
AA03,Deadhorse - Central
AA04,Anchorage - Viking
AA05,King Salmon - Ugashik Narrows
AA06,Anchorage - Sixmile Lake
AA07,Big Lake - Saddleback Island
AA09,Talkeetna - Busch Creek
AA10,Big Lake - Eagles Roost
AA11,Wasilla - Misty Lake
AA12,Sitka - Dove Island Lodge
AA13,Sahuarita - Northwest Hospital
AA14,Toolik Field Station
AA15,Dillingham - Shannons Pond
AA16,Kenai - Treasure Chest
AA22,Delta Junction Daves
AA25,Palmer - Shelby Strip
AA30,Houston - Trio Estates
AA33,Houston - Gus Landing
AA35,Haines - Mile
AA38,Kuparuk - Nikaitchuq Operations Center
AA44,Juneau - Barlett
AA50,Deadhorse - Point Thomson Sea
AA51,Kuparuk - Spy Island Drill-Site
AA76,North Pole - Timber Trails
AA85,Palmer - Walby Lake
AAXX,Rothera Point
AGAF,Bila - Afutara Aerodrome
AGAR,Arona - Ulawa
AGAT,Atoifi - Uru Harbour
AGBA,Barakoma
AGBT,Batuna Mission Station
AGEV,Liangia - Geva
AGGA,Auki
AGGB,Anua - Bellona
AGGC,Choiseul
AGGE,Ballalae
AGGF,Fera Island
AGGH,Honiara
AGGI,Mbambanakira - Babanakira
AGGJ,Aggj
AGGK,Kirakira - Ngorangora
AGGL,Santa Cruz/Graciosa Bay/Luova
AGGM,Aggm
AGGN,Gizo - Nusatupe
AGGO,Stirling Island - Mono
AGGP,Parasi
AGGQ,Aggq
AGGR,Rennell Island
AGGS,Sege
AGGT,Santa Ana Island
AGGU,Marau Apt
AGGV,Suavanao
AGGY,Yandina
AGJO,Agjo
AGKG,Kagau Island
AGKU,Agku
AGKW,Kwailabesi
AGNA,Agna
AGOK,Gatokae
AGRC,Ringi Cove
AGRM,Ramata
AGTI,Agti
AK0,Mccarthy - Jakes Bar
AK00,Anchor Point Airpark
AK01,Alaska Airpark
AK02,Bear Creek 1
AK05,Sterling - Breeden
AK06,Mckinley Park - Denali
AK07,Nanwalek - Dog Fish Bay
AK08,Willow - Thomas Strip
AK09,Delta Junction - Wingsong Estates
AK1,Palmer - Butte
AK10,Willow - Ak 10 Airstrip
AK11,Nikiski - High Vista
AK12,Anchorage - Flying Crown
AK13,Chena Hot Springs
AK14,Point Mackenzie - Turinsky Airstrip
AK16,Wasilla - Sunset Strip
AK17,Homer - Glacierview Strip
AK18,Homer - Camp Point
AK19,Talkeetna - Carl'S Landing
AK20,Nuiqsut - Cd-3 Airstrip
AK21,Dillingham - Nushagak
AK22,Fairbanks - Lakloey Air Park
AK24,Chugiak - Hilltop
AK25,Wasilla - Piper Landing
AK26,Solomon
AK27,Wasilla - Valley Flying Crown
AK28,Fairbanks - Marina
AK29,Houston - Reids Landing
AK30,Cordova - Strawberry Point
AK31,Mccarthy - Swift Creek
AK33,Herendeen Bay
AK34,Willow - Kashwitna Lake
AK35,Delta Junction - Buffalo Row
AK36,Point Mackenzie Mac
AK37,Point Mackenzie
AK38,Anchorage - Providence Hospital
AK39,Sterling - South
AK40,Mc Grath - Nixon Fork
AK41,North Pole - Greg'N Sage
AK42,Girdwood - Alyeska Resort
AK43,Wasilla - Jacobsen Lake
AK44,Talkeetna Village
AK45,Wasilla - Grebe Lake
AK46,Palmer - Abi
AK47,Wasilla - Shawn
AK48,Big Lake - Haggards Landing
AK49,Taylor
AK5,Kasilof - Encelewski Lake
AK50,Palmer - Peak
AK51,King Salmon - Big Creek
AK52,Fairbanks - Moen'S Ranch
AK53,Lime Village - Stony Mountain Lodge
AK54,Wasilla - Stro'S
AK55,Soldotna - Moose Run Airstrip
AK56,Tikchik
AK57,Willow - Long Lake
AK58,Wasilla - Fairview
AK59,Sutton - King Ranch
AK60,Jensens - Fort Jensen
AK61,Talkeetna - Stephan Lake Lodge
AK62,Tuxekan Island - Naukati Bay
AK63,Palmer - Pat-Mar Strip
AK64,Skwentna - Scooters
AK65,Wasilla - Green'S Strip
AK66,Palmer - Hunter Creek
AK67,Willow - Skid Marks
AK68,Willow - Minuteman Strip
AK69,Willow - Long Lake
AK71,Lonely
AK72,Willow - Jewell
AK73,Nikishka - Mcgahan Industrial
AK74,Hannum Creek
AK75,Candle
AK76,Yakutat - East Alsek River
AK77,Delta Junction - All
AK79,Wasilla - Jolly
AK8,Talkeetna - Christiansen Lake
AK80,American Creek
AK81,Amook Bay
AK82,Anchorage - Campbell Blm
AK83,Wasilla - Gannon'S Landing
AK84,Sterling - Scooters Landing Strip
AK85,Wasilla - Birchwater
AK86,Big Lake - Kramer
AK87,Big Lake - Team Levine
AK88,Palmer - Eagle Nest
AK89,Houston - Black Spruce
AK90,Willow - Shirley Lake
AK91,Anchorage - Elmendorf Hospital
AK92,Palmer - Martin
AK93,Palmer - Grouse Ridge
AK94,Juneau - Alascom/Coastal Lena Point
AK95,Big Lake Twin
AK96,Ugashik - Randy Briggs
AK97,Boswell Bay
AK98,Buck Creek
AK99,Wasilla - Grand Home
AL00,Eufaula - Medical Center Barbour
AL01,Carrollton - Center
AL02,Cottondale - Rainey
AL03,Akron - Strickland/Smalley
AL04,Somerville - Mccall
AL05,Hurtsboro - Sehoy
AL06,Luverne - Crenshaw Community Hospital
AL07,Valley - Eamc-Lanier
AL08,Elberta - Perdido Winds
AL09,Mentone - Cloudmont
AL10,Gurley - Frerichs
AL11,Montgomery - Baptist Medical Center
AL12,Montgomery - Kershaw
AL13,Cottonton - Westrock Mahrt Mill
AL14,Demopolis - Whitfield
AL15,Russellville Hospital
AL16,Pinson - Turkey
AL17,Wilsonville - Lazy Eight
AL18,Gardendale - Parker
AL19,Bessemer - Medical
AL20,Dothan Southeast
AL24,Mount Olive - Rotor Wing Inc
AL25,Roba - Spratling
AL26,Tuscaloosa - Bryant Culberson
AL27,Centre - Headquarters
AL28,Orange Beach - Caribe Helipad
AL29,Blountsville - New Horizon
AL30,Bremen - Rocky Springs
AL31,Mobile - Usa Fed
AL32,Cedar Bluff - Flying Bk Ranch
AL33,Perdido - Sturdy Oak Farm
AL34,Moulton - Elam'S Landing
AL35,Loxley - Mc Ginnis
AL36,Huntsville The
AL37,Jack - Benedick
AL38,Birmingham University
AL39,Alabaster - Shelby Medical Center
AL40,Birmingham - Bonham
AL41,Slocomb - Freedom
AL42,Anniston Regional
AL43,Geiger - Henley Ranch
AL44,Moundville
AL45,Birmingham - Grandview Medical Center
AL46,Florence - Shoals Creek
AL47,Daphne - Belforest
AL48,Thomasville Southwest
AL49,Birmingham - Carraway Medical Center
AL50,Birmingham - Baptist Medical Center-Princeton
AL51,Crawford - Flying C'S Plantation
AL52,Mobile - Hospital
AL53,Muscle Shoals Hospital
AL54,Winfield - Bird Nest
AL55,Elberta - Shields
AL56,Smiths - Jones Light Aviation
AL58,Spanish Fort - Lower Delta
AL59,Dothan - Flowers Hospital
AL60,Ashville - Dugger'S
AL61,Rogersville - Elk Haven
AL62,Hartford - Striplin
AL63,Jasper - Walker
AL65,Birmingham - St Vincents
AL66,Alabama
AL67,Theodore - W&T Offshore Otf
AL68,Cherokee - Rocket Shoals
AL69,Seminole - Vaughn
AL71,Our Town - Willow Point
AL72,Huntsville - Center
AL73,Trussville - Ascension St
AL74,Semmes - Grimes
AL75,Gulf Shores State
AL76,Maplesville - Mayfield Pvt
AL77,Troy - Smart Road
AL78,Fairhope - Klumpp
AL79,Pike Road - Bartlett Ranch
AL80,Bessemer - Uab Medical
AL81,Robertsdale - Wallace
AL82,Mobile - Hospital
AL83,Tallassee - Community Hospital
AL84,Robertsdale - Velox
AL85,Auburn - Dept
AL86,Moulton - Lawrence County Hospital
AL87,Ozark - Dale Medical Center
AL88,Lillian - Ban Farm
AL89,Opelika - Sommerset Strip
AL90,Selma - Vaughan
AL91,Birmingham - The Childrens Hospital
AL92,Harpersville - Hawk
AL93,Huntsville - Big Sky
AL94,Wilmer - Evans
AL95,Mc Intosh
AL96,Gulf Shores - Bon Secour
AL97,Loxley - Williamson Farm
AL98,Woodland Clinic
AL99,Hazel Green - Elkwood
ALZ,Lazy Bay - Alitak
AN0,Sterling - Cove
AN00,Girdwood - Racs Magazine
AN01,Klondyke - Av Ranch
AN03,Alaska View
AN04,Palmer - Dorcol
AN05,Fairbanks - Stark Airstrip
AN37,Jonesboro - Frog Pond
ANG,Angaur Island
ANYN,Yaren District - Nauru
AQY,Girdwood
AR01,Eudora - Baker Flying Service
AR02,Clarksville - Johnson
AR03,Centerville Airstrip
AR04,Cave Springs - Gunem
AR05,Chickala - John Harris Fld
AR06,Conway - Farms
AR07,Crossett - Ashley County Hospital
AR08,Eureka Springs - Flying Machines Airstrip
AR09,Gravette
AR10,Hazen - Greenwalt Company
AR11,Rogers - Ozark Aerodrome
AR12,Rose Bud - Mc Donald'S Strip
AR13,Bigelow - Pearson
AR17,Palestine - Burns Aerodrome
AR18,Marianna - Gerrard
AR19,Paris - Wesson-Davis
AR20,Walnut Ridge - Lawrence Meml
AR21,Fort Smith Mercy
AR22,Sherrill - Inc
AR23,Belleville - Cedar Creek Ranch
AR24,Batesville - Center
AR25,Vilonia
AR27,Wesley - Lollars Creek Farm
AR28,Cabot - Odom
AR29,Little Rock - Uams Bravo Pad
AR30,Blytheville - Center
AR32,Dardanelle
AR33,Searcy - Honey Hill
AR34,Mayflower - Pine Village
AR35,Fayetteville - Henson Farm
AR36,Rogers - Medi-Port
AR40,Fort Smith - Sparks
AR41,Berryville Mercy
AR42,Camden - Center
AR43,Morrilton - Brickey
AR44,Texarkana - Flying W
AR45,Little Rock - St
AR46,Mc Crory - Penrose
AR48,El Dorado South
AR50,Wynne - Hess Strip
AR53,Pocahontas - Center
AR54,Cabot - Ralph Fulmer
AR55,North Little Rock - Stewart
AR56,Oil Trough - Amos
AR59,De Witt
AR60,Jonesboro - Nea Baptist Hospital
AR61,Lake Village - Chicot Meml Hospital
AR62,Arkansas Children'S
AR63,Mc Gehee Desha
AR64,Melbourne - White River
AR65,Morrilton - St
AR67,Osceola - Smc
AR68,Salem - Fulton County Hospital
AR69,Siloam Springs
AR70,Warren - Center
AR72,Forrest City
AR73,Piggott Community
AR74,Wynne - Hospital
AR76,Augusta
AR77,Helena Hospital
AR78,Searcy - Care
AR79,Tillar - Flying G Ranch
AR80,Harrison North
AR81,Leola - Katheryn'S Landing
AR82,Leola - Gillespie Strip
AR83,Leola - Heard
AR84,Mayflower - Bobwhite Hill Ranch
AR85,Monticello - Drew Meml Hospital
AR87,Van Buren Sparks
AR88,Conway - Poe'S
AR89,Dover - Landers Loop
AR91,Lowell - Circle S Farms
AR92,Newport - Center
AR93,Pollard - Ark Mo
AR94,Dyer - Squirrel Run
AR95,Arkansas Methodist
AR97,Wooster - Chael
AR98,Mc Crory - Johnson
AS04,Marvell - Hubbards
AS11,Helena - Rohrscheib
AS31,Jonesboro - Carpenter
AS91,Elaine - Gaylons
ATNR,Atnr
AYAA,Ayaa
AYAE,Ayae
AYAF,Ayaf
AYAG,Ayag
AYAI,Aitape
AYAK,Ayak
AYAM,Amanab
AYAN,Andekombe - Andakombe
AYAO,Aiome
AYAQ,Ayaq
AYAT,Ambunti
AYAW,Awaba
AYAX,Ayax
AYAY,Aiyura Valley
AYBA,Baimuru
AYBC,Aybc
AYBD,Aybd
AYBF,Aybf
AYBG,Aybg
AYBH,Aybh
AYBI,Aybi
AYBK,Buka Island
AYBL,Aybl
AYBM,Balimo
AYBO,Aybo
AYBP,Aybp
AYBQ,Aybq
AYBR,Aybr
AYBU,Bulolo
AYBW,Aybw
AYBZ,Aybz
AYCB,Aycb
AYCG,Aycg
AYCH,Chimbu
AYCS,Aycs
AYDB,Aydb
AYDE,Derim
AYDI,Aydi
AYDK,Aydk
AYDL,Aydl
AYDN,Aydn
AYDO,Aydo
AYDR,Aydr
AYDS,Dusin
AYDU,Daru
AYEA,Ayea
AYEB,Ayeb
AYED,Yellow River Mission - Edwaki
AYEE,Ayee
AYEF,Ayef
AYEH,Ayeh
AYEL,Ayel
AYEN,Ayen
AYEO,Ayeo
AYER,Ayer
AYET,Ayet
AYEV,Ayev
AYEW,Ayew
AYFA,Fane Mission
AYFE,Ayfe
AYFI,Buki - Finschhafen
AYFR,Frieda River
AYFU,Ayfu
AYGA,Goronka - Goroka
AYGB,Gobe
AYGC,Aygc
AYGF,Aygf
AYGG,Au - Garasa
AYGI,Garaina
AYGJ,Aygj
AYGL,Aygl
AYGN,Gurney
AYGP,Gusap
AYGR,Popondetta - Girua
AYGS,Aygs
AYGT,Gasmata Island
AYGU,Aygu
AYGV,Green River Apt
AYGW,Guwasa
AYGX,Aygx
AYHA,Ayha
AYHB,Ayhb
AYHE,Ayhe
AYHF,Ayhf
AYHH,Ayhh
AYHK,Hoskins - Kimbe
AYHO,Ayho
AYHU,Ayhu
AYIA,Ayia
AYID,Ayid
AYII,Ayii
AYIM,Ayim
AYIO,Ayio
AYIQ,Kieta - Aropa
AYIW,Ayiw
AYIX,Ayix
AYIY,Ayiy
AYJO,Ayjo
AYJS,Ayjs
AYKA,Losuia
AYKB,Aykb
AYKC,Kandrian
AYKD,Aykd
AYKG,Aykg
AYKH,Aykh
AYKI,Kiunga
AYKJ,Aykj
AYKK,Kikori
AYKM,Kerema
AYKO,Kokoda
AYKQ,Aykq
AYKR,Aykr
AYKT,Kaintiba
AYKU,Kuri
AYKV,Kavieng
AYKW,Kawito
AYKY,Londolovit
AYLB,Aylb
AYLG,Aylg
AYLI,Ayli
AYLL,Ayll
AYLM,Lake Murray
AYLN,Ayln
AYLO,Aylo
AYLP,Aylp
AYLS,Ayls
AYLT,Aylt
AYLU,Lumi
AYLX,Aylx
AYMA,Ayma
AYMB,Aymb
AYMC,Menyamya
AYMD,Madang
AYMH,Mount Hagen
AYMI,Mindik
AYMJ,Aymj
AYMK,Mok
AYML,Mougulu
AYMN,Aymn
AYMO,Aymo
AYMP,Aymp
AYMQ,Aymq
AYMR,Moro
AYMS,Misima Island
AYMV,Aymv
AYMW,Aymw
AYMZ,Aymz
AYNA,Ayna
AYNB,Aynb
AYNC,Aync
AYND,Aynd
AYNE,Negarbo - Negarbo(Negabo
AYNG,Manguna
AYNI,Ayni
AYNJ,Aynj
AYNM,Aynm
AYNN,Aynn
AYNO,Ayno
AYNS,Ayns
AYNU,Nuku
AYNX,Aynx
AYNY,Ayny
AYNZ,Nadzab
AYOB,Ayob
AYOE,Ayoe
AYOF,Ayof
AYOG,Ayog
AYOJ,Ayoj
AYOK,Ayok
AYOL,Ayol
AYOM,Omora
AYOO,Ayoo
AYOP,Ayop
AYOQ,Ayoq
AYOV,Ayov
AYOW,Ayow
AYPB,Aypb
AYPC,Aypc
AYPD,Pindiu
AYPE,Aype
AYPG,Aypg
AYPJ,Aypj
AYPO,Aypo
AYPQ,Aypq
AYPU,Puri
AYPW,Aypw
AYPY,Port Moresby
AYQA,Ayqa
AYQL,Ayql
AYQO,Ayqo
AYQQ,Ayqq
AYQS,Ayqs
AYRA,Ayra
AYRE,Ayre
AYRG,Ayrg
AYRI,Karimui
AYRK,Ayrk
AYRM,Ayrm
AYRO,Ayro
AYSA,Aysa
AYSD,Aysd
AYSE,Simberi Island
AYSF,Aysf
AYSG,Sila Mission
AYSH,Aysh
AYSJ,Simbai
AYSK,Aysk
AYSL,Aysl
AYSO,Ayso
AYSP,Aysp
AYSS,Ayss
AYST,Ayst
AYSU,Suki
AYSV,Aysv
AYSW,Aysw
AYSX,Aysx
AYTA,Tari
AYTB,Tabubil
AYTE,Telefomin
AYTF,Aytf
AYTG,Aytg
AYTH,Ayth
AYTI,Tapini
AYTJ,Aitape - Tadji
AYTK,Tokua
AYTN,Tekin
AYTO,Ayto
AYTP,Aytp
AYTR,Aytr
AYTS,Ayts
AYTT,Aytt
AYTU,Tufi
AYTV,Aytv
AYTW,Aytw
AYTY,Ayty
AYTZ,Aytz
AYUC,Ayuc
AYUE,Ayue
AYUI,Ayui
AYUM,Ayum
AYUP,Ayup
AYUR,Ayur
AYUY,Ayuy
AYUZ,Ayuz
AYVL,Ayvl
AYVM,Ayvm
AYVN,Ayvn
AYVO,Ayvo
AYVW,Ayvw
AYWB,Wabo
AYWC,Aywc
AYWD,Aywd
AYWF,Aywf
AYWG,Aywg
AYWH,Aywh
AYWJ,Aywj
AYWK,Wewak
AYWO,Wonenara
AYWQ,Aywq
AYWS,Wasu
AYWT,Fatima Mission - Woitape
AYWU,Wau Apt
AYXE,Ayxe
AYXI,Ayxi
AYXO,Ayxo
AYXP,Ayxp
AYXW,Ayxw
AYYE,Ayye
AYYK,Ayyk
AYYL,Ayyl
AYYM,Ayym
AYYO,Ayyo
AYYP,Ayyp
AYYR,Ayyr
AYZA,Ayza
AYZI,Ayzi
AYZN,Ayzn
AYZS,Ayzs
AZ00,Dateland - Morton
AZ01,Wenden - Outback Ranch Airstrip
AZ02,Phoenix - Gateway
AZ03,Marble Canyon - Cliff Dwellers
AZ04,Eloy - Sawtooth
AZ05,Gila Bend - Lakeside
AZ06,Wellton - Dusty Wings
AZ07,Phoenix Area
AZ08,Sun City - Hospital
AZ09,Paulden - Big Chino Airstrip
AZ10,Mesa - Jsj
AZ11,Young - Center
AZ12,Peach Springs - 183 Mile
AZ13,Maricopa - Schu Ranch
AZ14,Willcox - Ammon
AZ15,Supai Village - Lava Falls
AZ16,Willcox - Hospital
AZ17,Douglas - Circle H Ranch
AZ18,Tusayan - Madison Aviation
AZ19,Willcox - Woods Bay Winery
AZ20,Phoenix - Westcor Home Office
AZ21,Huachuca City/Tombstone - Four Pillars
AZ22,Cottonwood - Marcus J Lawrence
AZ23,Flagstaff Mall
AZ24,Phoenix Baptist
AZ25,Somerton - Tri-Rotor Ag Services
AZ26,Palominas - Evelyn
AZ27,Prescott - Big Springs Ranch
AZ28,Morristown - Thunder Ridge
AZ29,Phoenix - Westridge Mall
AZ31,Maricopa - Serene
AZ32,Morristown - Roesner Ranch
AZ33,Phoenix - Knoell-Main Office
AZ34,Yucca - Massey Farm
AZ35,Peach Springs - Grand Canyon
AZ36,Peach Springs - Grand Canyon
AZ37,Tucson Medical
AZ38,Rittenhouse Army
AZ39,Mesa - Turf
AZ40,Salome - Sheepy Hollow Ranch
AZ41,Phoenix - Abacus Tower
AZ42,White Hills
AZ43,Maricopa - Hidden Valley
AZ44,Safford - Mount Graham
AZ45,Klondyke - China Peak Observatory
AZ46,Prescott - Morgan Ranch Airstrip
AZ47,Parker - Lapaz
AZ48,Phoenix - Center
AZ49,Dolan Springs - Aileron Orchards
AZ50,White Hills - Triangle
AZ51,Carefree - Bartlett Dam
AZ52,Carefree - Horseshoe Dam
AZ53,Goldfield - 2
AZ54,Goldfield - Stewart Mountain Dam
AZ55,Goldfield - 1
AZ56,Goldfield - Mormon Flat Dam
AZ57,Paulden - Pilots Rest
AZ58,Roosevelt Dam
AZ59,Tempe - Cross Cut
AZ60,Wellton - Curry Ridge
AZ61,Stanfield - G M Ranch
AZ62,Phoenix - Inn Place Hotel
AZ63,Redrock - Twin Hawks
AZ64,Wickenburg - Rio Vista Hills
AZ65,Wintersburg - Generating
AZ66,Clifton - Double Circle Ranch
AZ67,Tucson - El Tiro
AZ68,Payson Tonto
AZ69,Green Valley Rgnl
AZ71,Kingman - Big Sandy
AZ72,Crown King - Northstar
AZ73,Tempe
AZ74,Phoenix Mayo
AZ75,Show Low - Summit Healthcare
AZ76,Chandler Medical
AZ77,Chandler - Center
AZ78,Arizona Bay
AZ79,Glendale - Airscrew Performance Flightpark
AZ80,Lake Havasu City Rgnl
AZ81,Mesa - Boeing
AZ82,Overgaard - Mogollon
AZ83,Scottsdale
AZ85,Tonopah
AZ86,Coyote Springs - Meml
AZ87,Chandler - Jeppesen Ranch
AZ88,Eloy Farms
AZ89,Sierra Vista
AZ90,Laveen - Hangar Haciendas
AZ91,Carefree - The Boulders
AZ92,Mesa - Center
AZ93,Wickenburg Toyota
AZ95,Phoenix - Dept
AZ96,Scottsdale Hh
AZ97,Kingman - Lower
AZ98,Phoenix - Helistop
AZ99,Phoenix Children'S
B04,Schuylerville - Garnseys
B06,Vergennes - Basin Harbor
B10,Livermore Falls - Bowman
B16,Weedsport - Whitfords
B18,Alton Bay
B19,Biddeford
B21,Carrabassett - Sugarloaf
B70,Tiber Dam
BB0,Winifred - Black Butte
BE1,Phoenix - Center
BGAA,Aasiaat
BGBW,Narsarsuaq
BGCH,Bgch
BGCO,Neerlerit Inaat
BGDH,Danmarkshavn
BGGH,Nuuk
BGJN,Ilulissat
BGKK,Kulusuk
BGMI,Bgmi
BGMQ,Maniitsoq
BGMV,Mestersvig
BGPT,Paamiut
BGQQ,Qaanaaq
BGSF,Kangerlussuaq
BGSS,Sisimiut
BGTL,Qaanaaq - Pituffik Space
BGUK,Upernavik
BGUM,Bgum
BGUQ,Uummannaq - Qaarsut
BIAE,Arngerdareyri
BIAL,Alftaver
BIAR,Akureyri
BIBA,Bakki
BIBD,Bildudalur
BIBF,Borgarfjordur Eystri
BIBI,Baeir
BIBK,Bakkafjordur
BIBL,Blonduos - Hjaltabakki
BIBR,Budardalur
BIBV,Breiddalsvik
BIDA,Dagverdara
BIDV,Djupivogur
BIEG,Egilsstadir
BIEH,Einholtsmelar
BIFF,Faskrudsfjordur
BIFL,Fludir
BIFM,Fagurholsmyri
BIFZ,Forsaeti
BIGE,Geysir
BIGF,Grundarfjordur
BIGH,Gunnarsholt
BIGJ,Gjogur
BIGR,Grimsey
BIGS,Grimsstadir
BIHE,Herdubreidarlindir
BIHI,Hveravellir
BIHK,Holmavik
BIHL,Hella
BIHN,Hornafjordur
BIHR,Hvolsvollur
BIHS,Hrafnseyri
BIHT,Flateyri - Holt
BIHU,Husavik
BIHV,Hvammstangi - Krokstadarmelar
BIHX,Hrauneyjarfoss
BIHY,Hrisey
BIHZ,Husafell
BIID,Onundarfjordur - Ingjaldssandur
BIIS,Isafjordur
BIKA,Kaldarmelar
BIKE,Kerlingafjoll
BIKF,Reykjavik - Keflavik
BIKJ,Kroksfjard-Arnes
BIKL,Kirkjubaejarklaustur
BIKP,Kopasker
BIKR,Saudarkrokur
BIMK,Mulakot
BIMM,Melgerdismelar
BIMN,Melanes
BIMS,Tungubakkar
BIND,Nyjidalur
BINF,Nordfjordur
BIOF,Olafsfjordur
BIPA,Patreksfjordur
BIRE,Reykholar
BIRF,Rif
BIRG,Raufarhofn
BIRK,Reykjavik
BIRL,Myvatn - Reykjahlid
BIRS,Reykjanes
BISA,Sanda
BISF,Selfoss
BISG,Steinasandur
BISH,Stora-Holt
BISI,Siglufjordur
BISK,Skogasandur
BISN,Svinafell
BISP,Sprengisandur
BISR,Storikroppur
BISS,Sandskeid
BIST,Stykkisholmur
BISV,Skalavatn
BITE,Tingeyri
BITM,Torsmork
BITN,Thorshofn
BITO,Thorisos
BIVA,Vatnsnes
BIVH,Varmahlid
BIVI,Vik
BIVM,Vestmannaeyjar
BIVO,Vopnafjordur
BKPR,Pristina
BNF,Baranof
BQ1,Carthage - Gilliam Mc Connell
BQV,Bartlett Cove
BW8,Winifred - Bullwhacker
BYA,Boundary
C00,Aledo - Mercer County
C01,Williamstown - Southern Cross
C02,Lake Geneva Grand
C03,Nappanee
C04,Hart/Shelby - Oceana County
C08,Westcliffe - Silver
C09,Morris R
C11,Amana
C12,Cimarron
C15,Pekin
C16,Urbana - Frasca
C17,Marion
C20,Berrien Springs - Andrews University
C21,Garapan - Commonwealth Health Center
C23,Babelthuap Island - Peleliu
C24,Creede - Mineral County Meml
C25,Waverly
C26,Clinton
C27,Manchester Muni
C28,Erie - Presque Isle Bay
C29,Middleton
C30,Mejit Atoll
C35,Reedsburg Muni
C37,Brodhead
C40,Bluffton - Miller
C43,Sunfield - Hiram Cure
C44,Putnam - Toutant
C47,Portage Muni
C48,Dixie - Wilson Bar Usfs
C51,Kili Island
C53,Challis - Lower Loon Creek
C54,Quemado - Catron County
C55,Mount Morris - Ogle County
C56,Monee - Bult
C57,Elsie - Millers Landing
C59,Delavan - Lake Lawn
C61,Coral - Winfield Landing
C62,Kendallville
C63,Stanton - Rayray
C64,Cayuse Creek
C65,Plymouth Muni
C66,Monmouth
C67,Angola - Lake Pleasant
C71,Crosby Muni
C72,Clayton - Cross Winds
C73,Dixon R
C74,Cassville Muni
C75,Lacon - Marshall County
C77,Poplar Grove
C80,Coalinga Muni
C81,Grayslake - Campbell
C82,Compton - Bresson
C83,Byron
C88,Oakley - Tkaczyk
C89,Sturtevant - Sylvania
C91,Dowagiac
C92,Mentone
C97,Lowell
C98,Lake Village
CA00,Santa Maria - Platform Hermosa
CA01,Burney Sheriff'S
CA02,Willits - Meml
CA03,Planada - Flying M
CA04,Cottonwood - Flying N Ranch
CA05,Stratford - Machado Dusters
CA06,Alturas - Bates
CA07,Pleasant Grove - Scheidel Ranch
CA08,Alhambra - Center
CA09,Klamath River - Round Mountain Ranch
CA10,Mariposa - Hospital
CA11,Chilcoot - Bodad
CA12,Adelanto Ipp
CA13,Reedley - College
CA14,Modesto - Doctors Medical Center
CA15,Grass Valley - Hospital
CA16,Rio Linda - Holtsmans
CA17,Murrieta - Site
CA18,Robbins - Sunrise Dusters
CA19,Ione - Camanche Skypark
CA20,Ione - Eagles Nest/David Wardall
CA21,Rough And Ready - Limberlost Ranch
CA22,Sacramento - Lauppes Strip
CA23,Van Nuys - Maguire-California Hospital
CA24,La Jolla Scripps
CA25,San Andreas - Center
CA26,San Francisco - Hall Of Justice
CA27,San Francisco - Alcatraz
CA28,Moreno Valley - Riverside County
CA29,Fontana
CA30,Costa Mesa - Manclark Airway
CA31,Sanger
CA32,San Joaquin
CA33,San Jose - County Medical Center
CA34,Esparto - Ala Doble
CA35,San Rafael
CA36,Burlingame - Center
CA37,Santa Cruz - Dominican Hospital
CA38,Calpine - Totem Pole Ranch
CA39,Santa Rosa - Belos Cavalos
CA40,Selma - Central
CA41,Selma - Quinn
CA42,Lake Elsinore - Mc Conville Airstrip
CA43,South Lake Tahoe - Barton Meml Hospital
CA44,Springville - Sequoia Ranch
CA45,Davis Sutter
CA46,Los Angeles - Cedars-Sinai Medical Center
CA47,San Diego Police
CA48,Azusa - Onelegacy Helistop
CA49,Stratford - Farms
CA50,Malibu - Hughes
CA51,The Sea Ranch
CA52,San Pedro - Ports O'Call
CA53,Redding - Tews
CA54,Santa Clarita
CA55,Mission Viejo
CA56,Soledad - Correctional Training Facility
CA57,Vacaville - Blake Sky Park
CA58,Turlock - Emanuel Medical Center
CA59,Verona - Vestal Strip
CA60,Vina - Deer Creek Ranch
CA61,Victorville - District
CA62,Camp Roberts - Mc Millan
CA63,Walnut Creek
CA64,Sylmar - Center
CA65,Watsonville - Alta Vista
CA66,Watsonville - Monterey Bay Academy
CA67,Westley - Inc
CA68,Laguna Hills - Center
CA69,Avenal
CA70,Helendale - Sun Hill Ranch
CA71,Drytown - Ranch
CA72,Ventura - Community Meml Hospital
CA73,Yuba City - Vanderford Ranch Company
CA74,Tracy Skydive
CA75,Simi Valley
CA76,Ramona - Flying T Ranch
CA77,Ridgecrest
CA78,Riverside - City
CA79,Marina Del Rey - Company
CA80,Los Banos Meml
CA81,Riverside Center
CA82,Encinitas - Scripps Meml Hospital
CA83,Visalia - Gilbert Aviation
CA84,San Diego - Torrey Pines
CA85,Irvine Opus
CA86,Los Angeles - Northridge Hospital
CA87,San Clemente - Sce Songs Mesa
CA88,San Ardo
CA89,Lake Elsinore - Skylark
CA90,Cadiz
CA91,Riverside - Quinn
CA92,Paradise
CA93,Ventura
CA95,Burbank - Center
CA96,Fresno - Center
CA97,Santa Barbara - Christy Airstrip
CA98,Santa Barbara - Hondo
CA99,Long Beach Kilroy
CAA2,St. Andre Avellin
CAA8,Invermere
CAD4,Trail
CAD5,Merritt
CAE4,Tsacha Lake
CAF4,Tsuniah Lake Lodge
CAG2,Brora - Regina Aerogate
CAG3,Chilko Lake
CAH3,Courtenay Apk
CAH4,Valemount
CAJ2,Eagle Plains - Wiley
CAJ3,Creston - Art Sutcliffe
CAJ4,Anahim Lake
CAJ7,Cayley
CAJ9,Fort Ware
CAK3,Delta
CAL3,Douglas Lake
CAL4,Albian Village - Fort Mackay Aerodrome
CAM3,Duncan
CAM4,Cam4
CAM5,Houston Apt
CAP3,Sechelt-Gibsons
CAP6,Ingenika
CAQ4,Springhouse
CAQ5,Nakusp
CAR2,Crawford Bay
CAR5,Car5
CAS2,Moose Lake
CAS3,Barkerville
CAT1,Atwood
CAT4,Qualicum Beach
CAT5,Port Mcneill
CAU3,Oliver
CAU4,Vanderhoof
CAV3,One Hundred Mile House
CAV4,Mcbride
CAV6,Cav6
CAV9,Oak Hammock
CAW3,Scum Lake
CAX2,Cax2
CAX5,Likely
CAY2,Gang Ranch
CAZ5,Cache Creek
CBA8,Beaverley
CBA9,Ospika
CBB7,Tipella
CBB9,Osoyoos
CBBC,Bella Bella
CBC2,Ford Bay
CBD6,Nahanni Butte
CBE2,Elko
CBF2,Cbf2
CBF9,Mabel Lake
CBG2,Green Lake
CBH2,Helmet
CBH4,Prairie Creek
CBJ4,Echo Valley
CBK6,Quesnel Lake
CBK7,Toad River - Alaska Highway
CBL3,Fort Nelson - Gordon
CBL6,Radium Hot Springs
CBL9,Elkin Creek
CBM5,Telegraph Creek
CBM6,Midway
CBN9,Tsay Keh
CBQ2,Fort Langley
CBQ7,Kemess Creek
CBQ8,Woodcock
CBR2,Kaslo
CBR4,Clinton Bleibler
CBS4,Mule Creek
CBS7,Briercrest South
CBS8,Port Alberni
CBT3,Tsetzi Lake
CBT6,Quilchena
CBU2,Eddontenajon
CBW2,Kitimat
CBW3,Fort Graham
CBW4,Bob Quinn Lake
CBW6,Cbw6
CBW8,Prince George Cariboo
CBX5,Tungsten
CBX7,Tumbler Ridge
CBZ9,Fraser Lake
CCA3,Cable Head
CCA6,Williams Harbour
CCA7,Apple River
CCC2,Winterland
CCD2,Springdale
CCD3,Woodstock Apt
CCD4,Postville
CCE2,Mount Pleasant Apt
CCE3,Juniper
CCE4,Black Tickle
CCF4,Porters Lake
CCF6,Ccf6
CCF9,Scottsfield
CCG3,Burtt'S Corner - Weyman
CCG4,Moncton
CCH2,Cch2
CCH4,Charlottetown Apt
CCI9,Cortes Island
CCJ3,Boston Brook
CCK3,Grand Falls
CCK4,St. Lewis
CCK5,Owen Sound
CCL2,Candle Lake
CCL3,Ccl3
CCM3,Sevogle
CCM4,Port Au Choix
CCN2,Grand Manan
CCP2,Exploits Valley
CCP3,Chute-St-Philippe
CCP4,Port Hope Simpson
CCP6,Caniapiscau
CCQ3,Debert
CCR3,Florenceville
CCS3,St. Stephen
CCS4,Chipman Apt
CCS5,Havelock
CCS6,Courtenay Smit
CCT2,Cookstown
CCV4,Bell Island
CCW3,Waterville Kings
CCW4,Stanley Apt
CCX3,Brockway
CCY3,Sussex
CCY4,East Gore
CCZ2,Rigolet
CCZ3,Clarenville
CCZ4,Margaree
CCZ5,Thorburn
CD00,Boulder - Emancipation Hill
CD01,Cotopaxi - Lowe Airstrip
CD02,Steamboat Springs - Skyote
CD03,Lamar - Tinnes
CD05,Gardner - Shkyview
CD06,Englewood - Centennial Healthcare Plaza
CD07,Fort Collins - Poudre Valley Hospital
CD09,Bennett - Yoder Airstrip
CD10,South Fork - Chapman
CD12,Gunnison Valley
CD13,Deer Trail - Morris
CD14,Bennett - J & S
CD15,Simla - High Plains
CD16,Branson
CD17,Byers - Bijou Basin
CD18,Dillon/Silverthorne - Amax Mill
CD19,Idaho Springs - Arapahoe
CD20,Loveland - Sprague
CD21,Tarryall - Badger Mountain
CD22,Thornton - Ridge
CD23,Calhan - Aero Bear
CD24,Castle Rock - Red Canyon Ranch
CD25,Berthoud Falls - Henderson
CD26,Calhan - Peyton
CD27,Luray - Page Meml Hospital
CD28,Indian Hills - Tall Timber
CD29,Cimarron - Cerro Summit
CD30,Cimarron - Fitzpatrick
CD31,Parker
CD32,Lake City - Castle Lakes
CD33,Cortez - Mesa Verde
CD34,Delta - Point Creek
CD35,Dove Creek - Pleasant View
CD36,Egnar
CD37,Empire - Berthoud Pass
CD38,Fairplay - Sacramento
CD39,Berthoud - Pond
CD40,Franktown - Hilltop
CD41,Glenwood Springs - Sunlite
CD42,Glenwood Springs - Lookout Mountain
CD43,Granite
CD44,Hesperus - Madden Peak
CD45,Elizabeth - Flyin' B Ranch
CD47,Montrose Meml
CD48,Walsenburg - Cuchara Ranch
CD49,Matheson
CD50,Meeker - Teepee Park
CD52,Mount Princeton
CD53,Lone Tree - Center
CD54,Norwood - Raspberry
CD55,Norwood Junction
CD56,Parachute - Grand Valley
CD57,Parshall - Grouse Mountain
CD59,Placerville
CD62,Rangely - Baxter Pass
CD63,Rangely - Raven Ridge
CD65,Rico
CD66,Rio Blanco
CD68,Silverton Junction
CD69,South Fork - Morning Shadows Ranch
CD70,Steamboat Springs - Mount Werner
CD71,Guffey - Hecox
CD72,Trimble - Missionary Ridge
CD74,Vail Junction
CD75,Whitewater
CD77,Wolcott - Castle Peak
CD78,Wolf Creek - Coal Bank Pass
CD79,Woodland Park - Northfield
CD80,Oak Creek - Phippsburg
CD81,Walden - Owl Ridge
CD82,Durango - Val Air
CD97,Hotchkiss - Montemadeira Ii
CD99,Steamboat Springs - Lucky L Ranch
CDA3,Valley
CDA4,Pokemouche
CDA5,St. Andrews
CDA6,Bristol Apt
CDC3,Dawson Creek Flying
CDC4,St-Quentin
CDD3,Ste-Agnes-De-Dundee
CDE,Cape Decision
CDF3,Englehart
CDG3,Cdg3
CDH1,Huntsville - Deerhurst Resort
CDH3,Finlay
CDJ4,Clearwater
CDJ5,Strathmore
CDK2,Diavik
CDO2,Drumheller - Ostergard'S
CDT5,Buctouche
CDU6,Doaktown
CDU9,Dunnville
CDV2,Downs Gulch
CDW2,Baddeck
CDY3,Fogo
CDY6,Bridgewater
CEA3,Olds-Didsbury
CEA5,Hardisty
CEA6,Cardston
CEB3,Colville Lake
CEB5,Fairview Apt
CEC3,Fox Lake
CEC4,Hinton Jasper
CED3,Oyen
CED4,Fox Creek
CED5,Taber
CED6,De Winton - Highwood
CEE4,Hinton Entrance
CEE5,Wabasca
CEE6,Edmonton Twin
CEE8,Viking Apt
CEF2,Cef2
CEF3,Bow Island
CEF4,Airdrie
CEF6,Forestburg
CEG2,Acme
CEG3,Lacombe
CEG4,Drumheller
CEG5,Chipewyan Lake
CEG8,North Seal River
CEH2,Black Diamond - Cu Nim
CEH3,Ponoka Industrial
CEH4,De Winton
CEH5,Red Earth Creek
CEH6,Provost
CEJ3,Stettler
CEJ4,Claresholm
CEJ6,Elk Point
CEK2,Braeburn
CEK6,Killam
CEL3,Cel3
CEL4,Hanna
CEL5,Valleyview
CEL6,Two Hills
CEL8,Cel8
CEM3,Whati
CEM4,Innisfail
CEM5,Swan Hills
CEN2,Bassano
CEN3,Three Hills
CEN4,High River
CEN5,Cold Lake
CEN6,Vauxhall
CEP3,Barrhead
CEP4,Coutts - Ross
CEP5,Janvier
CEP6,Warner
CEQ3,Camrose
CEQ4,Del Bonita
CEQ5,Grande Cache
CER2,Castor
CER3,Drayton Valley
CER4,Fort Mcmurray Mildred
CES2,Ces2
CES4,Westlock
CET2,Conklin
CET4,Fort Simpson Island
CET9,Jean Marie River
CEU2,Beaverlodge
CEU9,Trout Lake Apt
CEV2,Edra
CEV3,Vegreville
CEV5,Mayerthorpe
CEV7,Tofield
CEV9,Snare River
CEW3,St. Paul
CEW5,Milk River Apt
CEX3,Wetaskiwin
CEX4,Carmacks
CEX9,Brant
CEY3,Fort Macleod Apt
CEZ2,Chapman
CEZ3,Edmonton Cooking
CEZ4,Fort Vermilion
CFA4,Carcross
CFA5,Grande
CFA7,Taltheilei Narrows
CFB3,Hespero
CFB4,Trout Lake Apt
CFB5,Namur Lake
CFB6,Edmonton Josephburg
CFB7,Steen River
CFC4,Macmillan Pass
CFC6,Rockyford
CFC7,Rimbey
CFD4,Foremost
CFD5,Grimshaw
CFD9,Bjorgum Farm
CFF2,Christina Basin
CFF3,Jean Lake
CFF4,Great Bear Lake
CFF9,Marek Farms
CFG3,Consort
CFG4,Debolt
CFG5,John D'Or Prairie
CFG6,Suncor Energy Site - Fort Mackay Firebag
CFG7,Steen Tower
CFH4,Fox Harbour
CFH8,Warburg
CFK2,Bashaw
CFK3,Fontas
CFK4,Calling Lake
CFK6,Olds
CFL2,Empress Mcneill
CFL9,Johnson Lake
CFM2,Birch Mountain
CFM4,Donnelly
CFM5,Apache - Hamburg
CFM6,Teepee
CFM7,Boyle
CFM8,Fort Macleod Alcock
CFN5,La Crete
CFN7,Sundre Apt
CFP4,Mcquesten
CFP5,Glendon
CFP6,La Biche River
CFP7,Wainwright 21
CFP8,Whitehorse
CFQ3,Milk River Madge
CFQ4,Cheadle
CFQ5,Silver City
CFQ6,Pelly Crossing
CFQ7,Edmonton Gartner
CFR2,Bawlf
CFR5,French River - Alban
CFR7,Red Deer Forestry
CFS4,Ogilvie River
CFS5,Spirit River
CFS6,Loon River
CFS7,Twin Creeks
CFS8,Clearwater River
CFT2,Blackie - Wilderman Farm
CFT3,Finlayson Lake
CFT5,Hyland
CFT8,Pelican
CFT9,Zama Lake
CFU3,Chipman Apt
CFU4,Garden River
CFU8,Irma
CFV2,Beiseker
CFV3,Mobil Bistcho
CFV6,Margaret Lake
CFW2,Gordon Lake
CFW4,Muskeg Tower
CFW5,Taltson River
CFX2,Calgary Air
CFX3,Doig
CFX4,Manning
CFX6,Vulcan
CFX8,Chestermere
CFY2,Grist Lake
CFY4,Indus - Winters Aire Park
CFY5,Pine Lake
CFY6,Turner Valley Bar N Ranch
CFZ3,Medicine Hat - Schlenker
CFZ5,Sundre Goodwins
CGA,Craig
CGB2,Carstairs - Bishell'S
CGF2,Cgf2
CGK2,Cgk2
CGL2,Harrow
CGL4,Eaglesham
CGR3,Cgr3
CGS2,Cgs2
CGV2,Cgv2
CGV5,Cgv5
CGV6,Cgv6
CHC5,Chc5
CHF2,Manotick
CHG2,Harbour Grace
CHM2,Chm2
CHP,Circle Hot Springs
CHS3,Chs3
CJA3,Morden
CJA5,Nestor Falls
CJA7,Arcola
CJB2,Carman - Friendship
CJB3,Steinbach Apt
CJB5,Moosomin
CJB6,Gods Lake
CJB8,Kyle
CJC2,Craik
CJC3,Davidson
CJC4,Central Butte
CJC5,Shaunavon
CJC6,Hafford
CJC8,Laurie River
CJD2,Cudworth Muni
CJD3,Birch Hills
CJD5,Leader
CJE2,Dore Lake
CJE3,Weyburn
CJE4,Snow Lake
CJE5,Glaslyn
CJE6,Paradise Hill
CJE7,Ashern
CJF3,Ile-A-La-Crosse
CJF5,West Poplar
CJF8,Biggar
CJG2,Eatonia
CJG4,Cjg4
CJH2,Gilbert Plains
CJH3,Maidstone
CJH4,Ferland
CJH8,Leask
CJJ2,Glenboro
CJJ3,Cjj3
CJJ4,Deloraine
CJJ5,Cabri
CJJ8,Macklin
CJK2,Gunisao Lake
CJK3,Beauval
CJK4,Esterhazy
CJK5,Gull Lake
CJK9,Preeceville
CJL2,Hatchet Lake
CJL4,La Loche
CJL5,Winnipeg Lyncrest
CJL6,Altona
CJL8,Kasba Lake
CJL9,Radisson
CJM2,Ituna
CJM4,Gravelbourg
CJM5,Frontier
CJM6,Arborfield
CJN2,Kamsack
CJN4,Assiniboia
CJN5,Saskatoon - Corman Air Park
CJN7,Little Churchill River
CJP2,Kerrobert
CJP6,Camsell Portage
CJP7,Bird River
CJP9,Charlot River
CJQ2,Lampman
CJQ3,Carlyle
CJQ4,Maple Creek
CJQ5,Arnes
CJQ6,Tanquary Fiord
CJQ9,Big Sand Lake
CJR2,Luseland
CJR3,The Pas Grace
CJR4,Eston
CJR5,Gladstone Apt
CJR7,Canora
CJR8,Mccreary
CJR9,Naicam
CJS2,Malcolm Island
CJS3,Cluff Lake
CJS4,Moose Jaw Muni
CJS5,Killarney Muni
CJS7,Carman
CJT2,Matheson Island
CJT3,Knee Lake
CJT4,Cumberland House
CJT5,Melita
CJT8,Homewood
CJT9,Leoville
CJU3,Macdonald
CJU4,Humboldt Apt
CJU5,Minnedosa
CJU6,Arborg
CJU7,Edam
CJV2,Neilburg
CJV4,Otter Lake
CJV5,Neepawa
CJV7,Summer Beaver
CJV8,Grand Rapids
CJV9,Melville
CJW2,Oxbow
CJW3,Loon Lake
CJW4,Pelican Narrows
CJW5,Russell
CJW7,Cigar Lake
CJX4,Rosetown
CJX5,Souris Glenwood
CJY3,Tisdale
CJY4,Sandy Bay
CJY5,Strathclair
CJZ2,Portage La Prairie
CJZ3,Melfort
CJZ4,Shellbrook
CKA4,Zhoda
CKA8,St. Francois Xavier
CKA9,Southend Apt
CKB2,Patuanak
CKB6,Angling Lake - Wapekeka
CKB7,Roblin
CKB8,Silver Falls
CKC6,Lanigan
CKC7,Rockglen
CKC8,Somerset Apt
CKC9,Pangman
CKD2,Porcupine Plain
CKD5,Kipling
CKD7,Roland
CKD8,Ckd8
CKD9,Slate Falls
CKE2,Quill Lake
CKE8,Unity Apt
CKF2,Radville
CKF4,Goodsoil
CKF6,Macgregor
CKF9,De Lesseps Lake
CKG2,Riverton
CKG5,Manitou
CKG8,Kakabeka Falls
CKH2,Rocanville
CKH3,Debden
CKH7,Spiritwood
CKH8,Lumsden
CKJ2,Rosenort
CKJ4,Hanley
CKJ7,Starbuck
CKJ8,Molson Lake
CKJ9,Lemberg
CKK2,St. Brieux
CKK3,Coronach - Scobey Border
CKK4,Estevan South
CKK5,Eastend
CKK7,Steinbach South
CKL2,Selkirk
CKL3,Wunnumin Lake
CKL5,Shoal Lake
CKL6,Little Bear Lake
CKL9,Regina Beach
CKM2,Sioux Narrows
CKM4,Jan Lake
CKM6,Easterville
CKM8,Opapimiskan Lake
CKN5,Fillmore
CKN8,Nekweaga Bay
CKP2,Spring Valley
CKQ2,Squaw Rapids
CKQ3,North Spirit Lake
CKQ5,Lucky Lake
CKQ6,Erickson
CKQ7,Vermilion Bay
CKQ8,Mcarthur River
CKQ9,Pine Dock
CKR3,Ste. Rose Du Lac
CKR4,Lundar
CKR7,Virden Gabrielle
CKR9,Outlook
CKS3,Cudworth Apt
CKS6,Estevan - Bryant
CKS7,Wadena
CKS8,Cree Lake
CKS9,Kincardine - Shepherd'S Landing
CKT5,Hartney
CKT7,Wakaw
CKU,Cordova
CKU2,Treherne Apt
CKU4,Cut Knife
CKU5,Imperial Apt
CKU6,Grenfell
CKU7,Watrous
CKV2,Kelvington
CKV4,Obre Lake - North
CKV6,Churchbridge
CKV7,Wawota
CKW6,Davin Lake
CKX,Chicken
CKX2,Warren Woodlands
CKX4,Fisher Branch
CKX5,Dinsmore Apt
CKX8,Big River
CKY2,Whitewood
CKY8,Cochrane - Arkayla Springs
CKZ2,Willow Bunch
CKZ3,Elk Island
CKZ6,Crystal City-Pilot Mound - Louise
CKZ7,Winkler
CL00,Los Angeles - Usc University Hospital
CL01,Dos Palos - Eagle
CL02,El Segundo - Kilroy Airport
CL03,El Segundo - Airport
CL04,Elk Grove - Skyway Estates
CL05,Fremont - Center
CL06,Glendale Adventist
CL07,Long Beach - Queen Mary
CL08,Los Angeles - Biltmore Hotel
CL10,Malibu - Anacapa View Estates
CL11,Lodi - Ferdun Ranch
CL12,Los Angeles - St
CL13,Palmdale - Brian Ranch
CL14,Pasadena - Huntington Meml Hospital
CL15,Ridgecrest Sce
CL16,Coronado - Turner
CL17,Barstow Community
CL18,Glendora - Emergency
CL19,Glendale Bank
CL21,Jackson - Sutter Amador Hospital
CL22,Valencia - Sheriff'S
CL23,Biggs - Jones/Ag/Viation
CL24,Clovis - Kindsvater Ranch
CL25,Cuyama - 7R Ranch
CL26,Chatsworth - Omninet
CL27,El Monte Wells
CL28,Joshua Tree - Moronga Basin Chp
CL29,Goffs - Camino Airstrip
CL31,Los Angeles - Caltrans District 7
CL32,Los Angeles - Garland Center
CL33,Pauma Valley
CL35,Warner Springs
CL36,San Diego - Sharp
CL37,Chico - Enloe Hospital
CL38,Huntington Beach - Beta Platform Eureka
CL39,St Helena - Dept
CL40,Lancaster - Center
CL44,Murrieta - Latierra
CL46,Gorman/Lancaster - Park
CL47,Valley Center - Hoag
CL48,Monrovia - Santa
CL49,Los Angeles - Intl
CL50,Los Angeles - Westwood Gateway
CL51,Santa Rosa Meml
CL52,Stockton - Hospital
CL53,Clearlake
CL54,Los Angeles - Westside Towers
CL55,Orange - Sce Serrano Substation
CL56,Chico - Ranchaero
CL58,Santa Ana - Sce Southeastern
CL59,Agua Dulce - Camp 11
CL60,Bakersfield - Meml Hospital
CL61,Bakersfield - Kern Medical
CL62,Calabasas - Station
CL63,Castaic
CL64,Fremont - Structure
CL65,Huntington Beach - D
CL66,La Canada - Camp 2
CL67,Santa Maria - Platform Hidalgo
CL68,Santa Maria - Platform Harvest
CL69,Lakeport - Sutter Lakeside Hospital
CL70,Los Angeles - Hos
CL72,Malibu - Camp 8
CL73,Anaheim Convention
CL74,Rosamond - Skyotee Ranch
CL75,Rosemead - Robert D Cloud
CL76,U S Medical Center Diego Naval
CL77,Santa Cruz - Bonny Doon
CL78,Saugus - Camp 14
CL79,Shaver Lake - Sce Tiffany Pines
CL80,Sherman Oaks
CL82,Thousand Oaks - Los Robles
CL83,Woodland - Joe Heidrick
CL84,Hilmar - Ahlem Farms
CL85,Sonoma Pad
CL86,Santa Clara
CL88,La Verne - Emergency
CL89,Chatsworth Mga
CL90,West Hollywood - Pendry Ehlf
CL91,Auberry
CL92,Irvine - Sce Saddleback
CL93,Shaver Lake Sce
CL94,Quincy - Plumas District Hospital
CL95,San Bernardino - Bldg
CL96,Vacaville - Vaca Valley Hospital
CL97,San Diego - Scripps Mercy Hospital
CL99,Watsonville Community
CLA2,L'Assomption
CLA4,Holland Landing
CLA5,Lethbridge Anderson
CLA6,Bainsville - Lancaster
CLB2,Clb2
CLC2,London Chapeskie
CLE4,Lower East Pubnico
CLG3,Liege Cnrl
CLG7,Clg7
CLJ3,Clj3
CLK3,Lucknow
CLM2,Leamington
CLN4,Cln4
CLS3,Cls3
CLV2,Clv2
CLW2,Lewvan
CLW3,Clw3
CMA2,Mattawa
CMB2,Meadowbank Gold Mine
CMF2,Cmf2
CMF3,Cmf3
CML2,Quamichan Lake
CMN4,Cmn4
CMN5,Cmn5
CMN6,Cmn6
CMW3,Cmw3
CN01,Fort Bragg - Hospital
CN02,San Francisco Va
CN06,Sonoma - 2
CN10,Torrance - Interim
CN12,Williams
CN13,Clarksburg Borges
CN14,Napa - Hospital
CN15,Lemoore - Vineyard Oaks Farm
CN16,Folsom Mercy
CN17,San Diego Rady
CN18,San Bernardino Community
CN19,Knightsen - Las
CN22,Firebaugh - Mercey Hot Springs
CN23,Yermo - Harvard
CN24,Galt - Flying R
CN25,Los Angeles - Hotel
CN26,Belden - Rodgers Flat
CN27,Canoga Park
CN28,Big Creek Helistop
CN29,Farmington - J-B
CN30,Oceanside
CN33,El Segundo - Airport
CN35,Temecula - Blackwater
CN37,Mojave - Kelso Valley
CN38,Franklin - Flying B Ranch
CN39,Los Angeles - Bldg
CN40,Woodland - Roosevelt Ranch
CN42,Manton - Double Creek
CN43,Anaheim Canyon
CN44,Modesto - Flying Bull
CN45,Big Bear Lake
CN46,Redding - The Mcconnell Foundation
CN47,Los Angeles - Pacoima Dam
CN48,Stockton - Center
CN49,Roseville
CN50,San Diego - Cul-De-Sac
CN51,Fresno - Community
CN52,Oroville Hospital
CN53,Hanford - Ave
CN55,Bakersfield - Mercy Hospital Southwest
CN57,Madera - Pg&E Hta
CN63,Exeter
CN64,Desert Center
CN66,San Simeon
CN67,Fillmore - Rotorcraft Support Inc/Rsi
CN70,Calipatria - Calenergy Salton Sea
CN86,Grass Valley - River Highlands Ranch
CN88,Vacaville Kaiser
CN90,Calexico - Api Gateway
CN93,San Luis Obispo - Sierra Vista
CN95,Stockton - Heritage
CN96,Mount Shasta
CN98,Palo Verde - Walter'S Camp
CN99,Patterson - Farms
CNA2,Highgate
CNA3,Springwater
CNA4,Emsdale
CNA9,Plevna - Tomvale
CNC3,Brampton
CNC4,Guelph
CND4,Haliburton - Stanhope
CNE3,Bearskin Lake
CNE4,Iroquois Falls
CNE9,Essex
CNF3,Pendleton
CNF4,Lindsay Apt
CNF8,Cnf8
CNF9,Niagara Falls
CNH2,Natuashish
CNJ3,Fort Erie
CNJ4,Orillia
CNK4,Parry Sound
CNL2,Cnl2
CNL3,Brockville
CNL4,Port Elgin Apt
CNL7,Cnl7
CNL8,Wyevale
CNL9,Nueltin Lake
CNM2,Melbourne Apt
CNM5,Kingfisher Lake
CNN3,Shelburne
CNN8,Gananoque
CNP3,Arnprior
CNP6,Cnp6
CNP7,Iroquois
CNP8,Greenbank
CNQ3,Welland
CNR4,Tobermory
CNR6,Carleton Place
CNR9,Arnstein
CNS4,Alexandria Aerodrome
CNS6,Straffordville
CNS7,Kincardine
CNS8,Morrisburg
CNT3,Ogoki Post
CNT6,Elmira Apt
CNT7,Picton Apt
CNU4,Belleville
CNU8,Toronto - Markham
CNV4,Hawkesbury Apt
CNV8,Edenvale
CNV9,Quebec
CNW2,Windermere
CNW3,Bancroft
CNX3,Carey Lake
CNX8,Nixon
CNY3,Collingwood
CNY4,Alliston
CNZ4,Barry'S Bay
CNZ8,Grimsby
CO00,Flagler
CO01,Denver - General Mail Facility
CO02,Bennet - Harrington Ranch
CO03,Aspen
CO04,Keenesburg - Denning
CO05,Aurora Presbyterian
CO06,New Raymer - Wirth
CO07,Blackhawk - Athanasiou Valley
CO08,Idalia - Helling
CO09,Fort Lupton - Halliburton Office
CO1,Ordway - Lake Meredith
CO10,Boulder - Lemons Private Strip
CO11,Salida - Granite Mountain Lodge
CO12,Brighton - Van Aire
CO13,Highlands Ranch
CO14,Alamosa
CO15,Elbert - Kelly Air Park
CO16,Littleton - Hospital
CO17,Byers - Sky Haven
CO18,Kiowa - Chaparral
CO19,Canon City - Tezak
CO20,Cedaredge - Flying W Ranch
CO21,Craig
CO22,Bethune - Hildebrandt
CO23,Longmont - Ashlawn
CO24,Colorado Springs - Penrose Hospital
CO25,Agate - Metrogro Farm
CO26,Galeton - Kutcher Airfield
CO27,Cortez - Tanner
CO28,Arapahoe - Clear Sky Ag
CO29,Parachute - Juniper Hills
CO31,Denver - Healthone
CO33,Rush - Ria
CO34,Denver - St Lukes Hospital
CO35,Denver Health
CO36,Kiowa - Elbert County
CO37,Denver - St
CO38,Strasburg - Comanche
CO39,Elbert - Ranch
CO4,Colorado Springs
CO41,Bennett - Campbells
CO42,Elizabeth - Circle 8 Ranch
CO43,Glade Park - Pinyon
CO45,Louisville - Adventhealth Avista
CO46,Durango - Mercy
CO47,Gypsum - Goldys Fld
CO48,Eaton - Crop Air
CO49,Colorado City - Greenhorn Strip
CO50,Aspen Valley
CO51,Empire - Henderson
CO52,Evergreen - Marshdale
CO53,Fort Collins - Yankee
CO54,Falcon - Strip
CO55,Fort Collins - Christman
CO56,Keenesburg - Jjs
CO57,Firestone - Rhoads
CO58,Firestone - Wings N Things
CO59,Galeton - Hay Fever Farm
CO60,Keenesburg - Horseshoe Landings
CO61,Canon City - Ak Su
CO63,Canon City - Brown'S Fort
CO64,Trinidad - Mount San Rafael
CO65,Westcliffe - Geary Ranch
CO66,Greeley - Ajc
CO67,Carr - Big View
CO68,Frederick Firestone
CO69,Vail Health
CO70,La Salle - Bigfoot Turf
CO71,Pueblo - Parkview Medical Center
CO72,Telluride Helitrax
CO73,Hartman - Air-Sprayers Nr 2
CO74,Kremmling - Mc Elroy
CO76,Hotchkiss - Eden Ranch
CO77,Elbert Lz
CO78,Hugo - Lincoln Community Hospital
CO79,Parker Adventhealth
CO80,Fowler
CO81,Johnstown - Fought'N'Won
CO82,Keenesburg - Land
CO83,Alamosa - Green Acres
CO84,Kirk - Idlers
CO85,Rifle Junction
CO86,Fort Collins - John Galt
CO88,Denver - Kusa Helistop
CO89,Delta - Barber
CO90,Ellicott - Aux
CO91,Colorado Springs - Campus
CO92,Fort Garland - Trinchera Ranch Airstrip
CO93,Larkspur - Perry Park
CO94,Walsenburg - Spring Canyon
CO95,Telluride - True Grit
CO96,Franktown - Reed Hollow Ranch
CO97,Strasburg - Comanche Springs Ranch
CO98,Wheat Ridge - Scl Lutheran
CO99,Franktown - Triple P Ranch
COB4,Cob4
COL2,Orangeville Laurel
CPA4,Simcoe
CPB5,Pilot Butte
CPB8,Paramount Bistcho
CPB9,Baldwin Apt
CPC3,Arthur East
CPC6,Teeswater
CPD2,Ethel Apt
CPD4,Brussels Armstrong
CPD8,Hawkesbury Windover
CPE3,Elk Lake
CPE4,Cambridge Reid'S
CPE5,Port Colborne
CPE6,South River - Sundridge
CPF2,Bar River
CPF4,Cobden - Bruce Mcphail
CPF6,Stoney Creek
CPF7,Southampton Apt
CPG4,Elmira East
CPG5,Hawkesbury East
CPG6,Port Elgin Pryde
CPG7,Fergus
CPH2,Deep River - Rolph
CPH3,Port Hope
CPH9,Fordwich
CPJ5,Stirling
CPK2,Strathroy
CPK9,Cpk9
CPL3,Kars Rideau
CPL4,Grand Bend
CPL5,Thessalon
CPM3,Cpm3
CPM5,Tottenham - Volk
CPM7,Bradford
CPN2,Pontiac
CPN5,Listowel
CPP6,York
CPQ4,Lefroy
CPR2,Embrun
CPR3,Palmerston
CPR5,Woodstock Apt
CPR7,Wingham
CPR9,Cpr9
CPS2,Keene - Elmhirst'S Resort
CPS4,Lucan
CPS5,Miminiska
CPS7,Orton
CPT2,Killarney Apt
CPT3,Rockton
CPU3,Rodney
CPU6,Tyendinaga
CPV2,Orangeville Murray
CPV3,St. Joseph Island
CPV4,Mansfield Apt
CPV7,Poplar Hill
CPV8,Keewaywin
CPY9,Cpy9
CPZ3,Mountain View
CRB2,Cottam
CRB4,Riviere Bonnard
CRB5,Riviere Bell
CRD4,Crd4
CRD5,Crd5
CRE2,Rae - Edzo
CRE3,Cre3
CRF3,Villeneuve
CRF4,Calgary Rowland
CRJ2,Crj2
CRL2,Westport Rideau
CRL4,Kirby Lake
CRL7,Crl7
CRM2,Riding Mountain
CRML,Stoney Point
CRP2,Reston - R.M.
CRS3,Calgary Christiansen
CRS7,Crs7
CRT2,Crt2
CSA2,Lac Agile
CSB2,Sable Island
CSB3,St-Mathieu-De-Beloeil
CSB5,Shediac Bridge
CSC3,Drummondville
CSC5,Lac Etchemin
CSC9,Sudbury Coniston
CSD3,Valleyfield
CSD4,Mont-Laurier
CSE3,Lourdes-De-Joliette
CSE4,Lachute
CSE5,Montmagny
CSF3,Poste Montagnais
CSF7,Ottawa
CSG3,Joliette
CSG5,St-Jean Chrysostome
CSH2,Ile-Aux-Grues
CSH4,Lebel-Sur-Quevillon
CSH5,St-Ferdinand
CSJ2,Kanawata
CSJ4,Louiseville
CSJ5,St-Louis-De-France
CSK3,Montreal Mascouche
CSK4,Mansonville
CSK5,St-Raymond - Paquet
CSK6,Snap Lake
CSK8,Surrey - King George
CSL3,Lac-A-La-Tortue Apt
CSL5,St-Victor-De-Beauce
CSL7,Qu'Appelle - Airstrip
CSL9,Baie-Comeau
CSM3,Thetford Mines
CSM4,Ste-Julienne
CSM5,St-Michel-Des-Saints
CSN3,St-Jerome
CSN5,Stanhope
CSN7,Farnham
CSP3,Stony Plain
CSP5,St-Mathias
CSP6,Montreal Aeroparc
CSQ2,Csq2
CSQ3,Valcourt
CSR,Anchorage - Campbell Airstrip
CSR3,Victoriaville
CSR8,La Sarre
CSS3,Montreal Les
CSS4,St-Dominique
CST3,Montreal St-Lazare
CST7,St-Lambert-De-Lauzon
CSU2,Chisasibi
CSU3,St-Hyacinthe
CSU4,Ste-Lucie-De-Beauregard
CSU5,Weymontachie
CSU7,Lac-A-La-Tortue
CSV8,Csv8
CSX3,Richelieu
CSX5,St-Mathias - Grant
CSX7,Sexsmith - Exeter
CSY3,Sorel
CSY4,St-Donat
CSZ3,Mont-Tremblant - St-Jovite
CSZ4,St-Frederic
CT00,South Windsor - Electro-Methods Inc
CT01,Bethlehem - Whelan Farms
CT02,Glastonbury - Clark Hill
CT03,Bristol Hospital
CT04,West Hartford - Chase
CT05,Bloomfield - Kaman Aerospace Corp
CT07,Colchester - Skis Landing Area
CT08,Colchester - Gardner Lake
CT09,Coventry - Heckler
CT10,Sterling - Flat Rock Farm
CT11,East Haddam - Devils Hopyard
CT12,Bridgeport - Medical Center
CT13,East Killingly - Yankee Airstrip
CT14,East Windsor Hill - Bancroft
CT15,Ellington - Wysocki
CT16,Essex - Fetske
CT19,Hazardville - Laurie
CT20,Marlborough - Rankl
CT21,North Stonington - Sunnyvale
CT24,North Canaan
CT27,Enfield - Tennessee
CT28,Rocky Hill - Affairs
CT29,Somers - Valley Farm
CT30,Bethlehem - Murphy'S Landing
CT31,Stafford Springs - Bradway Pond
CT32,Voluntown - Gallup Farm
CT36,Bozrah - Gager
CT37,Bridgeport Sikorsky
CT39,Durham - Maplewood Farm
CT40,Hamden - Bob Thomas
CT41,Fairfield - Sacred Heart University
CT42,Goshen - Wings Ago Airstrip
CT43,Jewett City - Spruce
CT44,Litchfield - Ripley
CT48,Mystic - Wychwood
CT50,East Granby - Marks
CT51,New Milford - Docktors
CT52,Newtown - Flying Ridge Airstrip
CT59,Roxbury - Good Hill Farm
CT60,Bristol - Ultimate
CT66,Washington - Long View Landing
CT71,Farmington Rtx
CT73,Hartford - South
CT74,Ashford/Westford
CT75,Farmington - Uconn Health
CT78,Lyme - Lord Creek
CT80,Stonington Airpark
CT85,East Windsor - Roberts Farm
CT86,East Haddam - Sanford
CT87,Enfield - Bootlegger'S
CT92,Portland - Bemer
CT93,Norwich - Backus Hospital
CT95,Meriden Wallingford
CT96,Bristol - Green Acres
CT98,Middletown - Middlesex Hospital
CTA3,Ile Aux Coudres
CTA4,St-Bruno-De-Guigues
CTB6,Tete-A-La-Baleine
CTE5,Lac A La Perchaude
CTF3,Causapscal
CTF4,Ctf4
CTG3,Du Rocher-Perce
CTH2,Cth2
CTH3,Grandes-Bergeronnes
CTK2,Senneterre
CTK6,Kegaska
CTK7,Ctk7
CTN6,Treherne Norfolk
CTP9,Kattiniq - Donaldson
CTQ2,Stanstead - Weller
CTQ6,St-Anselme
CTR6,St-Basile
CTT5,La Romaine
CTU2,Fontanges
CTU5,La Tabatiere
CTY4,Cty4
CTY5,Rougemont
CVB2,Cvb2
CVF2,Cvf2
CVS2,Viking South
CW0,Winifred - Cow Creek
CWC1,White City
CWF2,Cwf2
CWJC,Ennadai
CXC,Chitina
CYAB,Cyab
CYAC,Cat Lake
CYAD,La Grande-3
CYAG,Fort Frances
CYAH,La Grande-4
CYAL,Alert Bay
CYAM,Sault Ste Marie
CYAQ,Kasabonika
CYAS,Kangirsuk
CYAT,Attawapiskat
CYAU,Liverpool Shore
CYAV,Winnipeg St.
CYAW,Halifax - Shearwater
CYAX,Lac Du Bonnet
CYAY,St. Anthony
CYAZ,Tofino
CYBA,Banff
CYBB,Kugaaruk
CYBC,Baie-Comeau Apt
CYBD,Bella Coola
CYBE,Uranium City
CYBF,Bonnyville
CYBG,Bagotville
CYBH,Cybh
CYBK,Baker Lake
CYBL,Campbell River
CYBP,Brooks
CYBQ,Tadoule Lake
CYBR,Brandon
CYBT,Brochet
CYBU,Nipawin
CYBV,Berens River
CYBW,Calgary Springbank
CYBX,Lourdes-De-Blanc-Sablon
CYCA,Cartwright
CYCB,Cambridge Bay
CYCC,Cornwall
CYCD,Nanaimo
CYCE,Centralia - James T.
CYCG,Castlegar
CYCH,Miramichi
CYCK,Chatham-Kent
CYCL,Charlo
CYCN,Cochrane Apt
CYCO,Kugluktuk
CYCP,Blue River
CYCQ,Chetwynd
CYCR,Cross Lake
CYCS,Chesterfield Inlet
CYCT,Coronation
CYCW,Chilliwack
CYCY,Clyde River
CYCZ,Fairmont Hot Springs
CYDA,Dawson City
CYDB,Burwash
CYDC,Town Of Princeton
CYDF,Deer Lake Apt
CYDL,Dease Lake
CYDM,Ross River
CYDN,Dauphin
CYDO,Dolbeau-St-Felicien
CYDP,Nain
CYDQ,Dawson Creek Apt
CYEA,Empress Apt
CYEE,Midland - Huronia
CYEG,Edmonton Intl
CYEK,Arviat
CYEL,Elliot Lake
CYEM,Manitowaning - Manitoulin
CYEN,Estevan Apt
CYER,Fort Severn
CYES,Edmundston
CYET,Edson
CYEU,Eureka Apt
CYEV,Inuvik
CYEY,Amos
CYFA,Fort Albany
CYFB,Iqaluit
CYFC,Fredericton
CYFD,Brantford
CYFE,Forestville
CYFH,Fort Hope
CYFJ,Riviere Rouge - La Macaza Mont-Tremblant
CYFO,Flin Flon
CYFR,Fort Resolution
CYFS,Fort Simpson
CYFT,Makkovik
CYGB,Texada
CYGD,Goderich
CYGE,Golden
CYGH,Fort Good Hope
CYGK,Kingston Norman
CYGL,La Grande Riviere
CYGM,Gimli
CYGO,Gods Lake Narrows
CYGP,Gaspe
CYGQ,Geraldton
CYGR,Iles-De-La-Madeleine
CYGT,Igloolik
CYGV,Havre St-Pierre
CYGW,Kuujjuarapik
CYGX,Gillam
CYGZ,Grise Fiord
CYHA,Quaqtaq
CYHB,Hudson Bay
CYHC,Cyhc
CYHD,Dryden
CYHE,Hope Apt
CYHF,Hearst
CYHH,Nemiscau
CYHI,Ulukhaktok
CYHK,Gjoa Haven
CYHM,Hamilton Intl
CYHN,Hornepayne
CYHO,Hopedale Apt
CYHP,Cyhp
CYHR,Chevery
CYHS,Hanover
CYHT,Haines Junction
CYHU,Montreal Saint-Hubert
CYHY,Hay River
CYHZ,Halifax
CYIB,Atikokan
CYID,Digby
CYIF,St-Augustin
CYIK,Ivujivik
CYIO,Pond Inlet
CYIV,Island Lake
CYJA,Jasper
CYJF,Fort Liard
CYJM,Fort St. James
CYJN,St Jean
CYJP,Fort Providence
CYJQ,Bella Bella - Denny Island
CYJT,Stephenville
CYKA,Kamloops
CYKC,Collins Bay
CYKD,Aklavik
CYKF,Kitchener - Waterloo
CYKG,Kangiqsujuaq
CYKJ,Key Lake
CYKL,Schefferville
CYKM,Cykm
CYKO,Akulivik
CYKP,Cykp
CYKQ,Waskaganish
CYKX,Kirkland Lake
CYKY,Kindersley
CYKZ,Toronto - Buttonville
CYLA,Aupaluk
CYLB,Lac La Biche
CYLC,Kimmirut
CYLD,Chapleau
CYLH,Lansdowne House
CYLI,Lillooet
CYLJ,Meadow Lake
CYLK,Lutselk'E
CYLL,Lloydminster
CYLP,Cylp
CYLQ,La Tuque
CYLR,Leaf Rapids
CYLS,Barrie-Orillia - Lake Simcoe
CYLT,Alert
CYLU,Kangiqsualujjuaq
CYLW,Kelowna
CYMA,Mayo
CYMD,Cymd
CYME,Matane
CYMG,Manitouwadge
CYMH,Mary'S Harbour
CYMJ,Moose Jaw Air
CYML,Charlevoix
CYMM,Fort Mcmurray Apt
CYMO,Moosonee
CYMT,Chibougamau - Chapais
CYMU,Umiujaq
CYMW,Maniwaki
CYMX,Montreal Mirabel
CYMY,Ear Falls
CYNA,Natashquan
CYNC,Wemindji
CYND,Ottawa Gatineau
CYNE,Norway House
CYNH,Hudson'S Hope
CYNJ,Langley
CYNL,Points North Landing
CYNM,Matagami
CYNN,Nejanilini Lake
CYNR,Fort Mackay
CYOA,Ekati
CYOC,Old Crow
CYOD,Cold Lake Cfb
CYOH,Oxford House
CYOJ,High Level
CYOO,Oshawa
CYOP,Rainbow Lake
CYOS,Owen Sound
CYOW,Ottawa Macdonald/Cartier
CYPA,Prince Albert Glass
CYPC,Paulatuk
CYPD,Port Hawkesbury
CYPE,Peace River
CYPG,Portage La
CYPH,Inukjuak
CYPK,Pitt Meadows
CYPL,Pickle Lake
CYPM,Pikangikum
CYPN,Port-Menier
CYPO,Peawanuck
CYPP,Parent
CYPQ,Peterborough
CYPR,Prince Rupert
CYPS,Pemberton
CYPT,Pelee Island
CYPU,Puntzi Mountain
CYPW,Powell River
CYPX,Puvirnituq
CYPY,Fort Chipewyan
CYPZ,Burns Lake
CYQA,Muskoka
CYQB,Quebec
CYQD,The Pas Apt
CYQF,Red Deer
CYQG,Windsor
CYQH,Watson Lake
CYQI,Yarmouth
CYQK,Kenora
CYQL,Lethbridge County
CYQM,Moncton Intl
CYQN,Nakina
CYQQ,Comox
CYQR,Regina Intl
CYQS,St Thomas Muni
CYQT,Thunder Bay
CYQU,Grande Prairie
CYQV,Yorkton
CYQW,North Battleford
CYQX,Gander
CYQY,Sydney J.A.
CYQZ,Quesnel
CYRA,Gameti - Rae Lakes
CYRB,Resolute Bay
CYRC,Chicoutimi
CYRI,Riviere-Du-Loup
CYRJ,Roberval
CYRL,Red Lake
CYRM,Rocky Mountain House
CYRO,Ottawa - Rockcliffe
CYRP,Ottawa - Carp
CYRQ,Trois-Rivieres
CYRS,Red Sucker Lake
CYRT,Rankin Inlet
CYRV,Revelstoke
CYSA,Stratford Muni
CYSB,Sudbury
CYSC,Sherbrooke
CYSD,Cysd
CYSE,Squamish
CYSF,Stony Rapids
CYSG,St Georges
CYSH,Smiths Falls-Montague
CYSJ,Saint John
CYSK,Sanikiluaq
CYSL,St Leonard
CYSM,Fort Smith Apt
CYSN,St Catharines
CYSP,Marathon Apt
CYSQ,Atlin
CYST,St. Theresa Point
CYSU,Summerside
CYSW,Sparwood
CYSY,Sachs Harbour
CYSZ,Ste-Anne-Des-Monts
CYTA,Pembroke
CYTB,Tillsonburg
CYTE,Cape Dorset
CYTF,Alma Apt
CYTH,Thompson
CYTL,Big Trout Lake
CYTN,Trenton
CYTQ,Tasiujaq
CYTR,Trenton
CYTS,Timmins
CYTZ,Toronto
CYUB,Tuktoyaktuk
CYUL,Montreal Pierre
CYUT,Repulse Bay
CYUX,Hall Beach
CYUY,Rouyn-Noranda
CYVB,Bonaventure
CYVC,La Ronge
CYVD,Virden R.J.
CYVG,Vermilion
CYVK,Vernon
CYVL,Cyvl
CYVM,Qikiqtarjuaq
CYVN,Cyvn
CYVO,Val-D'Or
CYVP,Kuujjuaq
CYVQ,Norman Wells
CYVR,Vancouver
CYVT,Buffalo Narrows
CYVV,Wiarton
CYVZ,Deer Lake Apt
CYWA,Petawawa
CYWE,Wekweeti
CYWG,Winnipeg James
CYWH,Cywh
CYWJ,Deline
CYWK,Wabush
CYWL,Williams Lake
CYWM,Athabasca
CYWP,Webequie
CYWV,Wainwright Apt
CYWY,Wrigley
CYXC,Cranbrook
CYXD,Edmonton Centre
CYXE,Saskatoon
CYXH,Medicine Hat
CYXJ,Fort St.John
CYXK,Rimouski
CYXL,Sioux Lookout
CYXN,Whale Cove
CYXP,Pangnirtung
CYXQ,Beaver Creek
CYXR,Earlton
CYXS,Prince George Apt
CYXT,Terrace
CYXU,London Apt
CYXX,Abbotsford
CYXY,Whitehorse
CYXZ,Wawa
CYYB,North Bay
CYYC,Calgary Intl
CYYD,Smithers
CYYE,Fort Nelson
CYYF,Penticton
CYYG,Charlottetown Apt
CYYH,Taloyoak
CYYI,Cyyi
CYYJ,Victoria Intl
CYYL,Lynn Lake
CYYM,Cowley
CYYN,Swift Current
CYYO,Wynyard
CYYQ,Churchill
CYYR,Goose Bay
CYYT,St. John'S
CYYU,Kapuskasing
CYYW,Armstrong
CYYY,Mont-Joli
CYYZ,Toronto - Lester B Pearson
CYZD,Toronto - Downsview
CYZE,Gore Bay
CYZF,Yellowknife
CYZG,Salluit
CYZH,Slave Lake
CYZP,Sandspit
CYZR,Sarnia
CYZS,Coral Harbour
CYZT,Port Hardy
CYZU,Whitecourt
CYZV,Sept-Iles
CYZW,Teslin
CYZX,Greenwood Cfb
CYZY,Mackenzie
CZAC,York Landing
CZAM,Salmon Arm
CZBA,Burlington
CZBB,Boundary Bay
CZBD,Ilford
CZBF,Bathurst Apt
CZBM,Bromont
CZEE,Kelsey
CZEM,Eastmain River
CZFA,Faro Apt
CZFD,Fond-Du-Lac
CZFG,Pukatawagan
CZFM,Fort Mcpherson
CZFN,Tulita
CZGF,Grand Forks
CZGI,Gods River
CZGR,Little Grand Rapids
CZHP,High Prairie
CZJG,Jenpeg
CZJN,Swan River
CZKE,Kashechewan
CZLQ,Thicket Portage
CZMD,Muskrat Dam
CZML,108 Mile
CZMN,Pikwitonei
CZMT,Masset
CZN,Chisana
CZNG,Poplar River
CZNL,Nelson Apt
CZO,Chistochina
CZPB,Sachigo Lake
CZPC,Pincher Creek
CZPO,Pinehouse Lake
CZRJ,Round Lake
CZSJ,Sandy Lake
CZSN,South Indian Lake
CZST,Stewart
CZSW,Czsw
CZTA,Bloodvein River
CZTM,Shamattawa
CZUC,Ignace
CZUM,Churchill Falls
CZVL,Edmonton Villeneuve
CZWH,Lac Brochet
CZWL,Wollaston Lake
D00,Ada/Twin Valley
D02,Osage
D03,Kulm
D05,Garrison
D06,Minto Muni
D07,Faith
D09,Bottineau
D11,Weidman - Ojibwa
D12,Garden Valley
D14,Fertile
D15,Lake Isabella
D17,Delta - Westwinds
D20,Yale
D22,Drummond Island - Yacht Haven
D23,Arcade
D24,Fessenden
D25,Manitowish Waters
D28,Cavanaugh Bay - Tanglefoot
D29,Drayton
D31,Leeds
D32,Starbuck
D37,Warren Muni
D39,Sauk Centre
D41,Stephen
D42,Springfield Muni
D47,Challis - Cougar Ranch
D49,Columbus Muni
D50,Crosby Muni
D51,Buffalo - Clarence Aerodrome
D52,Geneseo
D54,Fargo West
D55,Langdon - Robertson
D56,Mayville
D57,Glen Ullin
D58,Timber Lake
D59,Gowanda
D60,Tioga
D61,Towner
D63,Dinsmore
D64,Westhope
D65,Corsica
D66,Delta Junction
D69,Anatone - Rogersburg
D71,Big Lake Beaver
D72,Eagle River - Club
D73,Monroe - Cy Nunnally Meml
D74,Farmington - Chorman
D75,Wasilla - Blodgett Lake
D79,Mayville - Dart
D80,Olcott
D81,Red Lake Falls
D82,Ovid
D83,Boonville
D86,Visalia - Sequoia Fld
D88,Sherman - Pratt'S Eastern Divide
D90,Mancelona
D91,Spencerport
D95,Lapeer - Dupont
D98,Romeo
D99,Richmond - Robertson
DA10,Illizi Apt
DA11,Da11
DA12,Da12
DA13,Da13
DA14,Mostaganem
DA15,Saida
DA16,Tindouf East
DAAB,Blida
DAAD,Daad
DAAE,Bejaia - Soummam
DAAG,Algiers - Houari Boumediene
DAAJ,Djanet
DAAK,Daak
DAAM,Telerghma
DAAN,Daan
DAAP,Illizi Takhamalt
DAAQ,Daaq
DAAS,Setif - Ain Arnat
DAAT,Tamanrasset - Akhamok
DAAV,Jijel
DAAW,Bordj Omar Driss
DAAY,Mecheria
DAAZ,Relizane
DABB,Annaba
DABC,Constantine - Mohamed Boudiaf
DABO,Oum El Bouaghi
DABP,Dabp
DABS,Tebessi
DABT,Batna
DAFH,Dafh
DAFI,Dafi
DALH,Dalh
DAOB,Tiaret - Bou Chekif
DAOC,Bechar - Ouakda
DAOE,Daoe
DAOF,Tindouf Apt
DAOI,Daoi
DAOL,Daol
DAON,Tlemcen - Zenata
DAOO,Oran - Es Senia
DAOR,Bechar
DAOS,Daos
DAOV,Daov
DAOY,El Bayadh
DATG,In Guezzam
DATM,Bordj Badji Mokhtar
DAUA,Daua
DAUB,Biskra
DAUE,Daue
DAUG,Ghardaia - Noumerat Moufdi Zakaria
DAUH,Hassi Messaoud - Oued Irara
DAUI,In Salah
DAUK,Touggourt
DAUL,Laghouat
DAUO,Guemar
DAUT,Timimoun
DAUU,Ouargla - Ain El Beida
DAUZ,Amenas
DBBB,Cotonou - Cadjehoun
DBBC,Bohicon - Cana
DBBD,Djougou
DBBK,Kandi
DBBN,Natitingou
DBBO,Porga
DBBP,Parakou
DBBR,Bembereke
DBBS,Save
DC03,Washington - Us
DC08,Washington - Whc
DC09,Washington - Helistop
DC17,Washington - Children'S Hospital
DC52,Washington - Sibley Meml Hospital
DDT,Slana - Duffys Tavern
DE00,Felton - Doyle'S
DE02,Delaware State
DE04,Smyrna - Newberg
DE07,Hartly - Flying C
DE09,Magnolia - Johnsons
DE10,Milford - Kimbowrosa Farm
DE11,Milford - Drummond
DE12,Ellendale - Owens
DE14,Bridgeville - Huey
DE15,Seaford - Reliance
DE17,Greenwood - Sugar Hill
DE19,Townsend - Duffy'S
DE20,Townsend - Spirit
DE21,Roxana - West Pvt
DE22,Frankford - Beebe
DE23,Milton - Ockel Farms
DE24,Dover - Elliott
DE25,Milton - Eagle Crest-Hudson
DE26,Newark - Christiana Hospital
DE27,Selbyville - Warrington
DE29,Smyrna - Scotty'S Place
DE32,Felton - Belfair
DE33,Middletown - Okolona Plantation
DE34,Townsend
DE39,Wilmington Hospital
DE49,Georgetown - Josephs
DFCA,Kaya
DFCB,Barsalogho
DFCC,Ouahigouya
DFCD,Didyr
DFCE,Batie
DFCG,Kongoussi
DFCI,Titao
DFCJ,Djibo
DFCK,Koudougou
DFCL,Leo
DFCM,Manga
DFCP,Po
DFCR,Poura
DFCS,Seguenega
DFCT,Tenado
DFCU,Gourcy
DFCY,Yako
DFEA,Boulsa
DFEB,Bogande
DFEC,Komin-Yanga
DFED,Diapaga
DFEE,Dori
DFEF,Fada N'Gourma
DFEG,Gorom-Gorom
DFEK,Koupela
DFEL,Kantchari
DFEM,Tambao
DFEO,Zorgo
DFEP,Pama
DFER,Arly
DFES,Sebba
DFET,Tenkodogo
DFEY,Ouargaye
DFEZ,Zabre
DFFD,Ouagadougou
DFOA,Dano
DFOB,Banfora
DFOD,Dedougou
DFOF,Safane
DFOG,Gaoua
DFOH,Hounde
DFOL,Loumana
DFON,Nouna
DFOO,Bobo Dioulasso
DFOR,Orodara
DFOS,Sideradougou
DFOT,Tougan
DFOU,Diebougou
DFOY,Aribinda
DGAA,Accra - Kotoka
DGLE,Tamale
DGLN,Navrongo
DGLW,Wa
DGLY,Yendi
DGSI,Kumasi
DGSN,Sunyani
DGTK,Sekondi-Takoradi
DIAO,Diao
DIAP,Abidjan - Port Bouet
DIAU,Abengourou
DIBC,Bocanda
DIBI,Boundiali
DIBK,Dibk
DIBN,Bouna
DIBU,Bondoukou - Soko
DIDB,Dabou
DIDK,Dimbokro
DIDL,Didl
DIDV,Didv
DIFK,Ferkessedougou
DIGA,Gagnoa
DIGL,Guiglo
DIGN,Grand-Bereby - Nero-Mer
DIKO,Diko
DIMN,Dimn
DIOD,Odienne
DIOF,Ouango Fitini
DISG,Seguela
DISP,Disp
DISS,Sassandra
DITB,Tabou
DITM,Ditm
DIYO,Yamoussoukro
DN50,Dn50
DN51,Dn51
DN53,Kaduna Old
DN54,Bajoga
DN55,Dn55
DN56,Dn56
DNAA,Abuja - Nnamdi Azikiwe
DNAI,Dnai
DNAK,Akure
DNAS,Asaba
DNBE,Benin
DNBI,Bida
DNCA,Calabar - Margaret Ekpo
DNEN,Enegu - Akanu Ibiam
DNGO,Gombe
DNGU,Gusau
DNIB,Ibadan
DNIL,Ilorin
DNIM,Owerri - Sam Mbakwe
DNJO,Jos - Yakubu Gowon
DNKA,Kaduna Apt
DNKN,Kano - Mallam Aminu
DNMA,Maiduguri
DNMK,Makurdi
DNMM,Lagos - Murtala Muhammed
DNMN,Minna
DNOS,Oshogbo
DNPO,Port Harcourt
DNSO,Sokoto - Abubakar Iii
DNSU,Dnsu
DNTZ,Enfidha
DNYO,Yola
DNZA,Zaria
DRRA,Tessaoua
DRRB,Birni-N'Konni
DRRC,Dogondoutchi
DRRD,Dosso
DRRE,Tera
DRRG,Gaya
DRRI,Bilma
DRRL,Tillabery
DRRM,Maradi
DRRN,Niamey - Diori Hamani
DRRP,La Tapoa
DRRT,Tahoua
DRRU,Ouallam
DRZA,Agadez - Mano Dayak
DRZD,Drzd
DRZF,Diffa
DRZG,Goure
DRZI,Iferouane
DRZL,Arlit
DRZM,Maine-Soroa
DRZN,N'Guigmi
DRZR,Zinder
DRZT,Tanout
DT1,Fort Lauderdale Downtown
DT70,Medenine
DTKA,Tabarka
DTMB,Monastir
DTNH,Dtnh
DTTA,Tunis
DTTB,Sidi Ahmed
DTTD,Remada
DTTF,Gafsa
DTTG,Gabes
DTTI,Borj El Amri
DTTJ,Djerba
DTTR,El Borma
DTTX,Sfax
DTTZ,Tozeur
DXAK,Atakpame - Akpaka
DXDP,Djangou
DXKP,Anie - Kolokope
DXMG,Mango - Sansanne
DXNG,Niamtougou
DXSK,Sokode
DXXX,Lome
E01,Monahans - Roy Hurd Meml
E02,Alamogordo - Timberon
E05,Hatch
E06,Lovington - Lea County Zip
E11,Andrews
E13,Crane
E14,Espanola - Ohkay Owingeh
E16,San Martin
E19,Gruver
E24,Whiteriver
E25,Wickenburg
E26,Jal - Lea County Jal
E30,Ballinger - Bruce
E32,Lindrith
E34,Clarendon - Smiley Johnson
E35,Fabens
E36,Georgetown
E37,Pima - Flying J Ranch
E38,Alpine Casparis
E40,Hickory - Wilson'S
E41,Big Lake - Reagan
E42,Spearman - Cornelius
E45,Groveland - Pine Mountain Lake
E48,Mc Camey - Upton County
E51,Bagdad
E52,Vega - Oldham
E53,Bad Axe - Engler
E55,Gualala - Ocean Ridge
E57,Denver City
E58,Krum - Bird Dog
E60,Eloy Muni
E61,Conchas Dam Lake
E63,Gila Bend Muni
E66,Fowlerville - Maple Grove
E67,Kearny
E68,Maricopa - Estrella Sailport
E70,Seguin - Huber
E75,Erie - Presque Isle
E77,San Manuel
E78,Sells
E79,Fresno - Sierra Sky Park
E81,Superior Muni
E85,Denio
E89,Conchas Dam Lake
E91,Chinle
E92,Estancia
E94,Glenwood
E95,Benson Kerchum
E98,Los Lunas - Mid Valley
EBAM,Mont-De-L'Enclus - Amougies
EBAR,Arlon - Sterpenich
EBAV,Hannut - Avernas Le Bauduin
EBAW,Antwerp
EBBE,Beauvechain
EBBG,Bastogne - Michamps
EBBL,Kleine Brogel
EBBN,Bullingen
EBBO,Bouillon - Mogimont
EBBR,Brussels Apt
EBBT,Brasschaat
EBBW,Bassenge - Wonck
EBBX,Bertrix - Jehonville Air Base
EBBY,Genappe - Baisy-Thy
EBBZ,Pont-A-Celles - Buzet Airstrip
EBCF,Cerfontaine
EBCI,Brussels Charleroi
EBCR,Ciney - Ronvaux
EBCS,Chimay - Saint Remy
EBCV,Chievres
EBDT,Diest - Schaffen
EBFN,Koksijde
EBFS,Florennes
EBGB,Grimbergen
EBGG,Geraardsbergen - Overboelare
EBHE,Heron - Couthuin
EBHN,Hoevenen
EBIS,Isieres - Ath
EBKH,Balen - Balekeiheuvel
EBKT,Wevelgem
EBLB,Butgenbach - Elsenborn
EBLE,Leopoldsburg - Beverlo Air Base
EBLG,Liege Apt
EBLI,Lierneux
EBLN,Eghezee - Liernu
EBMB,Brussels - Melsbroek Air Base
EBMG,Doische - Matagne-La-Petite
EBML,Assesse - Maillen
EBMO,Moorsele
EBNE,Neerpelt
EBNM,Namur - Suarlee
EBNO,Ninove - Outer
EBOR,Vresse-Sur-Semois - Orchimont
EBOS,Ostend
EBSG,Saint Ghislain
EBSH,Saint Hubert Apt
EBSL,Zutendaal
EBSP,Spa
EBST,Sint Truiden
EBSU,Saint Hubert
EBTN,Tienen - Goetsenhoven Air
EBTX,Verviers - Theux
EBTY,Tournai
EBUL,Ursel
EBWE,Weelde
EBZH,Hasselt
EBZR,Zoersel - Oostmalle Air Base
EBZU,Zuinkerke - Zuienkerke
EBZW,Genk
EDAB,Bautzen
EDAC,Altenburg
EDAD,Dessau
EDAE,Eisenhuttenstadt
EDAG,Marienberg - Grosruckerswalde
EDAH,Heringsdorf
EDAI,Neustadt - Segeletz
EDAJ,Gera
EDAK,Grosenhain
EDAM,Merseburg
EDAN,Neustadt-Glewe
EDAO,Nordhausen
EDAP,Cottbus - Neuhausen
EDAQ,Oppin - Halle
EDAR,Pirna
EDAS,Finsterwalde Heinrichsruh
EDAT,Hoyerswerda - Nardt
EDAU,Riesa
EDAV,Eberswalde
EDAW,Roitzschjora
EDAX,Larz - Rechlin Larz
EDAY,Strausberg
EDAZ,Trebbin - Schonhagen
EDBA,Wulfershausen - Arnstadt-Alkersleben
EDBC,Magdeburg - Cochstedt
EDBD,Prenzlau - Emmel
EDBE,Brandenburg Muhlenfeld
EDBF,Fehrbellin - Ruppiner Land
EDBG,Burg
EDBH,Edbh
EDBI,Zwickau
EDBJ,Jena Schongleina
EDBK,Kyritz
EDBL,Laucha An Der Unstrut
EDBM,Magdeburg
EDBN,Edbn
EDBO,Zellendorf - Oehna
EDBP,Pinnow
EDBQ,Bronkow
EDBR,Rothenburg/Oberlausitz
EDBS,Kolleda - Sommerda-Dermsdorf
EDBT,Allstedt
EDBU,Pritzwalk
EDBV,Stralsund
EDBW,Werneuchen
EDBX,Gorlitz
EDBY,Schmoldow
EDBZ,Schwarzheide
EDCA,Anklam
EDCB,Ballenstedt
EDCD,Cottbus
EDCE,Eggersdorf
EDCF,Edcf
EDCG,Rugen
EDCH,Rehmsdorf - Sprossen
EDCI,Bautzen - Klix
EDCJ,Chemnitz
EDCK,Kothen
EDCL,Scharlibbe - Klietz
EDCM,Kamenz
EDCN,Edcn
EDCO,Obermehler
EDCP,Peenemunde
EDCQ,Aschersleben
EDCR,Rerik
EDCS,Saarmund
EDCT,Taucha
EDCU,Gustrow
EDCV,Pasewalk
EDCW,Wismar
EDCX,Rostock - Purkshof
EDCY,Welzow - Spremberg
EDDB,Berlin Brandenburg
EDDC,Dresden
EDDE,Erfurt
EDDF,Frankfurt-Am-Main
EDDG,Munster Osnabruck
EDDH,Hamburg Apt
EDDI,Berlin Tempelhof
EDDK,Cologne
EDDL,Dusseldorf
EDDM,Munich
EDDN,Nuremberg
EDDP,Leipzig
EDDR,Saarbrucken
EDDS,Stuttgart
EDDT,Berlin Tegel
EDDV,Hannover
EDDW,Bremen
EDEB,Bad Langensalza
EDEF,Babenhausen
EDEG,Gotha
EDEH,Hockenheim - Herrenteich
EDEL,Langenlonsheim
EDEM,Homburg - Mosenberg
EDEP,Heppenheim
EDEQ,Muhlhausen
EDER,Gersfeld - Wasserkuppe
EDEW,Walldurn
EDFA,Anspach
EDFB,Reichelsheim
EDFC,Aschaffenburg
EDFD,Bad Neustadt A.D.Saale
EDFE,Egelsbach - Frankfurt
EDFG,Gelnhausen
EDFH,Hahn - Frankfurt
EDFI,Hirzenhain
EDFJ,Hammelburg
EDFK,Bad Kissingen
EDFL,Giesen Lutzellinden
EDFM,Mannheim
EDFN,Marburg
EDFO,Michelstadt
EDFP,Ober-Morlen
EDFQ,Allendorf
EDFR,Rothenburg Ob Der Tauber
EDFS,Schweinfurt
EDFT,Lauterbach
EDFU,Miltenberg - Mainbullau
EDFV,Worms
EDFW,Wurzburg
EDFX,Hockenheim
EDFY,Limburg An Der Lahn - Elz
EDFZ,Mainz
EDGA,Ailertchen
EDGB,Breitscheid
EDGE,Eisenach
EDGF,Fulda
EDGH,Hettstadt
EDGI,Ingelfingen
EDGJ,Ochsenfurt
EDGK,Korbach
EDGL,Dannstadt - Ludwigshafen
EDGM,Mosbach
EDGP,Oppenheim
EDGQ,Schameder
EDGR,Giesen Reiskirchen
EDGS,Edgs
EDGT,Bottenhorn
EDGU,Unterschupf
EDGW,Wolfhagen
EDGX,Walldorf
EDGZ,Weinheim
EDHB,Grube
EDHC,Luchow
EDHE,Uetersen
EDHF,Itzehoe
EDHG,Luneburg
EDHI,Hamburg Finkenwerder
EDHK,Kiel
EDHL,Lubeck
EDHM,Hasenmoor - Hartenholm
EDHN,Neumunster
EDHO,Tornesch - Ahrenlohe
EDHP,Pellworm
EDHS,Stade
EDHU,Lauenbruck
EDHW,Wahlstedt
EDJA,Memmingen
EDKA,Aachen
EDKB,Bonn
EDKD,Altena
EDKF,Bergneustadt
EDKH,Freudenberg - Hunsborn
EDKI,Betzdorf
EDKL,Leverkusen
EDKM,Meschede
EDKN,Wipperfurth
EDKO,Brilon
EDKP,Plettenberg
EDKR,Schmallenberg
EDKU,Attendorn
EDKV,Dahlheim - Dahlemer Binz
EDKW,Werdohl
EDKZ,Meinerzhagen
EDLA,Neheim-Husten - Arnsberg Menden
EDLB,Dulmen - Borkenberge
EDLC,Rheinberg - Kamp-Lintfort
EDLD,Bottrop-Kirchhellen - Dinslaken/Schwarze Heide
EDLE,Edle
EDLF,Grefrath
EDLG,Goch
EDLH,Hamm
EDLI,Bielefeld
EDLJ,Detmold
EDLK,Krefeld
EDLM,Marl
EDLN,Monchengladbach
EDLO,Oerlinghausen
EDLP,Paderborn Lippstadt
EDLR,Paderborn Haxterberg
EDLS,Stadtlohn
EDLT,Munster Telgte
EDLU,Edlu
EDLV,Weeze - Niederrhein
EDLW,Dortmund
EDLX,Wesel
EDLY,Borken
EDLZ,Bad Sassendorf
EDMA,Augsburg
EDMB,Biberach An Der Ris
EDMC,Blaubeuren
EDMD,Dachau
EDME,Eggenfelden
EDMF,Furstenzell
EDMG,Gunzburg
EDMH,Gunzenhausen
EDMI,Illertissen
EDMJ,Jesenwang
EDMK,Kempten
EDML,Landshut
EDMN,Mindelheim
EDMO,Edmo
EDMP,Vilsbiburg
EDMQ,Donauworth
EDMS,Straubing
EDMT,Tannheim
EDMU,Gundelfingen A.D.Donau
EDMV,Vilshofen
EDMW,Deggendorf
EDMY,Muhldorf Am Inn
EDNA,Ampfing
EDNB,Arnbruck
EDNC,Beilngries
EDND,Dinkelsbuhl
EDNE,Erbach
EDNF,Ednf
EDNG,Giengen An Der Brenz
EDNH,Bad Worishofen
EDNI,Berching
EDNJ,Neuburg An Der Donau
EDNK,Kirchdorf Am Inn
EDNL,Leutkirch
EDNM,Nittenau
EDNO,Nordlingen
EDNP,Pfarrkirchen
EDNQ,Bopfingen
EDNR,Regensburg
EDNS,Schwabmunchen
EDNT,Treuchtlingen
EDNU,Thannhausen
EDNV,Vogtareuth
EDNW,Weisenhorn
EDNX,Oberschleisheim
EDNY,Friedrichshafen
EDNZ,Zell Im Fichtelgebirge
EDOA,Auerbach/Vogtl.
EDOB,Bad Berka
EDOC,Gardelegen
EDOD,Reinsdorf
EDOE,Bohlen
EDOF,Bad Frankenhausen
EDOG,Torgau
EDOH,Freiberg - Langhennersdorf
EDOI,Nauen - Bienenfarm
EDOJ,Lusse
EDOK,Rudolstadt
EDOL,Oschersleben
EDOM,Calbe - Klein Muhlingen
EDON,Neuhardenberg
EDOP,Edop
EDOQ,Oschatz
EDOR,Rhinow - Stolln Rhinow
EDOS,Pennewitz
EDOT,Greiz
EDOU,Weimar
EDOV,Stendal
EDOW,Waren
EDOX,Sandersdorf - Renneritz
EDOZ,Schonebeck
EDPA,Aalen
EDPB,Bad Ditzenbach
EDPC,Edpc
EDPD,Dingolfing
EDPE,Eichstatt
EDPF,Schwandorf
EDPG,Pfatter - Griesau
EDPH,Schwabach
EDPJ,Laichingen
EDPK,Seebruck - Schonberg
EDPM,Donzdorf
EDPO,Neumarkt In Der Oberpfalz
EDPQ,Schmidgaden
EDPS,Waldkirchen - Sonnen
EDPT,Gerstetten
EDPU,Bartholoma
EDPW,Thalmassing
EDPY,Ellwangen
EDQB,Bad Windsheim
EDQC,Coburg Brandensteinsebene
EDQD,Bayreuth
EDQE,Ebermannstadt - Burg Feuerstein
EDQF,Ansbach
EDQG,Giebelstadt
EDQH,Herzogenaurach
EDQI,Lauf An Der Pegnitz
EDQK,Kulmbach
EDQL,Lichtenfels
EDQM,Hof
EDQN,Neustadt An Der Aisch
EDQO,Helmbrechts - Ottengruner Heide
EDQP,Speichersdorf - Rosenthal-Fld
EDQR,Ebern
EDQS,Goldlauter-Heidersbach - Suhl-Goldlauter
EDQT,Hasfurt
EDQW,Weiden In Der Oberpfalz
EDQX,Neunkirchen Am Brand - Hetzleser Berg
EDQY,Coburg Steinrucken
EDQZ,Pegnitz
EDRA,Bad Neuenahr
EDRB,Bitburg
EDRD,Neumagen
EDRF,Bad Durkheim
EDRG,Idar-Oberstein
EDRH,Hoppstadten
EDRI,Linkenheim
EDRJ,Saarlouis
EDRK,Koblenz
EDRL,Neustadt An Der Weinstrase - Lachen-Speyerdorf
EDRM,Traben-Trarbach
EDRN,Simmern - Nannhausen
EDRO,Schweighofen
EDRP,Pirmasens
EDRS,Bad Sobernheim
EDRT,Trier
EDRV,Aremberg - Wershofen/Eifel
EDRW,Dierdorf
EDRY,Speyer
EDRZ,Zweibrucken
EDSA,Albstadt
EDSB,Baden-Baden Apt
EDSD,Leipheim
EDSG,Grabenstetten
EDSH,Backnang
EDSI,Binningen
EDSK,Kehl
EDSL,Blumberg
EDSN,Neuhausen Ob Eck
EDSW,Altdorf
EDSZ,Rottweil
EDTB,Baden-Baden Apt
EDTC,Bruchsal
EDTD,Donaueschingen
EDTF,Freiburg Im Breisgau
EDTG,Bremgarten
EDTH,Heubach
EDTK,Edtk
EDTL,Edtl
EDTM,Mengen
EDTN,Nabern
EDTO,Offenburg
EDTP,Pfullendorf
EDTQ,Pattonville
EDTR,Rheinfelden - Herten
EDTS,Villingen-Schwenningen
EDTU,Bad Saulgau
EDTW,Schramberg - Winzeln
EDTX,Schwabisch Hall
EDTY,Schwabisch Hall - Adolf Wurth
EDTZ,Konstanz
EDUA,Stechow-Ferchesar
EDUB,Brandenburg Briest
EDUC,Educ
EDUF,Uebigau-Wahrenbruck - Falkenberg-Lonnewitz
EDUO,Lutherstadt Eisleben - Oberrissdorf
EDUS,Finsterwalde Schacksdorf
EDUW,Demmin - Tutow
EDUY,Welzow
EDUZ,Zerbst/Anhalt
EDVA,Bad Gandersheim
EDVC,Celle
EDVE,Edve
EDVF,Blomberg
EDVG,Mengeringhausen
EDVH,Hodenhagen
EDVI,Hoxter
EDVJ,Salzgitter Schaferstuhl
EDVK,Kassel
EDVL,Trendelburg - Holleberg
EDVM,Hildesheim
EDVN,Northeim
EDVR,Rinteln
EDVS,Salzgitter Drutte
EDVU,Uelzen
EDVW,Bad Pyrmont - Hameln
EDVY,Bad Oeynhausen - Porta Westfalica
EDWA,Bredstedt - Bordelum
EDWB,Bremerhaven
EDWC,Damme
EDWD,Lemwerder
EDWE,Emden
EDWF,Leer
EDWG,Wangerooge
EDWH,Oldenburg
EDWI,Wilhelmshaven
EDWJ,Juist
EDWK,Karlshofen
EDWL,Langeoog
EDWM,Rotenburg (Wumme) - Weser-Wumme
EDWN,Klausheide - Nordhorn-Lingen
EDWO,Osnabruck
EDWP,Wiefelstede
EDWQ,Ganderkesee
EDWR,Borkum
EDWS,Norddeich - Norden
EDWU,Cloppenburg - Varrelbusch
EDWV,Verden (Aller)
EDWX,Westerstede
EDWY,Norderney
EDWZ,Baltrum
EDXA,Bramsche - Achmer
EDXB,Busum - Heide
EDXC,Schleswig
EDXD,Bohmte
EDXE,Rheine
EDXF,Flensburg
EDXG,Melle
EDXH,Helgoland
EDXI,Nienburg/Weser
EDXJ,Husum
EDXK,Leck
EDXL,Barsel
EDXM,Sankt Michaelisdonn
EDXN,Cuxhaven - Nordholz-Spieka
EDXO,Sankt Peter-Ording
EDXP,Harlesiel - Harle
EDXQ,Rotenburg (Wumme)
EDXR,Rendsburg
EDXS,Seedorf
EDXT,Sierksdorf
EDXU,Huttenbusch
EDXW,Westerland
EDXY,Wyk Auf Fohr
EDXZ,Kuhrstedt
EEEI,Keila - Amari Air
EEJI,Johvi
EEKA,Kardla
EEKE,Kuressaare
EEKU,Saarekula - Kihnu
EENA,Narva
EENI,Nurmsi
EEPU,Parnu
EERA,Rapla
EERI,Suurkula - Ridali
EERU,Ringsu - Ruhnu
EETA,Tapa
EETN,Tallinn
EETU,Tartu
EEVI,Viljandi
EFAA,Efaa
EFAH,Oulu - Ahmosuo
EFAL,Alavus
EFET,Enontekio
EFEU,Efeu
EFFO,Forssa
EFGE,Genbole
EFHA,Halli / Kuorevesi
EFHF,Helsinki Malmi
EFHI,Efhi
EFHJ,Haapajarvi
EFHK,Helsinki Vantaa
EFHL,Efhl
EFHM,Efhm
EFHN,Efhn
EFHP,Haapavesi
EFHV,Efhv
EFII,Iisalmi
EFIK,Efik
EFIM,Efim
EFIT,Efit
EFIV,Ivalo
EFJM,Jamijarvi
EFJO,Joensuu / Liperi
EFJP,Efjp
EFJY,Jyvaskylan Maalaiskunta - Jyvaskyla
EFKA,Kauhava
EFKE,Kemi / Tornio
EFKG,Efkg
EFKH,Efkh
EFKI,Kajaani
EFKJ,Efkj
EFKK,Kokkola / Kruunupyy
EFKM,Efkm
EFKN,Efkn
EFKO,Efko
EFKR,Karsamaki
EFKS,Kuusamo
EFKT,Kittila
EFKU,Kuopio / Siilinjarvi
EFKV,Efkv
EFKY,Peippola - Kymi
EFLA,Efla
EFLL,Lammake - Lapinlahti
EFLN,Efln
EFLP,Lappeenranta
EFMA,Efma
EFME,Efme
EFMI,Mikkeli
EFMN,Mantsala
EFMP,Efmp
EFNS,Efns
EFNU,Efnu
EFOP,Oripaa
EFOU,Oulu / Oulunsalo
EFPA,Efpa
EFPH,Efph
EFPI,Efpi
EFPK,Pieksamaki
EFPN,Efpn
EFPO,Pori
EFPU,Efpu
EFPY,Pyhajarvi - Pyhasalmi
EFRA,Efra
EFRH,Efrh
EFRN,Efrn
EFRO,Rovaniemi
EFRU,Efru
EFRV,Efrv
EFRY,Efry
EFSA,Savonlinna
EFSE,Efse
EFSI,Seinajoki / Ilmajoki
EFSJ,Efsj
EFSO,Sodankyla
EFSU,Efsu
EFTO,Efto
EFTP,Tampere / Pirkkala
EFTS,Tampere - Teisko
EFTU,Turku
EFUT,Utti / Valkeala
EFVA,Vaasa
EFVI,Efvi
EFVL,Efvl
EFVP,Efvp
EFVR,Varkaus / Joroinen
EFVT,Efvt
EFVU,Vuotso
EFWB,Efwb
EFYL,Efyl
EG02,Safron Waldon - Audley End
EG03,Badminton
EG10,Breighton Airfield
EG11,Canterbury
EG12,Cromer
EG18,Eshott
EG19,Kirbymoorside - Fadmoor
EG34,Ledbury
EG3L,Eg3L
EG64,York - Raf Rufforth
EG73,Fearn
EG74,Bruntingthorpe
EG78,Out Skerries
EGAA,Belfast Intl
EGAB,Enniskillen - St Angelo
EGAC,Belfast City
EGAD,Newtownards
EGAE,Derry
EGAH,Egah
EGAL,Belfast - Langford Lodge
EGAR,Egar
EGBB,Birmingham
EGBD,Derby
EGBE,Coventry
EGBF,Bedford
EGBG,Leicester
EGBJ,Staverton - Gloucestershire
EGBK,Northampton - Sywell Aerodrome
EGBL,Long Marston
EGBM,Burton Upon Trent - Tatenhill
EGBN,Nottingham
EGBO,Wolverhampton
EGBP,Kemble
EGBR,Breighton Airfield
EGBS,Shobdon
EGBT,Turweston
EGBW,Stratford-On-Avon - Wellesbourne Mountford
EGCB,Manchester / Salford
EGCC,Manchester Apt
EGCD,Manchester Woodford
EGCF,Belton - Sandtoft
EGCJ,Selby - Sherburn-In-Elmet
EGCK,Caernarfon
EGCL,Spalding - Fenland
EGCN,Doncaster
EGCO,Southport - Birkdale Sands
EGCP,Thorne
EGCR,Winsford - Ashcroft
EGCS,Lincoln - Sturgate
EGCT,Whitchurch - Tilstock
EGCV,Shrewsbury - Sleap
EGCW,Welshpool
EGDC,Royal Chivenor Marines
EGDD,Bicester
EGDJ,Upavon
EGDL,Lyneham
EGDM,Amesbury - Mod Boscombe Down
EGDN,Netheravon
EGDO,Predannack Wollas
EGDR,Helston - Rnas Culdrose
EGDT,Wroughton
EGDV,Hullavington
EGDW,Ilminster - Merryfield
EGDX,St. Athan
EGDY,Yeovil - Rnas Yeovilton
EGEC,Campbeltown
EGED,Eday
EGEF,Fair Isle
EGEH,Whalsay
EGEI,Egei
EGEL,Coll Island
EGEN,North Ronaldsay
EGEO,North Connel - Oban
EGEP,Papa Westray
EGER,Stronsay
EGES,Sanday
EGET,Lerwick
EGEW,Westray
EGEY,Colonsay
EGFA,Aberporth
EGFE,Haverfordwest
EGFF,Cardiff
EGFH,Swansea
EGFP,Pembrey
EGGD,Bristol Intl
EGGP,Liverpool John
EGGW,London Luton
EGHA,Shaftesbury - Compton Abbas
EGHB,Maypole
EGHC,Land'S End
EGHD,Plymouth City
EGHE,St. Mary'S
EGHF,Lee-On-Solent
EGHG,Yeovil
EGHH,Bournemouth
EGHI,Southampton Apt
EGHJ,Bembridge
EGHL,Lasham
EGHN,Sandown
EGHO,Andover - Thruxton Aerodrome
EGHP,Basingstoke - Popham
EGHQ,Newquay
EGHR,Chichester
EGHS,Henstridge
EGHU,Burrington - Eaglescott
EGHY,Truro
EGJA,Alderney
EGJB,Saint Peter Port - Guernsey
EGJJ,Saint Helier - Jersey
EGKA,Brighton - Shoreham
EGKB,London Biggin
EGKE,Challock
EGKH,Maidstone - Lashenden
EGKK,London Gatwick
EGKL,Lewes
EGKR,Redhill
EGLA,Bodmin
EGLC,London City
EGLD,Gerrards Cross - Denham Aerodrome
EGLF,Farnborough
EGLG,Hertford - Panshanger Aerodrome
EGLJ,Chalgrove
EGLK,Yateley - Blackbushe
EGLL,London Heathrow
EGLM,Maidenhead - White Waltham
EGLP,Eglp
EGLS,Salisbury - Old Sarum
EGMA,Cambridge - Fowlmere
EGMC,Southend Apt
EGMD,Lydd
EGMF,Bredhurst - Farthing Corner/Stoneacre Farm
EGMH,Manston - Kent
EGMJ,St. Neot'S - Gransden
EGML,Upminster - Damyns Hall Aerodrome
EGNA,Nottingham - Hucknall
EGNB,Brough
EGNC,Carlisle Apt
EGND,Huddersfield
EGNE,Gamston
EGNF,Worksop - Netherthorpe
EGNG,Bagby
EGNH,Blackpool
EGNI,Skegness
EGNJ,Grimsby - Humberside
EGNL,Barrow-In-Furness
EGNM,Leeds Bradford
EGNO,Warton
EGNR,Hawarden
EGNS,Castletown - Isle Of Man
EGNT,Newcastle Apt
EGNV,Durham
EGNW,Lincoln - Wickenby Aerodrome
EGNX,Nottingham - East
EGNY,Beverley
EGOD,Llanbedr
EGOE,Ternhill
EGOM,Spadeadam
EGOQ,Holyhead Island - Raf Mona
EGOS,Shawbury
EGOV,Angelsey - Anglesey
EGOW,Southport - Raf Woodvale
EGOY,Wigtownshire - Raf
EGPA,Orkney Islands - Kirkwall
EGPB,Lerwick - Sumburgh
EGPC,Wick
EGPD,Aberdeen Dyce
EGPE,Inverness
EGPF,Glasgow Intl
EGPG,Cumbernauld
EGPH,Edinburgh
EGPI,Port Ellen - Islay
EGPJ,Egpj
EGPK,Glasgow Prestwick
EGPL,Balivanich - Benbecula
EGPM,Shetland Islands - Scatsta
EGPN,Dundee Apt
EGPO,Stornoway
EGPR,Eoligarry - Barra
EGPT,Perth Scone
EGPU,Balemartine - Tiree
EGPW,Shetland Islands - Unst
EGPY,Thurso - Dounreay
EGQB,Ballykelly
EGQK,Kinloss
EGQL,St. Andrews - Raf Leuchars
EGQS,Lossiemouth
EGSA,East Dereham - Shipdham
EGSC,Cambridge Apt
EGSF,Conington - Peterborough Business
EGSG,Stapleford Tawney
EGSH,Norwich
EGSI,Wisbech - Mashland
EGSJ,Seething
EGSL,Braintree - Andrewsfield
EGSM,Beccles
EGSN,Cambridge - Bourn
EGSO,Stowmarket - Crowfield
EGSP,Peterborough
EGSQ,Clacton-On-Sea
EGSR,Earles Colne
EGSS,London Stansted
EGST,Hadleigh - Elmsett
EGSU,Duxford
EGSV,Old Buckenham
EGSW,Newmarket
EGSX,North Weald Bassett
EGTA,Aylesbury
EGTB,High Wycombe
EGTC,Cranfield
EGTD,Dunsfold
EGTE,Exeter
EGTF,Woking - Fairoaks
EGTG,Bristol Filton
EGTH,Old Warden
EGTK,Kidlington - Oxford
EGTN,Oxfordshire - Enstone Aerodrome
EGTO,Rochester
EGTP,Perranporth
EGTR,Watford - Elstree
EGTU,Dunkeswell
EGTW,Malmesbury - Oaksey Park
EGUB,Benson Raf
EGUD,Abingdon Raf
EGUK,Waterbeach
EGUL,Lakenheath
EGUN,Mildenhall
EGUO,Colerne
EGUP,Fakeham - Raf Sculthorpe
EGUW,Stowmarket - Raf Wattisham
EGUY,St. Ives - Raf Wyton
EGVA,Fairford
EGVN,Brize Norton
EGVO,Odiham
EGVP,Middle Wallop
EGVT,Wethersfield
EGWC,Cosford
EGWE,Henlow
EGWN,Halton
EGWU,London - Raf Northolt
EGXC,Coningsby
EGXD,Dishforth
EGXE,Leeming
EGXG,Church Fenton
EGXH,Thetford - Raf Honington
EGXJ,Cottesmore
EGXP,Scampton
EGXT,Wittering
EGXU,Linton-On-Ouse
EGXV,Leconfield
EGXW,Waddington
EGXY,Newark - Raf Syerston
EGXZ,Topcliffe
EGYD,Cranwell
EGYE,Grantham - Raf Barkston Heath
EGYK,York - Elvington
EGYM,Marham
EGYP,Mount Pleasant Apt
EHAL,Ameland
EHAM,Amsterdam Schiphol
EHBD,Weert - Budel
EHBK,Maastricht
EHDL,Arnhem - Deelen Air
EHDP,Venray - De Peel Air
EHDR,Drachten
EHDS,Lemelerveld - Aero Club Salland
EHEH,Eindhoven
EHGG,Groningen - Eelde
EHGR,Breda - Gilze Rijen Air
EHHO,Hoogeveen
EHHV,Hilversum
EHKD,Den Helder - De Kooy
EHLE,Lelystad
EHLW,Leeuwarden
EHMZ,Middelburg - Midden-Zeeland
EHOW,Ehow
EHRD,Rotterdam
EHSB,Ehsb
EHSE,Hoeven - Seppe
EHST,Stadskanaal
EHTE,Deventer - Teuge
EHTL,Terlet
EHTW,Enschede - Twenthe
EHTX,Texel
EHVK,Uden - Volkel Air
EHWO,Bergen Op Zoom - Woensdrecht Air
EIAB,Abbeyshrule
EIBA,Fingal - Ballyboughal Aerodrome
EIBB,Brittas Bay
EIBN,Bantry
EIBR,Birr
EIBT,Belmullet
EICA,Inverin - Connemara
EICB,Castlebar
EICD,Wexford - Castlebridge
EICK,Cork
EICL,Clonbullogue
EICM,Galway
EICN,Limerick - Coonagh Aerodrome
EICS,Castleforbes
EIDL,Donegal
EIDW,Dublin Apt
EIER,Nenagh - Erinagh
EIGN,Swordlestown - Gowran Grange Aerodrome
EIHN,Hacketstown
EIIM,Inis Mor - Inishmore
EIIR,Inis Oirr - Inisheer Aerodrome
EIKH,Kilrush - Kildare Aerodrome
EIKI,Killenaule
EIKK,Kilkenny
EIKN,Charleston - Ireland
EIKY,Killarney - Kerry
EILT,Letterkenny
EIME,Baldonnel - Casement Air
EIMG,Moneygall
EIMH,Athboy
EIMN,Inis Meain - Inishmaan Aerodrome
EIMY,Thurles - Moyne Aerodrome
EINC,Newcastle Aerodrome
EINN,Shannon
EIPT,Powerscourt
EIRT,Rathcoole
EISG,Sligo
EISP,Spanish Point
EITM,Trim
EITT,Dunshaughlin - Trevet
EIWF,Waterford
EIWT,Leixlip - Weston
EKAE,Aero
EKAH,Aarhus
EKAT,Anholt
EKAV,Avno
EKBI,Billund
EKCH,Copenhagen Kastrup
EKEB,Esbjerg
EKEL,Endelave
EKFU,Fur
EKGH,Gronholt
EKGR,Grenaa
EKHG,Herning
EKHK,Holbaek
EKHO,Holstebro - Lindtorp
EKHS,Hadsund
EKHV,Haderslev
EKKA,Karup
EKKL,Kalundborg
EKKO,Korsor
EKLS,Laeso
EKLV,Lemvig
EKMB,Lolland Falster / Maribo
EKMN,Koster - Kostervig Mon
EKNM,Morso
EKNS,Naksnov - Nakskov
EKOD,Odense
EKPB,Krusa / Padborg
EKRA,Rarup
EKRD,Randers
EKRK,Copenhagen Roskilde
EKRN,Ronne - Bornholm
EKRS,Ringsted
EKSA,Saeby
EKSB,Sonderborg
EKSD,Spjald
EKSN,Sindal
EKSP,Vojens
EKSS,Samso
EKST,Tasinge - Sydfy (Tasinge
EKSV,Skive
EKTD,Tonder
EKTS,Thisted
EKVA,Vandel
EKVB,Viborg
EKVD,Kolding / Vamdrup
EKVG,Vagar
EKVH,Aars
EKVJ,Skjern / Ringkobing - Stauning
EKYT,Aalborg
EK_2,Femo
EK_4,Ek_4
ELLX,Luxembourg
ELNT,Winseler - Noertrange
ELUS,Useldange
ENAE,Amot - Aera
ENAL,Alesund
ENAN,Andenes - Andoya
ENAS,Ny-Alesund
ENAT,Alta
ENBL,Forde - Bringeland
ENBM,Tjukkebygdi - Bomoen
ENBN,Bronnoy - Bronnoysund
ENBO,Bodo
ENBR,Bergen
ENBS,Batsfjord
ENBV,Berlevag
ENCN,Kjevik - Kristiansand
ENDI,Dagali
ENDO,Dokka
ENDU,Malselv - Bardufoss
ENEG,Honefoss - Eggemoen
ENEV,Evenes
ENFA,Froya - Flatval
ENFG,Enfg
ENFL,Floro
ENFY,Fyresdal
ENGK,Engk
ENGM,Oslo
ENGN,Folldal
ENGS,Snasa
ENHA,Hamar - Stafsberg
ENHD,Karmoy - Haugesund
ENHF,Hammerfest
ENHK,Hasvik
ENHN,Enhn
ENHS,Enhs
ENHT,Hattfjelldal
ENHV,Honningsvag - Valan
ENJA,Enja
ENJB,Tonsberg - Jarlsberg
ENKA,Enka
ENKB,Kvernberget
ENKJ,Kjeller
ENKL,Klanten - Gol
ENKR,Kirkenes
ENLI,Farsund - Lista
ENLK,Leknes
ENLU,Lunde Nome
ENMH,Mehamn
ENML,Aro - Molde
ENMS,Enms
ENNA,Lakselv - Banak
ENNK,Narvik
ENNM,Namsos
ENNO,Enno
ENOL,Orland
ENOP,Enop
ENOV,Orsta
ENRA,Mo I Rana
ENRG,Saltdal - Rognan
ENRI,Frya
ENRK,Enrk
ENRM,Rorvik
ENRO,Roros
ENRS,Enrs
ENRV,Reinsvoll
ENRY,Rygge
ENSA,Svea
ENSB,Svalbard
ENSD,Sandane
ENSG,Sogndal
ENSH,Svolvaer
ENSI,Ski
ENSK,Hadsel - Stokmarknes Skagen
ENSN,Geiteryggen - Skien
ENSO,Leirvik - Stord
ENSR,Sorkjosen
ENSS,Vardo
ENST,Alstahaug - Sandnessjoen
ENSU,Sunndalsora - Vinnu
ENTC,Troms
ENTO,Torp
ENTS,Ents
ENTY,Tynset
ENUL,Ulven - Vaksinen Ulve
ENVA,Trondheim
ENVD,Vadso
ENVE,Enve
ENZV,Stavanger
EPAR,Bircza - Arlamow
EPBA,Epba
EPBC,Epbc
EPBD,Bydgoszcz Biedaszkowo
EPBK,Bialystok
EPBP,Biala Podlaska
EPBS,Borne Sulinowo
EPBY,Bydgoszcz Ignacy
EPCE,Lebork - Cewice
EPCH,Czestochowa-Rudniki
EPDA,Darlowek Navy
EPDE,Deblin
EPDR,Drawsko Pomorskie - Ziemsko
EPEK,Elk
EPEL,Epel
EPGD,Gdansk
EPGI,Epgi
EPGL,Epgl
EPGM,Gizycko
EPGO,Sulejowek - Goraszka
EPIN,Epin
EPIR,Epir
EPIW,Krosno - Iwonicz
EPJA,Jastarnia
EPJG,Jelenia Gora
EPJS,Jelenia Gora - Jezow Sudecki
EPKA,Kielce
EPKB,Epkb
EPKE,Ketrzyn
EPKK,Krakow Intl
EPKM,Epkm
EPKN,Epkn
EPKO,Epko
EPKP,Krakow - Pobiednik Wielki
EPKR,Krosno
EPKS,Epks
EPKT,Katowice
EPKW,Czechowice-Dziedzice - Bielsko-Bialo Kaniow
EPKZ,Epkz
EPLB,Lublin Apt
EPLE,Eple
EPLK,Eplk
EPLL,Lodz
EPLN,Olsztynek - Lansk Gryzliny
EPLR,Lublin Radwiec
EPLS,Leszno
EPLU,Eplu
EPLY,Leczyca
EPMB,Epmb
EPMI,Miroslawiec
EPMJ,Mikolajki
EPML,Epml
EPMM,Epmm
EPMO,Warsaw Modlin
EPMR,Sobotka - Miroslawice Private
EPNL,Nowy Sacz
EPNM,Nowe Miasto Nad Pilica
EPNT,Nowy Targ
EPOD,Epod
EPOK,Gdynia - Oksywie
EPOM,Ostrow
EPOP,Opole
EPPB,Pobiedziska - Bednary
EPPC,Pinczow
EPPI,Eppi
EPPK,Poznan Kobylnica
EPPL,Eppl
EPPO,Poznan Lawica
EPPR,Eppr
EPPT,Piotrkow Trybunalski
EPPW,Eppw
EPRA,Radom - Warsaw
EPRG,Rybnik
EPRJ,Rzeszow Apt
EPRP,Radom
EPRU,Czestochowa Apt
EPRZ,Rzeszow Jasionka
EPSC,Goleniow - Szczecin Goleniow Solidarnosc
EPSD,Szczecin
EPSN,Epsn
EPSO,Epso
EPSR,Slupsk
EPST,Stalowa Wola
EPSU,Suwalki
EPSW,Swidnik
EPSY,Szymany - Olsztyn-Mazury
EPTM,Tomaszow Mazowiecki
EPTO,Epto
EPWA,Warsaw Chopin
EPWC,Swiebodzice
EPWK,Wloclawek
EPWR,Wroclaw Apt
EPWS,Wroclaw
EPWT,Epwt
EPZA,Zamosc
EPZG,Babimost - Zielona Gora Babimost
EPZN,Zagan - Tomaszowo
EPZP,Zielona Gora
EPZR,Miedzybrodzie Zywieckie - Zar
ERO,Eldred Rock
ESCF,Linkoping - Malmen Air
ESCM,Uppsala
ESDF,Esdf
ESFA,Hassleholm
ESFH,Hasslosa
ESFM,Moholm
ESFQ,Kosta
ESFR,Rada
ESFS,Sandvik
ESGA,Uddevalla - Backamo
ESGC,Alleberg
ESGD,Tidaholm - Bammelshed
ESGE,Boras - Viared
ESGF,Falkenberg - Morup
ESGG,Gothenburg Landvetter
ESGH,Herrljunga
ESGI,Alingsas
ESGJ,Jonkoping
ESGK,Falkoping
ESGL,Lidkoping
ESGM,Oresten
ESGN,Gotene - Brannebrona
ESGO,Vargarda
ESGP,Gothenburg City
ESGR,Skovde
ESGS,Stromstad - Nasinge
ESGT,Trollhattan
ESGU,Uddevalla - Rorkarr
ESGV,Varberg
ESGY,Saffle
ESIA,Karlsborg
ESIB,Satenas
ESKA,Gimo
ESKC,Eskc
ESKD,Dala Jarna
ESKG,Gryttjom
ESKH,Eksharad
ESKK,Eskk
ESKM,Eskm
ESKN,Stockholm / Nykoping
ESKO,Munkfors
ESKS,Sälen - Salen Scandinavian Mountains
ESKT,Tierp
ESKU,Esku
ESKV,Eskv
ESKX,Bjorkvik
ESMA,Emmaboda
ESMB,Borglanda
ESMC,Eksjo - Ranneslatt
ESME,Eslov
ESMF,Fagerhult
ESMG,Ljungby - Feringe
ESMH,Hoganas
ESMI,Sovdeborg - Sjobo/Sovde
ESMJ,Kagerod
ESMK,Kristianstad
ESML,Landskrona
ESMO,Esmo
ESMP,Anderstorp
ESMQ,Kalmar
ESMS,Malmo
ESMT,Halmstad
ESMU,Almhult - Mockeln
ESMV,Esmv
ESMX,Vaxjo
ESMY,Smalandsstenar
ESMZ,Olanda
ESNA,Esna
ESNB,Solleftea
ESNC,Hede - Hedlanda
ESND,Esnd
ESNE,Overkalix
ESNF,Farila
ESNG,Gallivare
ESNH,Esnh
ESNI,Kubbe
ESNJ,Esnj
ESNK,Kramfors / Solleftea
ESNL,Esnl
ESNM,Esnm
ESNN,Sundsvall/ Harnosand
ESNO,Ornskoldsvik
ESNP,Pitea
ESNQ,Esnq
ESNR,Esnr
ESNS,Skelleftea
ESNT,Esnt
ESNU,Umea
ESNV,Esnv
ESNX,Arvidsjaur
ESNY,Soderhamn
ESNZ,Ostersund
ESOE,Orebro
ESOH,Esoh
ESOK,Karlstad
ESOL,Storvik - Lemstanas
ESOW,Stockholm / Vasteras
ESPA,Lulea
ESPE,Vidsel
ESPG,Boden Army
ESPJ,Espj
ESQO,Esqo
ESSA,Stockholm Arlanda
ESSB,Stockholm Bromma
ESSC,Eskilstuna - Ekeby
ESSD,Essd
ESSE,Stockholm - Ska-Edeby
ESSF,Essf
ESSG,Ludvika
ESSH,Laxa
ESSI,Visingso
ESSK,Gavle / Sandviken
ESSL,Linkoping
ESSM,Lindfors - Brattforshede
ESSN,Norrtalje
ESSP,Norrkoping
ESST,Esst
ESSU,Eskilstuna
ESSV,Visby
ESSW,Vastervik
ESSX,Vasteras - Johannisberg
ESSZ,Vangso
ESTA,Angelholm
ESTF,Fjallbacka
ESTG,Gronhogen
ESTL,Ljungbyhed
ESTT,Vellinge
ESUA,Amsele
ESUB,Arbra
ESUD,Esud
ESUE,Idre
ESUF,Fallfors
ESUG,Gargnas
ESUH,Harnosand - Myran
ESUI,Mellansel
ESUJ,Ange - Talje
ESUK,Esuk
ESUL,Ljusdal
ESUM,Mohed
ESUO,Graftavallen
ESUP,Esup
ESUR,Solleftea - Ramsele
ESUS,Asele
ESUT,Esut
ESUV,Alvsbyn
ESUY,Edsbyn - Edsby
ESVA,Avesta
ESVB,Bunge
ESVG,Djuras - Gagnef
ESVH,Hallefors
ESVK,Katrineholm
ESVM,Malung - Skinnlanda
ESVQ,Koping
ESVS,Siljansnas
ETAD,Trier - Spangdahlem Air
ETAR,Ramstein
ETEJ,Bamberg Breitenau
ETEK,Etek
ETEU,Eteu
ETHA,Altenstadt Army
ETHB,Ethb
ETHC,Ethc
ETHE,Ethe
ETHF,Fritzlar
ETHL,Ethl
ETHM,Ethm
ETHN,Niederstetten
ETHR,Ethr
ETHS,Eths
ETHT,Etht
ETIC,Etic
ETID,Etid
ETIE,Etie
ETIH,Etih
ETIK,Etik
ETIN,Etin
ETME,Etme
ETMN,Etmn
ETNA,Ahlhorn Afb
ETND,Diepholz
ETNG,Etng
ETNH,Etnh
ETNJ,Etnj
ETNL,Rostock
ETNN,Etnn
ETNS,Etns
ETNT,Etnt
ETNU,Etnu
ETNW,Etnw
ETOI,Etoi
ETOR,Etor
ETOU,Wiesbaden Army
ETSA,Etsa
ETSB,Etsb
ETSE,Etse
ETSF,Furstenfeldbruck
ETSH,Etsh
ETSI,Manching
ETSL,Etsl
ETSN,Etsn
ETUO,Gutersloh
ETWM,Etwm
EVAD,Adazi
EVCA,Cesis
EVDA,Daugavpils
EVEA,Yelgava
EVFA,Vainode
EVGA,Lielvarde
EVJA,Jurmala
EVKA,Jekabpils
EVLA,Liepaja
EVPA,Ikshkile
EVRA,Riga
EVRC,Riga - Rumbula Air Base
EVRS,Riga - Spilve Aerodrome
EVTA,Tukums
EVTE,Talsi
EVVA,Ventspils
EXI,Excursion Inlet
EYAL,Alytus
EYBI,Birzai
EYDR,Druskininkai
EYJB,Jubarkas
EYKA,Kaunas Intl
EYKD,Kedainiai
EYKG,Kaunas Gamykla
EYKL,Klaipeda
EYKR,Kazlu Ruda
EYKS,Kaunas - S. Darius
EYKT,Kartena
EYLN,Valenciunai
EYMA,Tirksliai / Mazeikiai
EYMM,Sasnava
EYMO,Moletai
EYNA,Akmene
EYND,Nida
EYPA,Palanga
EYPI,Panevezys Istra
EYPN,Panevezys Apt
EYPP,Panevezys Air
EYPR,Pociunai
EYRD,Rudiskes
EYRK,Rokiskis
EYRO,Rojunai
EYRU,Jonava
EYSA,Siauliai
EYSB,Barysiai
EYSE,Seduva / Siauliai
EYSI,Silute
EYTL,Telsiai
EYUT,Utena
EYVI,Vilnius
EYVK,Kyviskes
EYVP,Paluknys
EYZA,Zarasai
F00,Bonham - Jones
F01,Quanah
F05,Vernon - Wilbarger County
F06,Wellington - Marian
F08,Eufaula
F09,Olustee
F10,Henryetta
F13,Punta Gorda - Shell Creek
F14,Wichita Falls Valley
F15,Holly Hill - Halifax River
F17,Center
F21,Memphis Muni
F22,Perry Muni
F23,Ranger
F30,Sulphur
F31,Kingston - Lake Texoma State
F32,Healdton
F34,Firebaugh
F35,Graford - Kingdom
F36,Cordell Muni
F37,Carrizozo
F41,Ennis Muni
F43,El Dorado Downtown-Stevens
F44,Athens Muni
F45,West Palm Beach North
F46,Rockwall - Ralph M Hall
F47,Apalachicola - St
F49,Slaton
F51,Winnsboro Muni
F53,Mount Vernon - Franklin County
F56,Stamford - Arledge
F57,Winter Haven - Jack Browns
F62,Hayfork
F68,Anadarko
F69,Dallas - Air Park Dallas
F70,Murrieta/Temecula - French Valley
F72,Franklin Fld
F75,Knox City Fld
F78,Weatherford - Horseshoe Bend
F81,Okemah
F82,Lubbock Exec
F85,Morton - Cochran County
F86,Columbia - Caldwell Parish
F87,Farmerville - Union Parish
F88,Jonesboro
F89,Winnsboro Muni
F92,Kingfisher
F95,Blountstown - Calhoun County
F98,Plains - Yoakum County
F99,Holdenville Muni
FA00,Winter Garden Advent
FA01,Port Charlotte Adventhealth
FA02,Sunniland - Big Cypress Ranch
FA03,Sebastian River
FA04,Dunedin - Mease Hospital
FA05,Islamorada - Holiday Isle
FA06,Largo - County Sheriff'S
FA07,Okeechobee Clean
FA08,Polk City - Orlampa Inc
FA09,Fairfield - Gremlin
FA1,Tavares
FA10,Miami - 1000 Museum
FA11,Jennings - Bird
FA12,Gainesville - Shands Helistop
FA13,Cocoa - Treasure Lagoon
FA14,Kissimmee - Orlando Heli-Tours Margaritaville
FA15,Jasper - Hamilton Helistop
FA16,Jay Hospital
FA17,Kissimmee
FA18,La Belle - Devils Garden Strip
FA19,Loxahatchee
FA20,Panama City - Post Electric Inc
FA21,Pembroke Pines - Meml Hospital
FA22,Sarasota - Dove
FA23,Sarasota Meml
FA24,Indiantown - Horseshoe Acres
FA25,Tallahasse - Black Creek Pass
FA26,Havana - Dogwood Farm
FA27,Homosassa - Perrydise
FA28,Fort Pierce - Aas
FA29,Perry - Lumar
FA30,Morriston - Redtail Airstrip
FA32,Perry - Circle P
FA35,Miami - Lindbergh'S Landing
FA36,Chiefland - White Farms
FA37,Naples - Wing
FA38,Oklawaha - Woods And Lakes
FA40,New Port Richey - Hidden Lake
FA41,Jacksonville - Mosquito Control
FA42,Groveland - Sheets
FA43,Carrabelle - Dog Island
FA44,Boynton Beach - Willis
FA45,Lake Wales
FA46,Minneola - Henderson
FA47,Homestead - South
FA49,Ocala - Shady
FA50,Reddick - Wings-N-Wheels
FA51,La Belle - Sky Manor
FA52,Sebring - Advent Hospital Sebring
FA53,Auburndale - Eagles Nest
FA54,Placida - Coral Creek
FA55,Bonifay - Garner
FA56,Gainesville North
FA57,Archer
FA58,Tarpon Springs - Advent Health
FA59,Wellington - Nitv
FA60,Lake Placid - Vince'S
FA61,Jacksonville Shands
FA62,Alachua - Ranch
FA63,Brooksville - Foxraven
FA64,Arcadia - Montgomery Ranch
FA65,Jacksonville Memorial
FA69,Belle Glade - Duda Airstrip
FA70,Lutz - Joseph'S
FA71,Cedar Key - Cedars
FA72,Greenwood - Acres Of Diamonds
FA73,Haines City - Oak Harbor
FA74,Ochopee - Romor Ranch
FA75,Orlando Va
FA76,Miami - Nicklaus Childrens Hospital
FA77,Titusville - Shepherds Point
FA78,St Cloud - Robinestte
FA79,South Daytona - Doan
FA80,Ochopee - Lost Horn Ranch
FA81,Tavernier - Tavernaero Park
FA82,Clermont - South
FA83,Zellwood - Orlando
FA84,Palm Harbor - Lake Tarpon
FA86,Ocala - Early Bird
FA87,North Port Sarasota
FA88,Live Oak - Pittman Oaks
FA89,White Springs - Suwanee Valley
FA90,Port Canaveral
FA91,Orlando - Orange County
FA92,Lake City - Thomas Landing
FA93,Jasper - Dj Farm
FA94,St Cloud - Oneals
FA95,Lake Mary Advent
FA96,Oviedo
FA97,Vero Beach - Office
FA98,Naples - North
FA99,Chehalis - Fantasy
FAAB,Alexander Bay
FAAD,Adelaide Apt
FAAE,Aberdeen Apt
FAAF,Struisbaai - Andrew
FAAG,Aggeneys
FAAK,Askham
FAAL,Alldays
FAAM,Amsterdam Apt
FAAN,Aliwal North
FAAP,Faap
FAAS,Ashton
FABA,Bapsfontein - Microland Flight Park
FABB,Brakpan
FABD,Burgersdorp - Burghersdorp
FABE,Bisho
FABF,Barkley East
FABG,Fabg
FABH,Belfast Aerodrome
FABK,Bushman'S Kloof
FABL,Bloemfontain - Hertzog
FABM,Bethlehem
FABO,Bothaville - Hendrik Potgieter
FABP,Santoy - Black Rock
FABR,Umjindi (Barberton) - Barberton
FABS,Brits
FABT,Bethesda
FABU,Bultfontein
FABV,Brandviei
FABW,Beaufort West
FABX,Virginia - Beatrix
FABZ,Bizana
FACA,Monte Carlo
FACB,Colesberg
FACC,Arathusa
FACD,Cradock
FACE,Ceres Apt
FACF,St Francis
FACH,Cookhouse
FACI,Citrusdal
FACK,Christiana
FACL,Carolina
FACN,Carnarvon
FACO,Cooperton - Alkantpan Copper
FACR,Carltonville
FACT,Cape Town
FACV,Calvinia
FACW,Clanwilliam
FACX,Cathcart
FACY,Stilbaai
FADA,De Aar Apt
FADB,Dwaalboom
FADD,Dundee Apt
FADE,Delmas
FADG,Dordrecht
FADH,Durnacol
FADK,Mubatuba
FADL,Delareyville
FADM,Kokstad
FADN,Durban
FADO,Dendron
FADP,Port Elizabeth - Darlington Dam Lodge
FADQ,Phinda - Zulu Inyala
FADR,Dunnottar
FADS,De Doorns
FADU,Fadu
FADV,Devon
FADX,Koeberg - Delta 200 Airstrip
FADY,De Aar Military
FADZ,Drakensberg Gardens
FAEC,Estcourt
FAED,Edenburg
FAEG,Egnep
FAEL,East London - Ben Schoeman
FAEM,Empangeni
FAEO,Ermelo
FAER,Ellisras
FAES,Eshowe
FAET,Elliot
FAFB,Ficksburg
FAFF,Frankfort Apt
FAFG,Flamingo Vlei
FAFK,Fisantekraal
FAFO,Fort Beaufort
FAFR,Fraseburg - Fraserburg
FAFU,Fraaiuitzicht
FAFW,Kromdraai - Freeway
FAGA,Umzimkulu - Grange
FAGC,Midrand - Grand
FAGG,George
FAGH,Emmaus - Glen Grey
FAGI,Giyani
FAGJ,Gifvlei
FAGL,Groblersdal
FAGM,Johannesburg - Rand
FAGO,Fago
FAGR,Graaff-Reinet
FAGS,Giant'S Castle Game Reserve
FAGT,Grahamstown
FAGV,Gravelotte
FAGW,Magwa
FAGY,Greytown
FAHA,Virginia - Harmony
FAHB,Hartebeespoort - Hartebeespoortdam
FAHC,Howick
FAHD,Humansdorp
FAHE,Hendrina
FAHF,Henry'S Flats
FAHG,Heidelburg
FAHH,Hibberdene
FAHI,Halfweg
FAHJ,Harding
FAHK,Haakdoornboom
FAHL,Hluhluwe
FAHO,Heilbron
FAHP,Hoopstad
FAHR,Harrismith
FAHS,Hoedspruit Afb
FAHT,Hoedspruit Apt
FAHU,H.M.S.Bastard Memorial
FAHV,Hendrik Verwoerd Dam
FAHW,Fahw
FAIA,Itala
FAID,Idutywa
FAIO,Lerulaneng - Odi
FAIS,Nyoni - Isithebe
FAIV,Ingwavuma
FAIW,Indwe
FAJF,Jagersfontain
FAJP,Joubertina
FAJV,Jansenville
FAKA,Kagga Kamma Private Game Reserve
FAKB,Kosi Bay - Kosibaai
FAKD,Klerksdorp - P C Pelser
FAKE,Keimouth
FAKF,Koffee Bay
FAKG,Komati Power Station
FAKH,Kenhardt
FAKI,Kobb Inn
FAKK,Kakamas
FAKL,Kriel
FAKM,Kimberley
FAKN,Mpumalanga
FAKO,Komga
FAKP,Komatipoort
FAKR,Krugersdorp
FAKS,Kroonstad
FAKT,Boschkop - Kitty Hawk
FAKU,Kuruman - Johan Pienaar
FAKV,Koffyfontein
FAKW,Kareedouw
FAKX,Kenton On Sea
FAKZ,Kleinsee
FALA,Johannesburg - Lanseria
FALB,Ladybrand
FALC,Lime Acres
FALD,Londolozi
FALE,Durban - King Shaka
FALF,Loeriesfontein
FALH,Lohathla
FALI,Lichtenburg
FALK,Lusikisiki
FALL,Lydenburg
FALM,Makhado Afb
FALO,Louis Trichardt
FALQ,Ardmore - El Mirador
FALR,Steytlerville
FALS,Somersveld
FALW,Langebaanweg
FALY,Ladysmith
FAMA,Matatiele
FAMB,Middelburg
FAMC,Cape Town - Middelburg 2
FAMD,Malamala
FAMF,Malabar
FAMG,Margate
FAMH,Musina - Musina(Messina
FAMI,Marble Hall
FAMJ,Amerspoort - Majuba Power
FAMK,Mafeking
FAML,Mafeking - Manyani Game Lodge
FAMM,Mafeking - Mmabatho
FAMN,Malelane - Riverside
FAMO,Mossel Bay
FAMP,Matshakatini - Madimbo
FAMQ,Maclear
FAMS,Silveroaks - Morningside Farm
FAMT,Molteno
FAMU,Mkuze
FAMV,Montrose
FAMW,Famw
FAMX,Mbazwana
FAMY,Mammesbury - Malmesbury
FAMZ,Msauli
FANA,Nongoma
FANC,Newcastle Apt
FANG,Ngala
FANH,New Hanover
FANL,Witbank - New Largo
FANS,Nelspruit
FANV,Nieuwoudtville
FANY,Modimolle - Nylstroom
FAOB,Overberg
FAOD,Odendaalsrus
FAOF,Olifantshoek - Jack Duvenhage
FAOH,Oudtshoorn
FAOI,Orient
FAOL,Otthawa - Othawa
FAON,Hluhluwe - L
FAOR,Johannesburg - O. R. Tambo
FAOT,Ottosdal
FAOY,Orkney
FAPA,Port Alfred
FAPC,Prince Albert Apt
FAPD,Pofadder
FAPE,Port Elizabeth
FAPF,Piet Retief
FAPG,Plettenberg Bay
FAPH,Phalaborwa - Hendrik Van Eck
FAPI,Polokwane - Pietersburg
FAPJ,Port St Johns
FAPK,Prieska
FAPL,Pongola
FAPM,Pietermaritzburg
FAPN,Pilanesberg
FAPO,Mankolehlotlo - Pilgrims Rest
FAPP,Potgietersrus - Polokwane
FAPQ,Kruger National Park - Punda Maria(Malia
FAPS,Potchefstroom
FAPT,Postmasburg - Posmasburg Soil
FAPU,Paarl
FAPV,Petrusville
FAPW,Pietersrus
FAPX,Jeffreysbaal - Paradise Beach
FAPY,Parys
FAPZ,Sunlands - Progress
FAQF,Pomfret
FAQR,Potgietersus - Potgietersrus
FAQT,Queenstown Apt
FARA,Daveyton - Petit
FARB,Richards Bay
FARD,Riversdale
FARG,Rustenburg
FARI,Reivilo
FARM,Richmond
FARO,Rooiberg
FARS,Robertson
FARZ,Maasstroom - Reitz
FASA,Sani Pass
FASB,Springbok
FASC,Secunda
FASD,Saldanha-Vredenburg
FASE,Belfast - Sabi Sabi
FASG,Schweizer Reneke
FASH,Stellenbosch
FASI,Springs
FASJ,Saffier
FASK,Swartkop Afb
FASL,Sutherland
FASM,Siteka
FASN,Senekal
FASR,Standerton
FASS,Sishen
FAST,Somerset East
FASU,Sace
FASW,Slurry
FASX,Swellendam - Hendrik Swellengrebel
FASY,Hiltonia - Syferfontein
FASZ,Skukuza
FATA,Tedderfield
FATB,Hoedspruit - Bush
FATD,Welverdiend - Tanda Tula
FATF,Beeshoek - Tommys
FATH,Thohoyandou
FATI,Thabazimbi
FATK,Tsitsikama
FATM,Stutterheim
FATN,Homeward - Thaba Nchu Tar
FATP,Bain'S Vlei - New Tempe
FATR,Qolora - Trennery'S
FATT,Standerton - Tutuka Power
FATW,Tswalo Game Reserve - Witberg Tswalu
FATZ,Tzaneen
FAUB,Underberg
FAUC,Ulco
FAUG,Ugie
FAUH,Uitenhage
FAUL,Ulundi - Prince Mangosuthu Buthelezi
FAUP,Upington - Pierre Van Ryneveld
FAUR,Utrecht
FAUS,Ulusaba
FAUT,Mthatha - K. D. Matanzima
FAVA,Vaalputs
FAVB,Vyrburg - Vryburg
FAVD,Vrede
FAVE,Ventersdorp
FAVF,Verborgenfontein - Verborgenfontei
FAVG,Durban - Virginia
FAVI,Von Abo'S Villa
FAVM,Venetia Mine
FAVP,Vanderbijlpark
FAVR,Vredendal
FAVS,Upington - Vastrap
FAVU,Volksrust
FAVV,Vereeniging
FAVW,Victoria West
FAVY,Vryheid
FAWA,Warmbaths
FAWB,Pretoria - Wonderboom
FAWC,Worcester
FAWD,Wolmeransstad
FAWI,Witbank
FAWK,Waterkloof Afb
FAWL,Williston Apt
FAWM,Welkom
FAWN,Winburg
FAWO,Willowmore
FAWP,Wepener
FAWR,Wavecrest
FAWS,Wesselsbron - Wesselbronn Af
FAWT,Doornbosch - Winterveldt Mine
FAYP,Ysterplaat Afb
FAZA,Zastron
FAZP,Mazeppa Bay
FAZQ,Star
FAZR,Zeerust
FBCO,Camp Okavango
FBFT,Francistown
FBGM,Gumare
FBGZ,Ghanzi
FBJW,Fbjw
FBKE,Kasane
FBKG,Fbkg
FBKR,Khwai River Lodge
FBKY,Kanye
FBLO,Fblo
FBMG,Machaneng
FBML,Molepolole
FBMM,Makalamabedi
FBMN,Maun
FBNN,Nokaneng
FBNT,Nata
FBNW,Gaborone Notwane
FBOK,Okwa
FBOR,Fbor
FBPY,Palapye
FBRK,Rakops
FBSK,Gaborone - Sir Seretse Khama
FBSN,Fbsn
FBSP,Fbsp
FBSR,Serowe
FBSV,Savuti
FBSW,Shakawe
FBTE,Tshane
FBTL,Tuli Lodge - Limpopo Valley
FBTP,Fbtp
FBTS,Tshabong
FBXB,Xaxaba
FBXG,Fbxg
FCBA,La Louila
FCBB,Brazzaville - Maya-Maya
FCBD,Djambala
FCBK,Kindamba
FCBL,Lague
FCBM,Mouyondzi
FCBP,M'Passa
FCBS,Sibiti
FCBT,Loutete
FCBU,Aubeville
FCBY,Nkayi - Yokangassi
FCBZ,Zanaga
FCMA,Mavinza
FCMB,N'Ziba
FCMD,Sidetra
FCMF,Loufoula
FCMG,Gokango
FCMI,Irogo
FCMK,Kele Kibangou
FCML,Leboulou
FCMM,Mossendjo
FCMN,N'Gongo
FCMO,Mandoro
FCMR,Marala
FCMS,Nyanga Apt
FCMY,Legala
FCMZ,N'Zabi
FCOB,Boundji
FCOE,Ewo
FCOG,Gamboma
FCOI,Impfondo
FCOK,Kelle
FCOM,Makoua
FCOO,Owando
FCOS,Souanke
FCOT,Betou
FCOU,Fcou
FCPA,Makabana
FCPB,Bangamba
FCPD,Dolisie - Ngot Nzoungou
FCPE,Leganda
FCPG,Kibangou
FCPI,Loubetsi
FCPK,N'Komo
FCPL,Fcpl
FCPN,Noumbi
FCPO,Pemo
FCPP,Pointe Noire
FCPY,Loukanyi
FD01,Tampa - Rescue
FD02,Orange Springs - Patch O Blue
FD03,Crestview - Five Oaks Estate
FD04,Ocala/Belleview - Leeward Air Ranch
FD05,Tavernier - Mariners Hospital
FD06,Lutz - Lake Bird
FD08,Delray Beach - Antiquers Aerodrome
FD09,Kenansville - Rlm Farms
FD10,Fort Meade - Jubilee Acres
FD12,Kissimmee - Toho
FD13,Panama City Beach - Panhandle Helicopter
FD14,Citra - Paniola Air Ranch
FD15,Jupiter - Tailwinds
FD16,Branford - Flying C Farm
FD17,Homestead - Motorsports Complex Vip
FD18,Tallahassee Meml
FD19,Fort Pierce Hca
FD20,La Belle - Sundance Farms
FD21,Orlando - Moon Landing
FD22,Melrose Landing
FD23,Inverness - Rutland Runway
FD24,Port St. Lucie - Southern Fruit Groves
FD25,Vero Beach - Fly In Ranches
FD26,Graceville - Kirkland
FD27,Glen St Mary - Cuyler
FD28,Orlando Rgnl
FD29,Ocala - Flying Dutchman Ranch
FD30,Fort Pierce - Southeastern
FD31,Fort White - Bradley
FD32,Navarre - Gac Waterfront
FD33,Lakeland - Green Swamp Aerodrome
FD34,Homestead - Motorsports Complex Ems
FD35,Ebro - Redhead
FD36,Orlando East
FD37,St Cloud - Gentry
FD38,West Palm Beach - Wellington
FD39,Okeechobee - Ranch
FD40,Okeechobee - Amistad
FD41,Kissimmee - Grand Cypress Resort
FD42,Live Oak - Cooksey Brothers
FD43,Orlando - Summer Lakes
FD44,Crescent City - Eagles Nest Aerodrome
FD45,Fort Walton Beach
FD46,Frostproof - Goddard Seadrome
FD47,Gulf Breeze
FD48,Jacksonville - Deep Forest
FD49,Lake Panasoffkee - Ranch
FD50,Luraville - The Trails
FD51,Summerland Key
FD52,St Cloud Orland
FD53,Dade City - Cub Haven
FD55,Havana - Rutten Airstrip
FD56,Crescent City - Inhome Medical Landing
FD57,Fort Pierce - Baggett
FD58,Jacksonville - Ascension St
FD59,Dade City - Field
FD61,Live Oak - Red Barn Acres
FD63,Jasper - Squires Aviation Ranch
FD64,St Petersburg - Administration
FD65,Bartow High
FD66,Cape Coral
FD67,Fort Myers - Lee
FD68,Mount Dora - Jones Brothers
FD69,Winter Garden - Lake Apopka
FD70,Okeechobee - River Acres
FD71,Branford - O'Brien
FD72,Lake Placid - Kings Port
FD73,Stuart - Neshama
FD74,West Melbourne - Gamebird Groves Airstrip
FD75,Zephyrhills Advent
FD76,Jacksonville - Thomas Contracting
FD77,Wimauma
FD78,Groveland - Kennedy
FD79,Belleview - Jordan
FD80,Old Town - Manatee
FD81,Gainesville - Gleim
FD82,Plantation
FD83,Kissimmee - Stout
FD84,Lake City - Delta
FD85,Arcadia - Hospital
FD86,Deland - Deep Woods Ranch
FD87,Jacksonville Pre-Trial
FD88,Fort Pierce - Aero Acres
FD89,Century - Collier/Pine Barren
FD90,De Leon Springs - Lafayette Landings
FD91,Fernandina Beach - Nassau
FD92,Geneva - Southerland Strip
FD93,Holt - Yellow River Airstrip
FD94,Chipley - Hartzog
FD95,Branford - White
FD96,Inverness Hca
FD97,Naples Community
FD98,Winter Springs - Ferguson
FD99,Orlando - Hospital
FDBM,Big Bend - Matata
FDBS,Big Bend
FDBT,Big Bend - Tambuti
FDGL,Lavumisa
FDKB,Kubuta B
FDMH,Mhlume
FDMS,Manzini - Matsapha
FDNG,Ngonini - Piggs Peak
FDNH,Nhlangano
FDNS,Nsoko
FDSK,Fdsk
FDSM,Simunye
FDST,Siteki
FDTM,Tambankulu
FDTS,Tshaneni
FDUB,Big Bend - Ubombo Ranches
FEFA,Alindao
FEFB,Obo - Poste
FEFC,Carnot
FEFD,Damara
FEFE,Mobaye Mbanga
FEFF,Bangui
FEFG,Bangassou
FEFI,Birao
FEFK,Kembe
FEFL,Bossembele
FEFM,Bambari
FEFN,N'Dele
FEFO,Bouar
FEFP,Paoua
FEFQ,Kaga-Bandoro
FEFR,Bria
FEFS,Bossangoa
FEFT,Berberati
FEFU,Sibut
FEFW,Ouadda
FEFY,Yalinga
FEFZ,Zemio
FEGB,Bambouli
FEGC,Bocaranga
FEGD,Dekoa
FEGE,Mboki - M'Boki
FEGF,Batangafo
FEGG,Gamboula
FEGI,Grimari
FEGL,Melle - Gordil
FEGM,Bakouma
FEGO,Ouanda Djalle
FEGR,Rafai
FEGU,Bouca
FEGZ,Bozoum
FGAB,Fgab
FGBT,Fgbt
FGMY,Fgmy
FGSL,Malabo
FHAW,Georgetown - Ascension
FHSH,Fhsh
FIMA,Vingt Cinq - Agalega Island Airstrip
FIMP,Port Louis - Seewoosagur Ramgoolam
FIMR,Port Mathurin - Charles Gaetan Duval
FJDG,Camp Justice - Diego Garcia Nsf
FKAB,Banyo
FKAF,Bafia
FKAG,Abong M'Bang
FKAN,Nkongsamba
FKAO,Betare Oya
FKKB,Kribi
FKKC,Tiko
FKKD,Douala
FKKE,Eseka
FKKF,Mamfe
FKKG,Bali
FKKH,Kaele
FKKI,Batouri
FKKJ,Yagoua
FKKL,Maroua - Salak
FKKM,Foumban
FKKN,N'Gaoundere
FKKO,Bertoua
FKKR,Garoua
FKKS,Dschang
FKKT,Tibati
FKKU,Bafoussam
FKKV,Bamenda
FKKW,Ebolowa
FKKY,Yaounde Apt
FKYS,Yaounde Nsimalen
FL00,Zolfo Springs - Ranch
FL01,Avon Park - Crews Homestead Ranch
FL02,Branford - Fox
FL03,Sumterville - Nr3 Farms
FL04,Caryville - Pate Lake
FL05,Orlando - Geico Helistop
FL06,Kissimmee - Pav
FL07,Live Oak - Wings N Sunsets
FL08,Florida Sheriffs
FL09,Live Oak - Kittyhawk Estates
FL10,Mc Alpin - Little River
FL11,Macclenny - Thrifts
FL12,Miccosukee - Ingalls
FL13,Middleburg - Spencer'S
FL14,St. Petersburg - Hospital
FL15,Orlando
FL16,Auburndale - Market World
FL17,Niceville - Ruckel
FL18,O'Brien - Farms
FL19,Ocala - Crosswind Farm
FL20,The Villages - Hospital
FL22,Port St Lucie
FL23,Navarre Ascension
FL24,Pensacola West
FL25,Miami Hca
FL26,Fort Myers - Mp25
FL27,Lake City Airpark
FL28,Raiford - State Prison
FL29,Fort Pierce - Hales 700
FL30,New Port Richey West
FL31,Miami - Mjd
FL32,New Port Richey Hca
FL33,Trenton - Watson Flight Strip
FL34,Valparaiso - Eglin Aux
FL35,Lutz - Geraci
FL36,Labelle - Lykes Silver Lake
FL37,Port St. Lucie - Treasure Coast
FL38,Tampa - Care Flight
FL39,West Palm Beach - Wellington Medical Center
FL40,Arcadia - Hummingbirds Landing
FL41,South Bay - Okeelanta
FL42,Winter Haven - King Seaaero
FL43,Lakeland - Burntwood Ranch
FL44,Daytona Beach - Smokey'S
FL45,Bradenton - Manatee Meml Hospital
FL46,Orlando Health
FL47,Boynton Beach - Bethesda
FL48,Worthington Springs - Sierra
FL49,Ocala - Bernie Little
FL50,Lake City - Rossi
FL51,West Palm Beach - Wptv
FL52,Tallahassee - Angel'S
FL53,Marianna - Joey Anderson
FL54,Worthington - Flying Tiger
FL55,Sanford
FL56,Hollywood
FL57,Apopka - Carter
FL58,Belleview - Johary
FL59,Lehigh Acres - Buckingham
FL60,Green Cove Springs - Reynolds
FL61,Ocala - Mc Ginley
FL62,Deland - Bradshaw Tree Farm
FL63,Kissimmee - Westgate Villas Helipad
FL64,Miami Gardens - Practice
FL65,Apalachicola - George E Weems
FL66,Archer - Peach Orchard
FL67,Fort Pierce - Evans Properties Inc
FL68,Ocala - Sheriff'S
FL69,Davie - Llc
FL70,Tampa - Wfla-Tv 8
FL71,De Funiak Springs - Pennington
FL72,Tampa - Mezrah
FL73,Windermere - Orlando Health
FL74,Vero Beach - Indian River Aerodrome
FL75,Fort Drum - Indian Hammock
FL76,Orlando - Heli-Partners I-Drive
FL77,Miles City - Calusa Ranch
FL78,Brandon - Lewis
FL79,Miami Gardens - Fpl Rmo
FL80,Lowell - Lee Farms
FL81,Crestview - Triple B
FL82,Interlachen - Oak Ridge
FL83,Panama City - Whiskey Throttle
FL84,Fernandina Beach - Flying-A-Ranch
FL85,Pensacola - Baptist Hospital
FL86,Fort Myers - Woodstock
FL87,North Miami Beach - Intra Coastal Police
FL88,La Belle - Bob Paul
FL89,Vero Beach - Triple M
FL90,Fort Myers - Salty Approach
FL91,Miami - Jackson
FL92,Tampa - L M Hughey
FL93,Miami Beach - Center
FL94,Miami Helistop
FL95,Winter Beach - Broocke Air Patch
FL96,St Augustine Baptist
FL97,Zellwood - Tangerine
FL98,Miami - Kelly Tractor Company
FL99,Fruitland Park - Flying-H
FLAT,Katete
FLBA,Mbala
FLCC,Chocha
FLCH,Choma
FLCP,Chipata
FLCS,Chinsali
FLEA,Bwambwa - East
FLEB,Mofu - East
FLEC,Luano - East
FLED,Mululowera - East
FLEE,Chidulka - East
FLEF,Chiwanangala - East
FLEG,Kanshela - East
FLEH,Kapu - East
FLIK,Isoka
FLJK,Lower Zambezi National Park - Jeki Airstrip
FLKB,Kawambwa
FLKE,Kasompe
FLKG,Kalengwa
FLKJ,Kanja
FLKK,Lusaka - Kenneth Kaunda
FLKL,Kalabo
FLKO,Kaoma
FLKS,Kasama
FLKU,Kanyau
FLKW,Kabwe - Milliken
FLKY,Kasaba Bay
FLKZ,Nansolo - Lukuzi
FLLA,Luanshya
FLLC,Lusaka City
FLLD,Lundazi
FLLG,Luwingu
FLLI,Livingstone
FLLK,Lukulu
FLLO,Kalomo
FLLS,Lusaka Intl
FLMA,Mansa
FLMB,Maamba
FLMF,Mfuwe
FLMG,Mongu
FLMK,Mkushi
FLML,Mufulira
FLMO,Monze
FLMP,Mpika
FLMU,Mulobezi
FLMW,Mwinilunga
FLMZ,Mazabuka
FLNA,Ngoma
FLND,Ndola
FLNL,Namwala
FLNY,Nyimba
FLPA,Kasempa
FLPE,Petauke
FLPK,Mporokoso
FLPO,Kabompo
FLRO,Rosa
FLRU,Rufansa
FLSE,Serenje
FLSH,Shiwa N'Gandu
FLSJ,Sakeji
FLSK,Ndola - Simon Mwansa
FLSN,Senanga
FLSO,Kitwe - Southdowns
FLSS,Sesheke
FLSW,Solwesi
FLT,Flat
FLWA,Chinka - West
FLWB,Metamba - West
FLWC,Nyoka - West
FLWD,West Four
FLWE,Lipanda - West
FLWF,Kauni - West
FLWG,Chanika - West
FLWW,Waka Waka
FLYA,Samfya
FLZB,Zambezi
FM43,Fm43
FMCH,Moroni - Prince Said Ibrahim
FMCI,Moheli
FMCN,Moroni - Iconi
FMCV,Ouani
FMCZ,Dzaoudzi
FMEE,St Denis - Roland Garros
FMEP,St Pierre - Pierrefonds
FMFE,Moramanga
FMFZ,Betainomby
FMMA,Fmma
FMMC,Malaimbandy
FMME,Antsirabe
FMMG,Antsalova
FMMH,Mahanoro
FMMI,Antananarivo - Ivato
FMMJ,Ambohijanahary
FMMK,Ankavandra
FMML,Belo Sur Tsiribihina
FMMN,Fmmn
FMMO,Maintirano
FMMP,Amparafaravola
FMMQ,Ilaka - Atsinanana
FMMR,Morafenobe
FMMS,Fmms
FMMT,Fmmt
FMMU,Tambohorano
FMMV,Fmmv
FMMX,Tsiroanomandidy
FMMY,Vatomandry
FMMZ,Ambatondrazaka
FMNA,Fmna
FMNC,Mananara Nord
FMND,Fmnd
FMNE,Fmne
FMNF,Befandriana - Avaratra
FMNG,Port Berge
FMNH,Fmnh
FMNJ,Ambanja
FMNL,Fmnl
FMNM,Fmnm
FMNN,Nosy Be - Fascene
FMNO,Soalala
FMNP,Mampikony
FMNQ,Fmnq
FMNR,Fmnr
FMNS,Fmns
FMNT,Tsaratanana
FMNV,Fmnv
FMNW,Antsohihy - Ambalabe
FMNX,Mandritsara
FMNZ,Fmnz
FMSA,Ambalavao
FMSB,Beroroha - Antsoa
FMSC,Mandabe
FMSD,Tolanaro
FMSE,Betroka
FMSF,Fmsf
FMSG,Fmsg
FMSI,Ihosy
FMSJ,Manja
FMSK,Fmsk
FMSL,Bekily
FMSM,Fmsm
FMSN,Tanandava - Samangoky
FMSR,Fmsr
FMST,Fmst
FMSU,Vangaindrano
FMSV,Betioky
FMSY,Ampanihy
FMSZ,Ankazoabo
FN17,Cahama
FN18,Matala
FN19,Cabo Ledo
FNAM,Ambriz
FNBC,Mbanza Congo
FNBG,Benguela
FNBJ,Luanda - Antonio Agostinho
FNCA,Cabinda
FNCB,Camembe
FNCC,Cacolo
FNCF,Cafunfo
FNCH,Chitato
FNCM,Camabatela
FNCP,Fncp
FNCT,Catumbela
FNCV,Cuito Cuanavale
FNCX,Camaxilo
FNCZ,Cazombo
FNDB,Damba
FNDU,Chitato - Dundo
FNGI,Ngiva - Ngjiva Pereira
FNHU,Huambo - Nova Lisboa
FNKU,Kuito
FNLB,Lobito
FNLK,Lucapa
FNLU,Luanda - Quatro De Fevereiro
FNLZ,Luzamba
FNMA,Malanje
FNME,Menongue
FNMO,Namibe
FNMQ,Maquela Do Zombo
FNNG,Negage
FNPA,Port Amboim
FNPB,Sanza Pombo
FNSA,Saurimo
FNSO,Soyo
FNSU,Sumbe
FNTO,Toto
FNUA,Luau
FNUB,Lubango
FNUE,Luena Apt
FNUG,Uige
FNWK,Waco Kungo
FNXA,Xangongo
FNZE,N'Zeto
FNZG,Nzagi
FOGA,Foga
FOGB,Booue
FOGE,Ndende
FOGF,Fougamou
FOGG,M'Bigou
FOGI,Moabi
FOGJ,N'Djole - Ville
FOGK,Koulamoutou
FOGM,Mouila - Mouilla Ville
FOGO,Oyem
FOGQ,Okondja
FOGR,Lambarene
FOGV,Minvoul
FOGW,Fogw
FOOB,Bitam
FOOC,Cocobeach
FOOD,Moanda
FOOE,Mekambo
FOOG,Port Gentil
FOOH,Omboue
FOOI,Fooi
FOOK,Makokou
FOOL,Libreville - Leon M Ba
FOOM,Mitzic
FOON,Franceville - M'Vengue El Hadj
FOOR,Lastourville
FOOS,Sette Cama
FOOT,Tchibanga
FOOY,Mayumba
FPPR,Principe
FPST,Sao Tome
FQ49,Vila Franca Do Save
FQAG,Angoche
FQBI,Bilene
FQBR,Beira
FQCB,Cuamba
FQCH,Chimoio
FQFU,Furancungo
FQIA,Inhaca
FQIB,Fqib
FQIN,Inhambane
FQLC,Lichinga
FQLU,Lumbo
FQMA,Maputo
FQMD,Mueda
FQMP,Mocimboa Da Praia
FQMR,Marrupa
FQNC,Nacala
FQNP,Nampula
FQPB,Pemba / Porto Amelia
FQPO,Ponta Do Ouro
FQQL,Quelimane
FQSG,Songo
FQTT,Tete - Chingozi
FQUG,Ulongwe
FQVL,Vilanculo - Vilankulo
FQXA,Xai-Xai
FSAL,Alphonse Island
FSAS,Assumption Island
FSDA,Darros Island
FSDR,Desroches Island
FSFA,Farquhar Group
FSIA,Mahe Island - Seychelles
FSMA,Marie-Louise Island
FSPL,Platte Island
FSPP,Praslin Island
FSSB,Bird Island
FSSC,Coetivy Island
FSSD,Denis Island
FSSF,Fregate Island
FSSR,Remire Island
FTTA,Sarh
FTTB,Bongor
FTTC,Fttc
FTTD,Fttd
FTTE,Biltine
FTTF,Fada
FTTG,Goz-Beida
FTTH,Lai
FTTI,Ati
FTTJ,N'Djamena
FTTK,Bokoro
FTTL,Bol
FTTM,Mongo
FTTN,Am Timan
FTTP,Pala
FTTR,Zouar
FTTS,Bousso
FTTU,Mao
FTTY,Ftty
FTTZ,Bardai Zougra
FV76,Fv76
FV77,Fv77
FVAB,Aberdeen Apt
FVAE,Braebourne
FVBB,Fvbb
FVBI,Binga Apt
FVBL,Mabalauta
FVBM,Bumi
FVBO,Bosbury
FVBU,Bulawayo - Joshua Mqabuko Nkomo
FVCC,C.C. Strip
FVCD,Chirundu
FVCE,Celina
FVCH,Chipinge
FVCM,Cam+Motor
FVCN,Fvcn
FVCP,Harare - Charles Prince
FVCR,Chizarira
FVCV,Chivu
FVCZ,Chiredzi - Buffalo Range
FVDA,Dawsons
FVDE,Deka
FVDU,Dudley
FVED,Eduan
FVFA,Victoria Falls
FVFG,Fothergill
FVFI,Filabusi
FVGD,Gwanda
FVGO,Fvgo
FVGR,Fvgr
FVGT,Gaths Mine
FVGW,Gweru
FVHA,Harare
FVHP,Home Park
FVHY,Chiredzi - Hippo Valley
FVIN,Induna
FVIT,Itafa
FVKB,Kariba
FVKK,Kwekwe
FVKW,Mkwasine
FVKZ,Kezi
FVLA,Langford
FVLG,Longuiel
FVLU,Lusulu
FVMA,Marondera
FVMB,Mashumbi
FVMD,Fvmd
FVMF,Mabikwa
FVMH,Fvmh
FVMK,Mkonono
FVMN,Mana Pools
FVMS,Middle Sabi
FVMT,Mutoko
FVMU,Fvmu
FVMV,Masvingo
FVMW,Murewa
FVNY,Nyanyadzi
FVOT,Fvot
FVPL,Plumtree
FVRA,Ratelshoek
FVRE,Renroc
FVRT,Rutenga
FVRU,Rusape
FVSC,Fvsc
FVSE,Sanyati Estate
FVSH,Fvsh
FVSN,Sun Yet Sen
FVSV,Spray View
FVSX,Sengwa Gorge
FVSY,Siyalima
FVTA,Tashinga
FVTD,Tinfields
FVTE,Tengwe
FVTJ,Tonje
FVTL,Gweru - Thornhill Air
FVTS,Tsholothso
FVTU,Tuli
FVWD,Wedza
FVWN,Hwange Park
FVWT,Hwange Apt
FVYT,Inyati
FVZC,Zisco
FVZK,Zaka
FWBG,Bangula
FWCB,Chilumba
FWCD,Fwcd
FWCL,Blantyre - Chileka
FWCM,Club Makokola
FWCS,Ntchisi
FWCT,Chitipa
FWDW,Dwangwa
FWDZ,Dedza
FWKA,Karonga
FWKB,Katumbi
FWKG,Kasungu
FWKI,Lilongwe Intl
FWKK,Nkhota Kota
FWLE,Lilongwe Apt
FWLK,Likoma Island
FWLP,Lifupa
FWMC,Mchinji
FWMG,Mangochi
FWMY,Monkey Bay
FWMZ,Mzimba
FWNB,Ngabu
FWSJ,Nsanje
FWSM,Salima
FWSU,Fwsu
FWTK,Mtakatata
FWUU,Mzuzu
FWZA,Zomba
FXBB,Bobete
FXKA,Katse
FXKB,Kolberg
FXLK,Lebakeng
FXLR,Leribe
FXLS,Lesobeng
FXLT,Letseng
FXMA,Matsaile
FXMF,Mafeteng
FXMH,Mohale'S Hoek
FXMK,Mokhotlong
FXML,Malefiloane
FXMM,Maseru - Moshoeshoe I
FXMN,Mantsonyane
FXMP,Mohlanapeng
FXMS,Mashai Store
FXMT,Matabeng Store
FXMU,Maseru - Mejametalana Airbase
FXMV,Matabeng Village
FXNH,Nohanas
FXNK,Nkaus
FXPG,Pelaneng
FXQG,Quthing
FXQN,Qacha'S Nek
FXSE,Sehlabathebe
FXSH,Sehonghong
FXSK,Sekakes
FXSM,Semonkong
FXSS,Seshutes
FXST,St. Theresa
FXTA,Thaba-Tseka
FXTB,Tebellong
FXTK,Tlokoeng
FYAA,Fyaa
FYAB,Aroab
FYAM,Aminuis
FYAR,Arandis
FYAS,Aus
FYAV,Ariamsvley
FYBC,Bethanien
FYBJ,Bitterwasser
FYEK,Epukiro
FYEN,Eenhana
FYGB,Gobabis
FYGC,Gochas
FYGF,Grootfontein
FYGK,Fygk
FYGL,Omaruru Game
FYGV,Fygv
FYHH,Helmeringhausen
FYHI,Fyhi
FYHS,Hobas
FYIA,Fyia
FYKA,Karibib
FYKB,Fykb
FYKD,Kalkfeld
FYKE,Fyke
FYKJ,Kamanjab
FYKM,Mpacha - Katima
FYKT,Keetmanshoop
FYLS,Muneambuanas - Lianshulu
FYLZ,Luderitz
FYMB,Meob Bay
FYME,Fyme
FYMG,Fymg
FYMH,Maltahoehe
FYML,Mariental
FYMO,Mokuti Lodge
FYNA,Namutoni
FYNG,Fyng
FYOA,Ondangwa
FYOE,Omega
FYOG,Oranjemund
FYOJ,Outjo
FYOM,Omaruru Apt
FYON,Okahandja
FYOO,Okaukuejo
FYOP,Fyop
FYOS,Fyos
FYOU,Operet
FYOW,Otjiwarongo
FYPO,Fypo
FYRC,Ruacana
FYRP,Rosh Pinah
FYRR,Fyrr
FYRU,Rundu
FYSA,Rosh Pinah - Skorpion Mine
FYSL,Fysl
FYSM,Swakopmund
FYSN,Osona
FYSO,Solitaire
FYSP,Stampriet
FYSS,Fyss
FYST,Fyst
FYTE,Fyte
FYTK,Tsumkwe
FYTM,Tsumeb
FYUS,Uis Mine
FYWB,Walvis Bay
FYWD,Fywd
FYWE,Windhoek - Eros
FYWH,Windhoek - Hosea Kutako
FYWI,Witvlei
FYXX,Fyxx
FZAA,Kinshasa - Ndjili
FZAB,Fzab
FZAD,Celo Zongo
FZAE,Kimpoko
FZAF,Nsangi
FZAG,Fzag
FZAH,Tshela
FZAI,Fzai
FZAJ,Boma
FZAL,Luozi
FZAM,Matadi - Tshimpi
FZAN,Inga
FZAP,Lukala
FZAR,Nkolo Fuma
FZAS,Inkisi
FZAU,Konde
FZAW,Kwilu-Ngongo
FZAX,Luheki
FZAY,Mvula Sanda
FZBA,Inongo
FZBB,Bongimba
FZBC,Bikoro
FZBD,Oshwe
FZBE,Beno
FZBF,Bonkita
FZBG,Kempa
FZBH,Isongo
FZBI,Nioki
FZBJ,Mushie
FZBK,Boshwe
FZBL,Djokele
FZBN,Malebo
FZBO,Fzbo
FZBP,Bolongonkele
FZBQ,Bindja
FZBS,Semendua
FZBT,Kiri - Basango Mboliasa
FZBU,Ipeke
FZBV,Kempile
FZBW,Basengele
FZCA,Fzca
FZCB,Idiofa
FZCD,Vanga
FZCE,Lusanga
FZCF,Kahemba
FZCI,Banga
FZCK,Kajiji
FZCL,Banza Lute
FZCM,Mangai Ii
FZCO,Boko
FZCP,Popokabaka
FZCR,Busala
FZCS,Kenge
FZCT,Fatundu
FZCU,Ito
FZCV,Masi Manimba
FZCW,Kikongo Sur Wamba
FZCX,Kimafu
FZCY,Yuki
FZDA,Malanga
FZDB,Kimbau
FZDD,Wamba Luadi
FZDE,Tono
FZDF,Nzamba
FZDG,Nyanga Apt
FZDH,Ngi
FZDJ,Mutena
FZDK,Kipata Katika
FZDL,Kolokoso
FZDM,Masamuna
FZDN,Mongo Wa Kenda
FZDO,Moanza
FZDP,Mukedi
FZDQ,Mazelele
FZDR,Bokela
FZDS,Yasa Bongo
FZDT,Matari
FZDU,Kimpangu
FZDY,Missayi
FZEA,Mbandaka
FZEB,Monieka
FZEI,Ingende
FZEM,Yembe Moke
FZEN,Basankusu
FZEO,Beongo
FZEP,Mentole
FZER,Kodoro
FZES,Ngumu
FZFA,Libenge
FZFB,Imesse
FZFC,Engengele
FZFD,Fzfd
FZFE,Abumumbazi
FZFF,Bau
FZFG,Bokada
FZFH,Mokaria-Yamoleka
FZFJ,Goyongo
FZFK,Gemena
FZFL,Kala
FZFN,Lombo
FZFP,Fzfp
FZFQ,Mpaka
FZFR,Mombongo
FZFS,Karawa
FZFT,Tandala
FZFU,Bumbar
FZFV,Gbado
FZFW,Gwaka
FZGA,Fzga
FZGB,Bosondjo
FZGC,Bolila
FZGE,Binga Apt
FZGF,Bokungu
FZGG,Mondombe
FZGH,Wema
FZGI,Yalingimba
FZGN,Boende
FZGT,Boteka
FZGV,Ikela
FZGX,Monkoto
FZGY,Yemo
FZIA,Fzia
FZIC,Kisangani - Bangoka
FZIG,Km 95 Cfl
FZIK,Katende
FZIR,Yangambi
FZIZ,Lokutu
FZJB,Doko
FZJC,Dungu-Uye
FZJD,Doruma
FZJF,Aba
FZJH,Fzjh
FZJI,Watsa
FZJK,Faradje
FZJN,Luniemu
FZJR,Kere Kere
FZKA,Fzka
FZKB,Bambili-Dingila
FZKC,Mahagi
FZKF,Kilomines
FZKI,Yedi
FZKJ,Fzkj
FZKN,Aketi
FZKO,Ango
FZMA,Fzma
FZMB,Butembo - Rughenda
FZMC,Mulungu
FZMD,Nzovu
FZMK,Bulongo Kigogo
FZMP,Kimano Ii
FZMW,Shabunda
FZNA,Goma
FZNB,Katale
FZNC,Rutshuru
FZNF,Lubero
FZNI,Ishasha
FZNK,Katanda Rusthuru
FZNP,Beni
FZNQ,Obaye
FZNR,Rwindi
FZOA,Kindu
FZOB,Tingi-Tingi
FZOC,Kalima - Kamisuku
FZOD,Kalima - Kinkungwa
FZOE,Kampene
FZOF,Kiapupe
FZOG,Lulingu Tshionka
FZOH,Moga
FZOJ,Obokote
FZOK,Kasongo
FZOO,Kailo
FZOP,Punia
FZOQ,Punia-Basenge
FZOR,Saulia
FZOS,Kasese Apt
FZOT,Phibraki
FZPB,Kamituga
FZPC,Lugushwa
FZQA,Lubumbashi
FZQC,Pweto
FZQD,Mulungwishi
FZQF,Fungurume
FZQG,Kasenga
FZQH,Katwe
FZQI,Kamatanda
FZQJ,Mwadingusha
FZQM,Fzqm
FZQN,Mutshatsha
FZQP,Kisenge
FZQU,Lubudi
FZQV,Mitwaba
FZRA,Manono
FZRB,Moba
FZRC,Mukoy
FZRD,Kabombo
FZRE,Bukena
FZRF,Fzrf
FZRG,Sominka
FZRJ,Pepa
FZRK,Kansimba
FZRL,Lusinga
FZRM,Kabalo
FZRN,Nyunzu
FZRO,Luvua
FZRQ,Kongolo
FZSA,Fzsa
FZSB,Kamina - Ville
FZSC,Songa
FZSD,Sandoa
FZSE,Kanene
FZSI,Dilolo
FZSJ,Kasaji
FZSK,Kapanga
FZTK,Kaniama Apt
FZTL,Luena Apt
FZTS,Kaniama Apt
FZUA,Kananga
FZUE,Lubondaie
FZUF,Kasonga
FZUG,Luiza
FZUH,Moma
FZUI,Mboi
FZUJ,Muambi
FZUK,Tshikapa
FZUL,Bulape
FZUM,Mutoto
FZUN,Luebo
FZUO,Musese
FZUP,Diboko
FZUR,Tshibala
FZUS,Tshikaji
FZUT,Katubwe
FZUU,Lutshatsha
FZUV,Kalonda
FZVA,Lodja
FZVC,Kole Sur Lukenie
FZVD,Dingele
FZVE,Lomela
FZVF,Kutusongo
FZVG,Katako'Kombe
FZVH,Shongamba
FZVI,Lusambo
FZVJ,Tshumbe
FZVK,Lukombe-Batwa
FZVL,Wasolo
FZVM,Mweka
FZVN,Wembo-Nyama
FZVO,Beni-Dibele
FZVP,Dikungu
FZVR,Basongo
FZVS,Ilebo
FZVT,Dekese
FZVU,Idumbe
FZWA,Mbuji Mayi
FZWB,Bibanga
FZWC,Gandajika
FZWE,Mwene-Ditu
FZWF,Kipushi
FZWI,Kashia
FZWL,Munkamba
FZWR,Kisengwa
FZWS,Lubao
FZWT,Kabinda - Tunta
G05,Finleyville
GA00,Monroe - Kintail Farm
GA01,Flowery Branch - Ranch
GA02,Thomaston - Upson
GA03,Ringgold - Wilson
GA04,Locust Grove - Mallards Landing
GA06,Monticello Sky
GA07,Americus - Air Evac
GA08,Talbotton - Jumpin J
GA09,Clermont - Fly-N-S Ranch
GA10,Zebulon - Ridgeview Farm
GA11,Atlanta - Rite
GA12,Rome - Redmond
GA13,Augusta - University Hospital
GA14,Albany - Pinebloom Plantation
GA15,Statesboro - Air Evac 95
GA16,Bostwick - Taylor
GA17,Byromville - Flint River Nursery
GA18,Clayton - Ranch
GA19,Hinesville - Heath Green Skyranch
GA1A,Kayes Apt
GA2,Williamson - Peach State Aerodrome
GA20,Cumberland Island - Stafford
GA21,Darien - Patterson Island
GA22,Arlington - Jordans
GA23,Summerville - Wyatt
GA24,Forsyth - Monroe County Hospital
GA25,Fargo
GA26,Fort Gordon (Augusta)
GA27,Cumming - Mathis
GA28,Statesboro East
GA29,Hollonville - Wellers Landing
GA30,Clarkesville - Rockin R
GA31,Palmetto - Two Rocks
GA32,Metter - Candler County Hospital
GA33,Lagrange West
GA34,Tifton - Air Evac
GA35,Savannah - Cypress Lakes
GA36,Kingsland - Readdick
GA37,Savannah - Meml Hospital
GA38,Monroe - Walton
GA39,Savannah - Hodges
GA40,Gainesville - Beaver Trail
GA41,Swainsboro - Daniels
GA42,Bainbridge - Vada
GA43,Guyton - Briggs
GA44,Lagrange - Richards
GA45,Clarkesville - Arrendale Forest
GA46,High Point/Cumberland Island
GA47,Waycross - Bivins
GA48,Edison - Mclendon
GA49,Norman Park - Hamilton Strip
GA50,Madison - Dream Team
GA51,Waynesboro - Plant
GA52,Atlanta - Joseph'S
GA53,Atlanta - Rollins
GA54,Atlanta - Interstate
GA55,Atlanta - Northside Hospital
GA58,Avondale Estates - Dekalb Police Dept
GA59,Barnesville - Antique Acres
GA60,Waycross - Meml Satilla Health
GA61,Brooks - Kenley
GA62,Griffin - Cedar Ridge
GA63,Byromville
GA64,Atlanta - Midtown
GA65,Madison - Home
GA66,Atlanta - Bridge Building
GA67,Clarkesville - King Sky Ranch
GA68,Concord - Flying 'H' Ranch
GA70,Dalton - Hamilton Medical Center
GA71,East Point - South
GA72,Dalton - Pratermill Flight Park
GA73,Concord - Shade Tree
GA74,Concord - Takle
GA75,Concord - Meadowlark
GA76,Forsyth - Broken Ranch
GA77,Chickamauga - Twin Forks
GA78,Baxley - Appling General Hospital
GA79,Newnan - Dresden
GA80,Conyers - Whispering Pines
GA81,Ft Valley - Big Dog Cameron
GA82,Covington - Morgan Farm
GA83,Covington - Windy Hill
GA84,Cumming - Donald
GA85,Atlanta - Lot
GA86,Barnesville - Ranch
GA87,Suches - High Valley
GA88,Sylvania - Wade Plantation
GA89,Lovejoy - Diamond S
GA90,Fayetteville - Walker
GA91,Fayetteville - Adams
GA92,Fayetteville - Beck
GA93,Fayetteville - Base
GA94,Fayetteville - Mc Lendon
GA95,Fayetteville - Coleman
GA96,Fort Mcpherson
GA97,Perry Guardian
GA98,Lagrange - Grayhill
GA99,Fort Valley Miami
GAAO,Ansongo
GABD,Bandiagara
GABF,Bafoulabe
GABG,Bougouni
GABR,Bourem
GABS,Senou
GADA,Dioila
GADZ,Douentza
GAFD,Faladie
GAGM,Goundam
GAGO,Gao
GAKA,Kenieba
GAKL,Kidal
GAKM,Ke-Macina
GAKN,Kolokani
GAKO,Koutiala
GAKT,Kita
GAKY,Kayes Dag
GAMA,Markala
GAMB,Gamb
GAMK,Menaka
GANF,Niafunke
GANK,Nara
GANR,Nioro Du Sahel
GASK,Sikasso
GASO,Gaso
GATB,Timbuktu
GATS,Gats
GAYE,Yelimane
GBYD,Banjul
GCFV,Fuerteventura Island
GCGM,Alajero - La Gomera
GCHI,El Hierro Island
GCLA,Sta Cruz De La Palma
GCLB,Gran Canaria Island - El Berriel Aeroc
GCLP,Gran Canaria Island Apt
GCRR,Lanzarote Island
GCTS,Tenerife Island South
GCXO,Tenerife Island Apt
GE00,Evans - Morris
GE01,Naylor - Christians Folly
GE02,Calhoun - Adventhealth Gordon
GE04,Mulberry Grove - Mclendon
GE05,Lafayette - Gibson
GE11,Layfayette - Hogjowl
GE12,Ashburn - Richter
GE13,Rome - Fmc
GE14,Ocilla - Elite Helicopters
GE20,Louisville - Critter Creek
GE21,Bainbridge - Anderson
GE23,Lyons - Winge Farms
GE24,Brunswick Se
GE25,Fort Valley - Hutto Farm
GE26,Dublin - Duke Strip 2
GE27,Byron - Smith
GE28,Duluth - Emory Johns Creek
GE30,Waynesboro - Sandy Hill
GE33,Locust Grove - River Bend
GE34,Stone Mountain Public
GE35,Bostwick - Southern Oaks
GE53,Locust Grove - Chigger Hill
GE56,Greensboro - Smith
GE61,Cave Spring - Brownstone
GE72,Royston - Hannah Creek
GE88,Rome - Office
GE92,Buckhead - Rabbit Hole Ii
GE99,Clayton - Heaven'S Landing
GEML,Melilla
GFBN,Bonthe - Sherbro
GFBO,Bo
GFGK,Gbangbatok
GFHA,Freetown - Hastings
GFKB,Kabala
GFKE,Kenema
GFLL,Freetown - Lungi
GFTO,Tongo
GFYE,Yengema
GG64,Quebo
GGBF,Bafata
GGBU,Bubaque
GGCF,Cufar
GGOV,Bissau - Osvaldo Vieira
GLBU,Buchanan
GLCM,Robertsport/Cape Mount
GLCP,Harper - Cape Palmas
GLGE,Greenville Sinoe
GLLB,Buchanan - Lamco
GLMR,Monrovia - Spriggs Payne
GLNA,Nimba
GLRB,Monrovia - Roberts
GLST,Sasstown
GLTN,Tchien
GLVA,Voinjama
GMAA,Gmaa
GMAD,Agadir - Al Massira
GMAT,Tan Tan
GMAZ,Zagora
GMFA,Beni Malek - Ouezzane
GMFB,Bouarfa
GMFF,Fes - Saiss
GMFI,Gmfi
GMFK,Errachidia - Ali Cherif
GMFM,Meknes - Bassatine
GMFN,Nador Apt
GMFO,Oujda - Angads
GMFU,Fes
GMFZ,Taza
GMMA,Smara
GMMB,Ben Slimane
GMMC,Casablanca - Anfa
GMMD,Gmmd
GMME,Rabat
GMMF,Sidi Ifni
GMMH,Dakhla
GMMI,Essaouira - Mogador
GMMJ,El Jadida
GMML,El Aaiun - Hassan
GMMN,Casablanca - Mohammed V
GMMO,Taroudant
GMMS,Safi
GMMT,Casablanca - Tit Mellil
GMMW,Nador
GMMX,Marrakech - Menara
GMMY,Gmmy
GMMZ,Ouarzazate
GMSL,Sidi Slimane
GMTA,Al Hoceima
GMTN,Gmtn
GMTT,Tangier - Ibn Batouta
GNU,Goodnews
GO66,Dodji
GOBD,Diass - Blaise Diagne
GODK,Kolda
GOGG,Ziguinchor
GOGS,Cap Skirring
GOOK,Kaolack
GOOY,Dakar - Leopold Sedar Senghor
GOSM,Matam - Ouro Sogui
GOSP,Podor
GOSR,Richard Toll
GOSS,Saint Louis
GOTB,Bakel
GOTK,Kedougou
GOTS,Simenti
GOTT,Tambacounda
GQNA,Aioun El Atrouss
GQNB,Boutilimit
GQNC,Tichitt
GQND,Tidjikja
GQNE,Boghe - Abbaye
GQNF,Kiffa
GQNH,Timbedra
GQNI,Nema
GQNJ,Akjoujt
GQNK,Kaedi
GQNL,Moudjeria - Letfotar
GQNM,Timbreda - Dahara
GQNN,Nouakchott
GQNO,Gqno
GQNS,Selibaby
GQNT,Tamchakett
GQNU,Gqnu
GQPA,Atar
GQPF,Fderik
GQPP,Nouadhibou
GQPT,Bir Moghrein
GQPZ,Zouerate - Tazadit
GUCY,Conakry
GUFA,Gufa
GUFH,Faranah
GUGO,Banankoro - Gbenko
GUKR,Kawass
GUKU,Kissidougou
GULB,Labe
GUMA,Macenta
GUNZ,Nzerekore
GUOK,Boke
GUSA,Sangaredi
GUSB,Koundara - Sambailo
GUSI,Siguiri
GUXN,Kankan
GVAC,Espargos - Amilcar Cabral
GVAN,Ponta Do Sol - Agostinho Neto
GVBA,Rabil
GVBR,Brava Island - Esperadinha
GVMA,Maio
GVMT,Mosteiros
GVNP,Praia
GVSF,Sao Filipe
GVSN,Preguica
GVSV,Sao Pedro Apt
H04,Vinita
H05,Wilburton Muni
H07,Highland Winet
H11,Sunbury
H14,Corning
H17,Buffalo Muni
H19,Bowling Green Muni
H28,Port Of Del Bonita - Whetstone
H34,Huntsville Muni
H35,Clarksville Muni
H37,Herlong
H43,Haverstraw
H47,Hyampom
H57,Bismarck Meml
H58,Seymour - Owen
H63,Alma - Harlan County Lake
H66,Nowata
H68,Wagoner - Hefner-Easley
H70,Stratford
H71,Pryor - Mid-America Industrial
H75,Hernando
H76,Pawhuska Muni
H79,Eldon
H80,Hale - Field
H81,Amarillo - River Falls
H88,Fredericktown Rgnl
H92,Hominy
H96,Benton Muni
H97,Pawnee Muni
HAAB,Addis Ababa - Bole
HAAD,Adaba
HAAL,Lideta Army
HAAM,Haam
HAAX,Haax
HABB,Habb
HABC,Baco
HABD,Bahir Dar
HABE,Beica
HABU,Habu
HADC,Dessie - Combolcha
HADD,Dembidollo
HADM,Debra Marcos
HADO,Dodola
HADR,Dire Dawa - Yilma
HADT,Debre Tabor
HAFN,Fincha
HAGB,Goba - Robe
HAGH,Ghinnir
HAGM,Gambela - Gambella
HAGN,Gondar - Gonder
HAGO,Gode
HAGR,Gore
HAHM,Debre Zeyit - Harar Meda
HAHU,Humera
HAJJ,Jijiga
HAJM,Jimma
HAKD,Kabri Dehar
HAKL,Kelafo
HALA,Awassa
HALL,Lalibela - Lalibella
HAMA,Hama
HAMJ,Maji - Tume
HAMK,Hamk
HAML,Masslo
HAMM,Metema
HAMN,Mendi
HAMR,Hamr
HAMT,Mizan Teferi
HANG,Hang
HANJ,Nejjo
HANK,Nekemte
HAPW,Hapw
HASC,Shire
HASD,Soddu
HASH,Sheik Hussein
HASK,Hask
HASL,Hasl
HASM,Semera
HASO,Asosa
HATP,Tippi
HAWC,Waca
HAWR,Hawr
HBBA,Bujumbura
HBBE,Gitega
HBBO,Kirundo
HCMA,Alula
HCMB,Baidoa
HCMC,Candala
HCMD,Hcmd
HCME,Eil
HCMF,Bosaso
HCMG,Gardo
HCMH,Hargeisa - Egal
HCMI,Berbera
HCMJ,Hcmj
HCMK,Hcmk
HCMM,Mogadishu - Aden Adde
HCMN,Belet Uen
HCMO,Obbia
HCMR,Galcaio
HCMS,Scusciuban
HCMU,Erigavo
HCMV,Burao
HDAG,Assa-Gueyla
HDAM,Djibouti
HDAS,Ali-Sabieh
HDCH,Chabelley
HDDK,Dikhil
HDHE,Herkale
HDMO,Moucha Island
HDOB,Obock
HDTJ,Tadjoura
HE15,He15
HE16,He16
HE24,Siwa
HE25,He25
HE26,He26
HE45,He45
HEAL,El Alamein
HEAR,El Arish
HEAT,Assiut
HEAX,Alexandria - El Nouzha
HEAZ,Almaza Afb
HEBA,Alexandria - Borg El Arab
HEBL,Abu Simbel
HEBS,Beni Suef
HECA,Cairo Intl Apt
HECP,Cairo Capital
HECW,El Cairo
HEDK,Hedk
HEEM,Giza
HEGN,Hurghada
HEGO,El Gouna
HEGR,Hegr
HEGS,Jiyanklis
HEKG,Hekg
HELX,Luxor
HEMA,Marsa Alam
HEMK,Sohag
HEMM,Mersa Matruh
HEOC,Heoc
HEOW,Heow
HEPS,Port Said
HESC,Hesc
HESH,Sharm El-Sheikh
HESN,Aswan
HESX,Giza - Sphinx
HETB,Taba
HETR,Hetr
HHAS,Asmara
HHMS,Massawa
HHSB,Asab - Assab
HHTS,Tessenei
HI01,Hanalei - Princeville
HI02,Lanai - Manele
HI03,Hanamaulu
HI04,Hilo Medical
HI05,Honokaa
HI07,Waikoloa Village
HI13,Kailua/Kona - Puu Waa Waa
HI18,Kamuela - Center
HI22,"San Jose, Tinian"
HI23,Mountain View Airstrip
HI24,Honolulu - Heco-Waiau
HI25,Naalehu - Kaalaiki Airstrip
HI27,Paauilo
HI28,Pahala
HI29,Pahala - Upper Paauau
HI31,Papaikou - Mauna Kea Honolii
HI32,Pepeekeo
HI33,Puhi - Haiku Airstrip
HI38,Honolulu - Center
HI40,Honolulu - Kuakini Medical Center
HI46,Puhi - Hi 23 Airstrip
HI49,Kaunakakai - Kaluakoi
HI52,Volcano Village - Rainshed
HI55,Honolulu - Moanalua Medical Center
HI57,Kahuku
HI58,Kahuku - Bay
HI63,Koblerville - Pro-Shop
HI64,San Jose Tinian
HJJJ,Hjjj
HKAM,Amboseli National Park
HKBR,Bura
HKEL,Eldoret
HKEM,Embu
HKES,Eliye Springs
HKEW,El Wak
HKFG,Kalokol
HKGA,Garissa
HKGT,Garba Tula
HKHB,Homa Bay
HKHO,Hola
HKIS,Isiolo
HKJK,Nairobi - Jomo Kenyatta
HKKB,Kiambere
HKKE,Keekorok
HKKG,Kakamega
HKKI,Kisumu
HKKL,Kilaguni
HKKR,Kericho
HKKS,Kisii
HKKT,Kitale
HKKU,Kitui
HKLG,Lokitaung
HKLK,Lokichoggio
HKLO,Lodwar
HKLU,Lamu - Manda
HKLY,Loyengalani
HKMA,Mandera
HKMB,Marsabit - Segel
HKMI,Maralal
HKMK,Meru-Kinna - Mulika Lodge
HKML,Malindi
HKMM,Migori
HKMO,Mombasa
HKMS,Masai Mara
HKMY,Moyale (Lower)
HKNI,Nyeri
HKNK,Nakuru
HKNO,Narok
HKNV,Naivasha
HKNW,Nairobi
HKNY,Nanyuki
HKRE,Nairobi - Moi Air
HKSB,Samburu South
HKUK,Ukunda
HKVO,Voi
HKWE,Webuye
HKWJ,Wajir
HL2,Stockton - Hubbard Landing
HL50,Hl50
HL54,Hl54
HL56,Hl56
HL57,Hl57
HL58,Hl58
HL59,Hl59
HL62,Hl62
HL64,Hl64
HL66,Hl66
HL69,Hl69
HL70,Hl70
HL71,Hl71
HL72,Hl72
HL78,Hl78
HL79,Hl79
HL80,Hl80
HL81,Hl81
HL82,Hl82
HL83,Hl83
HL84,Hl84
HLAM,Amal V12
HLBD,Beda M3
HLFL,Hlfl
HLGD,Sirt - Gardabya
HLGL,Hlgl
HLGN,Tobruk - Gamal Abdel Nasser
HLGT,Ghat
HLKF,Kufra
HLLB,Benghazi - Benina
HLLM,Tripoli - Mitiga
HLLQ,Al Bayda' - La Abraq
HLLS,Sabha
HLLT,Tripoli Intl
HLMB,Hlmb
HLMS,Hlms
HLNF,Hlnf
HLNR,Nafurah 1
HLON,Hlon
HLRA,Hlra
HLSA,Sarir
HLSD,Hlsd
HLTD,Ghadames
HLUB,Hlub
HLWA,Warehouse 59A
HLZA,Hlza
HLZG,Oxy A 103
HLZN,Hlzn
HLZU,Hlzu
HLZW,Zuwara - Zwara
HRYG,Gisenyi
HRYI,Butare
HRYN,Nemba
HRYO,Gabiro
HRYR,Kigali
HRYU,Ruhengeri
HRZA,Kamembe
HSAK,Akobo
HSAT,Atbara
HSAW,Aweil
HSBR,Bor Apt
HSBT,Bentu
HSCG,Carthago
HSDB,El Debba
HSDL,Dilling
HSDN,Dongola
HSDZ,Ad Damazin
HSFA,Hsfa
HSFS,El Fasher
HSGF,Gedaref - Azaza
HSGG,Dinder - Galegu
HSGN,Geneina
HSGO,Gogrial
HSHG,Heglig Oilfield
HSKA,Kassala
HSKG,Khashm El Girba
HSKI,Kosti
HSKJ,Kago Kaju
HSKP,Kapoeta
HSLI,Kadugli
HSMD,Marida
HSMK,Rumbek
HSMN,Hsmn
HSMR,Merowe
HSND,Shendi
HSNH,En Nahud
HSNM,Nimuli
HSNN,Nyala
HSNW,New Halfa
HSOB,Al-Ubayyid - El Obeid
HSPA,Pachella
HSPI,Pibor Post
HSPN,Port Sudan New
HSRJ,Raga
HSRN,Renk
HSSJ,Juba
HSSK,Hssk
HSSM,Malakal
HSSP,Port Sudan Air
HSSS,Khartoum
HSSW,Wadi Halfa
HSTO,Tong
HSTR,Torit
HSTU,Tumbura
HSWD,Hswd
HSWW,Wau Apt
HSYA,Yambio
HSYE,Yei
HSYL,Yirol
HSZA,Zalingei
HTAG,Kutani - Amani Gomvu
HTAR,Arusha
HTBB,Selous Game Reserve - Kibambawe Airstrip
HTBS,Mbesa Mission
HTBU,Bukoba
HTCH,Chunya
HTDA,Dar Es Salaam - Mwalimu Julius K.
HTDO,Dodoma
HTGE,Htge
HTGR,Htgr
HTIR,Iringa
HTIY,Inyonga
HTKA,Kigoma
HTKB,Kibondo
HTKD,Kondoa
HTKI,Kilwa Masoko
HTKJ,Kilimanjaro
HTKL,Kirondatal
HTKO,Kongwa
HTKS,Kilosa
HTKT,Kilimatinde
HTLD,Loliondo
HTLI,Lindi - Kikwetu
HTLL,Liuli
HTLM,Lake Manyara National Park
HTMA,Mafia Island
HTMB,Mbeya
HTMD,Mwadui
HTMF,Mufindi
HTMG,Morogoro
HTMI,Masasi
HTMK,Mikumi
HTML,Malya
HTMO,Mombo
HTMP,Mpanda
HTMS,Moshi
HTMT,Mtwara
HTMU,Musoma
HTMW,Mwanza
HTMX,Mpwapwa
HTNA,Nachingwea
HTNJ,Njombe
HTNR,Ngara
HTOL,Htol
HTPE,Chake - Pemba
HTSD,Singida
HTSE,Same
HTSH,Mafinga
HTSN,Seronera
HTSO,Songea
HTSU,Sumbawanga
HTSY,Shinyanga
HTTB,Tabora
HTTG,Tanga
HTTU,Tunduru
HTUK,Ukerewe - Nansio
HTUR,Urambo
HTUT,Utete
HTUV,Uvinza
HTWK,West Kilimanjaro
HTZA,Kiembi Samaki - Zanzibar
HUAJ,Adjumani
HUAR,Arua
HUEN,Kampala - Entebbe
HUGU,Gulu
HUJI,Jinja
HUKB,Hukb
HUKF,Kabalega Falls
HUKS,Kasese Apt
HULI,Lira
HUMA,Mbarara
HUMI,Masindi
HUPA,Hupa
HUSO,Soroti
HUTO,Tororo
HWI,Hawk Inlet
HYL,Hollis - Clark Bay
I00,Monticello - Lake Shafer
I01,Lagrange - Dallas
I04,Moline - Quad
I06,Tulia City
I08,Big Creek Ranger Station
I10,Caldwell - Noble County
I16,Pineville - Kee
I17,Piqua
I18,Ravenswood - Jackson County
I20,Oaktown - Ed-Air
I22,Winchester - Randolph County
I23,Washington Court House - Fayette County
I26,Rock Island - Pautsch
I27,Elkader
I34,Greensburg Muni
I35,Harlan - Tucker Guthrie
I40,Coshocton - Richard Downing
I41,Huntington - Robert Newlon
I42,Paoli Muni
I44,Dayton - Dahio Trotwood
I45,Winchester - Wapshilla
I50,Stanton
I54,Tremont City - Mad River Airpark
I58,Angola - Crooked Lake
I61,Hagerstown
I63,Mount Sterling Muni
I64,Wakeman - Ortner
I66,Wilmington - Clinton
I67,Harrison - Cincinnati
I68,Lebanon - Warren
I69,Batavia - Clermont County
I71,Mc Connelsville - Morgan County
I72,Westfield
I73,Dayton - Moraine Air Park
I74,Urbana - Grimes
I75,Osceola Muni
I76,Peru
I80,Noblesville
I83,Salem Muni
I86,New Lexington - Ed Newlon
I91,Boonville
I92,Yellow Pine - Reed Ranch
I93,Hardinsburg - Breckinridge County
I95,Kenton - Hardin County
I96,Columbia Adair
I99,Alexandria
IA00,Menlo - Jukam
IA01,Oakland - Ridge
IA02,Sidney - Paradise Mountain
IA03,Iowa City - Blackberry Ridge
IA04,Decorah - Winneshiek Medical Center
IA05,Clarinda - Yaw-Hoo
IA06,Sioux Center
IA07,Northwood - Loken Farm
IA08,Lohrville - Riedesel Private
IA09,Grinnell Medical
IA10,Dubuque Mercyone
IA11,Indianola - Too Short
IA12,Gibson - Mggenas
IA13,Cherokee Medical
IA14,Orient - Petter
IA15,West Union - Hospital
IA16,Iowa City - Picayune
IA17,Janesville - Bluebird
IA18,Corwith - Besch
IA19,Chariton - Center
IA20,Indianola - Agrivation
IA21,Berkley - Knight
IA22,Albia - Monroe County Hospital
IA23,Guttenberg - Gaa Private
IA24,Oxford - Green Castle
IA25,Centerville Mercy
IA26,Nemaha - Davis
IA27,Blakesburg - Antique
IA28,Grundy Center County
IA29,Waterloo - Allen Meml Hospital
IA30,Zwingle - Kleis
IA31,Hampton - Beeds Lake
IA32,Crescent - Kelley
IA33,Stuart City
IA34,Oskaloosa - Mahaska County Hospital
IA35,Council Bluffs - Ruckl
IA36,Creston - Mercer
IA37,Ida Grove - Horn Meml Hospital
IA38,Clear Lake - Plain Ol'
IA39,Rock Rapids - Hospital
IA40,Sibley - Osceola Community Hospital
IA41,Indianola - Laverty
IA42,Hudson - Ritel Copter Airstrip
IA43,Adair - Stagecoach
IA44,Lamoni - Solly
IA45,Marcus - Willie'S Bomber Patch
IA46,Corydon - Wayne County Hospital
IA47,Mason City North
IA48,Polk City - Kern
IA49,Mt Ayr - Ringgold County
IA50,New Hampton Mercyone
IA51,Northwood - Holt Farms
IA52,Anamosa - Jones
IA53,Dyersville Mercyone
IA54,Dubuque - Anderson
IA55,Harlan - Myrtue Meml Hospital
IA56,Farrar
IA57,Oelwein - Mercy Hospital
IA58,Whiting - B 8 Farms
IA59,Hornick - Carr
IA60,Guttenberg
IA61,Winterset - Hall Farms
IA62,Cresco - Matthias
IA63,Oskaloosa - Edgren
IA64,Iowa Methodist
IA65,Maquoketa - Jackson County
IA66,Cedar Falls Mercyone
IA67,Atlantic - Hospital
IA68,Stockton - Workman
IA69,Marcus - Sand
IA70,Buffalo Center - Friesenborg & Larson
IA71,Indianola
IA72,Cedar Rapids - Mercy Hospital
IA73,Cedar Rapids - Emergency
IA74,Fort Dodge - Trinity
IA75,Waterloo Mercyone
IA76,Winterset - Elf Run
IA77,Elkhart - Bascom
IA78,Vinton - Virginia Gay Hospital
IA79,Emmetsburg - Hospital
IA8,Dyersville
IA80,Waukon - Veterans Meml Hospital
IA81,Davenport - Genesis Medical Center
IA82,Des Moines - Private
IA83,Livermore - Kohlhaas
IA84,Lawton
IA85,Indianola - Tuinstra
IA86,Indianola - Hedgewood Landing
IA87,Grimes - Robel
IA88,Mc Causland - Quiet Valley
IA89,Woodward
IA90,Humboldt County
IA91,Red Oak - Montgomery County Meml
IA93,Missouri Valley - Olsen
IA94,Sheffield - Sj
IA95,Webster City - Hcph
IA96,Primghar
IA97,La Porte City - Nichols
IA98,Iowa Lutheran
IA99,Spirit Lake - Lakes
IBN,Nabesna - Devils Mountain Lodge
ID00,Caldwell - Hubler
ID01,Clark Fork - Cx Ranch
ID02,Coeur D'Alene Resort
ID03,Coeur D'Alene - Kootenai Health
ID04,Murphy - Canyon
ID05,Athol - Hackney
ID06,Atlanta - Lazy H Ranch
ID07,Post Falls - Nichols Ranch
ID08,New Meadows - Price Valley Helibase
ID09,Hill City - S Bar Ranch
ID10,Marsing - Weitz
ID11,Stites - Southfork River Ranch
ID12,Riverside - Russell W Anderson
ID13,St Maries - Sky Island Ranch
ID14,St Maries - Benewah Community Hospital
ID15,Victor - Teton Springs
ID16,Bellevue - Sluder Airstrip
ID17,Council - Seven Devils
ID18,Idaho Falls - Eirmc
ID19,Sandpoint - Bird Nr 2
ID20,Post Falls - Hubof'S
ID21,Hauser Lake - Smith Ranch
ID22,Spirit Lake - Treeport
ID23,Worley - Rock Creek Farm
ID24,Sagle - Timber Basin
ID25,Sandpoint - Olmstead Sky Ranch
ID26,Mayfield - P And R
ID27,Coeur D'Alene - Hawk Haven
ID28,Dixie - Mackay Bar
ID29,Orofino - Big Island
ID30,Ketchum - Everett Ii
ID31,Cascade - Bens Ranch
ID32,Clark Fork - Tuka
ID33,Clarkia - Stocking Meadows
ID34,American Falls - District
ID35,Cascade - High Valley
ID36,Moore - Park
ID37,Lewiston - Joseph'S
ID38,Hauser Lake - Sutherland
ID39,Stanley - Hell Roaring Ranch
ID40,Marsing - Sunrise Skypark
ID41,Yellow Pine - Stibnite
ID42,Bruneau - Poplar Point
ID43,Coeur D'Alene - Carlin Bay
ID44,Cascade - Hidden Lakes
ID45,Slickpoo
ID46,Ahsahka - Dworshak
ID47,Huston - Whelan'S
ID48,Athol - Western Spur
ID49,Boise St
ID50,Carmen - Flying Coyote Ranch
ID51,Kooskia - Battle Ridge Butte
ID52,Salmon - 40 Acre Airstrip
ID53,Rupert - Minidoka Meml Hospital
ID54,Sandpoint - Bottle Bay
ID55,Cascade Medical
ID56,Mackay - Star 'S' Ranch
ID57,Lewiston - Red Bird
ID59,Lake Fork - Flying A Ranch
ID60,Moscow - Fountains
ID61,Priest River - Valenov Ranch
ID62,Grace - Simpson
ID63,Emmett - Reek Ranch
ID64,Pocatello - Portneuf Medical Center
ID65,Coeur D'Alene - Driftwood Air Ranch
ID66,Orofino - Clearwater Valley Hospital
ID67,Horseshoe Bend - Sands
ID68,Kuna - Green Acres
ID69,Sun Valley
ID70,Fairfield Ranch
ID71,Coeur D'Alene - Big Country
ID72,Irwin - Huskey
ID73,Coeur D'Alene - Rockford Bay
ID74,Cascade - Sulphur Creek Ranch
ID75,Clark Fork - Riverlake
ID76,Donnelly - Elk Ridge
ID77,Cambridge - Cuddy Meadows
ID78,Clark Fork - 2
ID79,Nampa - Sky Ranch
ID8,Challis - Marble Creek
ID80,Caldwell - West
ID82,Picabo
ID83,Lewiston - Bighorn
ID84,Headquarters
ID85,Elk River
ID86,Cascade - Dam Airstrip
ID87,Idaho Falls - Rainbow Ranch
ID88,Hill City - Tracy Ranch
ID89,Carmen - Lindberg Private
ID90,Greenleaf
ID91,Boise - St
ID92,Star - Foster
ID93,Twin Falls - Fecundity Farm Strip
ID94,Troy - Llc
ID95,Horseshoe Bend - Airstrip
ID96,Donnelly - Bear Air
ID97,Mackay - Wetcreek
ID98,Coeur D'Alene - Scanlon
IG00,Angola - Cameron Hospital
IG01,Indianapolis - Iwc
IG02,Lafayette - Ratcliff
IG03,Paragon - Bluebird
IG04,Versailles - Litzinger
IG05,Knox - Wheeler
IG06,Lafayette - Wolfelt
IG07,Moores Hill - Josephs Fld
II01,Bluffton - Grandlienard-Hogg
II02,Butler - Kline
II03,Milan - Buell
II04,Brook
II05,Akron - Woodcock
II06,Cadiz - Ferrell
II07,Cloverdale - Clover Knoll
II08,Earl Park - Rheude
II09,Eminence - Patrum
II10,Galveston - Rockey
II11,Grabill - Pelz Port
II12,Grass Creek - Dague Strip
II13,Markleville - Park
II14,Huntington - Beck Private
II15,Kewanna - Friedrich
II16,Angola - Pigeon
II17,Knox - Bickel'S Cow Patch
II18,La Crosse - Lou Abbett Farms
II19,Lafayette - Etter
II20,Liberty Center - Mossburg
II21,Ligonier - Zollinger Strip
II22,Medaryville - Antonian
II23,Shelbyville - Hospital
II25,Spencer - Timber Trails
II26,Remington - Ashby
II27,Arcadia - Ward
II28,Leo - Stettler Strip
II29,Greencastle - Owens
II30,Carlisle - Ridgway Flying Service
II31,Essex - Jurassic Landings
II32,Chandler - Raceway
II33,Charleston - Eickholtz
II34,Clay City - Booe
II35,Danville - Lindley Private
II36,Fountaintown - Neil
II37,Greenfield - Arthur
II38,Lapaz - Sherk
II39,Francisco - Hollingsworth
II40,Francisco - Hopkins Farms
II41,Clinton Power
II42,Noblesville - Creekside Farm
II43,Granger - C V
II44,Knox - Northwest Health Starke
II45,Hatfield - Renshaw
II49,Lamar - Foertsch
II50,Lewisville - Jack Oak
II51,Ligonier - Hull
II52,Lizton - Haffner
II53,Madison - Burke'S
II54,Madison - Giltner
II55,Martinsville - Hodges
II56,Kokomo - Rgnl
II57,Merrillville - Nipsco Southlake Complex
II59,Newport - Strip
II62,Plymouth - Berger
II65,Rensselaer - Gilmore
II67,Hartford City - Hickory Hills
II68,Russellville - Durham
II69,Scottsburg - Harrod/Rose
II70,Sharpsville - Salsbery
II71,St. Paul - Smith
II72,Sunman - Anderson
II73,Union City - Strip
II74,Wakarusa - Eby
II75,Warren - Daugherty
II76,Medora - Clay Hill Farms
II77,Albany - Finney'S
II78,Wilkinson - Wallace
II79,Winamac - Sommers
II81,Winslow - Richardson
II82,Danville - Meadors
II83,Brownsburg - Bramble
II84,Mount Vernon - Hilakos
II85,Decatur - Blomenberg
II86,Noblesville - Poole
II87,Martinsville - Twelve Oaks
II88,Kokomo St
II89,St Wendel - Lockyear
II9,Hagerstown - Wilbur Wright Birthplace
II90,North Judson - Crawford
II91,Pittsboro - Dunbar
II92,Rolling Prairie - Layden
II93,Bargersville - Bronson
II94,Noblesville - Irion
II95,Bourbon - Rust'S Landing
II96,Haysville - Buchta
II97,Shelbyville - Skeeter Landing
II98,Sullivan - Shrum
II99,Walkerton - Drake
IL00,Danville - Welch
IL01,Abingdon - Wolford'S
IL02,Zion - Herbert C Maas
IL03,Hoffman Estates - Center
IL04,Peoria - Carle Health Methodist
IL05,Effingham - Shumway Innernational
IL06,Hopedale Medical
IL07,Amboy - Taylor
IL08,Barrington - Hospital
IL09,Amboy - Albrecht 2
IL10,Pinckneyville Community
IL11,Antioch - Donald Alfred
IL12,Arenzville - Kinsey
IL13,Arlington - Funfsinn
IL14,Bloomington - Stark
IL15,Bushnell - Runyan Aviation
IL16,Lawrenceville - Klein-Oneal
IL18,Crystal Lake
IL20,Springfield - Center
IL21,Aurora - Center
IL22,Mendota Grandpa'S
IL23,Davis - Ellis
IL24,New Berlin - Rla
IL25,Normal - Center
IL26,Vandalia - Hospital
IL27,Lane - Sugar Hollow
IL28,Apple River - Foster
IL29,Murrayville - Yates
IL31,Atwood - Cooch Landing Area
IL32,Hammond - Adkisson
IL33,Mc Leansboro - Hamilton County Coal
IL34,Belvidere - Henderson
IL35,Goodfield - Earlybird
IL36,Belvidere - Bob Walberg Fld
IL38,Big Rock - J Maddock
IL39,Kansas - Perry
IL40,Bloomington - Center
IL41,Rochelle Community
IL42,Woodstock - Centegra Hospital
IL43,Mattoon - Rural King Supply
IL44,Fox Lake - Arrow
IL45,Manito - Inc
IL46,Wilmington - Adar Ridgeport
IL47,Freeport Dornink
IL48,St Jacob Metro/East/Shafer
IL49,Manito - Desutter Farm
IL50,Carthage - Meml Hospital
IL51,Campus - Aero Acres
IL52,Carthage - Williams
IL53,Steward - Durin
IL54,Table Grove - Richmond
IL55,Earlville - Younglove/Otterbach
IL56,Champaign - Mc Culley
IL57,Bloomington - Cottonwood
IL58,Princeton - Jonathan
IL59,Channahon - Chicago
IL60,Genoa - Idlas
IL61,Grantsburg - Vienna Correctional Center
IL63,Chenoa - Mays Aviation
IL64,Lincoln - Martin
IL65,Little York - Trail
IL66,Highland - Joseph'S
IL67,Ina - Facility
IL68,Morris - Nettle Creek Landings
IL69,Chicago - Hdqtrs
IL70,Chicago - Wgn-Tv
IL71,Hurst - Dury Estates
IL72,Lostant - Entwistle
IL74,Huntley - Northwestern Medical Hospital
IL75,Chicago - John H
IL76,Walnut - Wilt
IL77,Chicago/Oak Lawn/ - Center
IL78,Kankakee - Benoit
IL79,Chicago - Resurrection Medical Center
IL80,De Land - Flying Illini
IL81,Clifton - Berns
IL82,Clinton - Martin
IL83,Walnut - Fisch
IL84,Colusa - Douglas
IL85,Kaneville - Oakfield
IL86,Beardstown - Krohe
IL87,Compton - W Davis
IL88,Compton - Earl Barnickel
IL89,Galesburg Osf
IL91,Columbia - Sackman
IL92,Harvey - Meml
IL93,Creston - Hendrickson Flying Service
IL94,Atlanta - Hoblit Farms
IL95,Custer Park - Corn
IL97,Mazon - Harford
IL98,Joliet - Chicagoland Speedway
IL99,Earlville - B & C
IN0,Stroh - Turkey
IN00,Montmorenci - Sutton
IN01,Bargersville - Kephart
IN02,Seymour - Green Acres
IN03,Petersburg - Alford
IN04,Kouts - Sojourner
IN05,Rushville - Stevens Farms
IN06,Indianapolis - Methodist Hospital Helistop
IN07,Marysville - Twin Lakes
IN08,Jasonville - Shakamak
IN09,Greenfield - Schleter
IN10,Kewanna - Plummer
IN11,Bourbon - Arrowhead Farm
IN12,Connersville - Dungan
IN13,Cedar Lake - Bianchi
IN14,Lanesville - Greenridge
IN15,Vincennes - T & T
IN16,Crown Point
IN17,Linton - Hospital
IN18,Harlan - Hook
IN19,Crown Point Franciscan
IN2,Jamestown - Snow Lake
IN20,Martinsville - Jungclaus
IN21,Francesville - Gutwein
IN22,Mooresville - Berling
IN23,Mount Vernon - Zeller Elev Company
IN24,Michigan City Franciscan
IN25,Jamestown - Hood
IN26,Milan - Mcpherson
IN27,Francesville - Culp
IN28,Munster
IN29,Otterbein - Durflinger
IN3,Mount Vernon - Posey Patch
IN30,Patoka - Hull
IN31,Pendleton - Hanna
IN32,Francesville - Hallmark
IN33,Peru - Robison
IN34,Goshen - Countryview
IN35,Greensburg - Hospital
IN36,Evansville - Plugger
IN37,Elletsville - Creekbend
IN38,North Liberty - Stewarts Green Acres
IN39,Lake Village - Blackhawk
IN4,Leo-Cedarville
IN40,Munster Franciscan
IN41,Union Mills - Flying U Ranch
IN42,Bremen - Hackbarth
IN43,Pekin - Spring Lake
IN44,Salem - Habermel
IN45,Roachdale - 4 Winds Aerodrome
IN46,Rockville - Butler
IN47,Richmond - White
IN48,Brazil - St
IN49,Shelbyville - Pherigo
IN5,Woolcottville - Adams Lake
IN50,Scottsburg - Beechwood Flying
IN51,Sheridan - Windy Knoll
IN52,Speedway - 500
IN53,Spencer - Miller
IN54,Culver - I & C
IN55,Veedersburg - Songer
IN56,Muncie - Carroll'S
IN57,Farmersburg - Shure
IN58,Martinsville - Mattingly
IN59,Newburgh - Jerry W Humphrey
IN6,Hudson Lake
IN60,Westfield - Wilderness
IN61,Wheatfield - Flying J
IN62,Churubusco - Tropria
IN63,Eaton - Horizon
IN64,Bargersville - Beck
IN65,Shipshewana - Wolfe
IN66,Clear Lake
IN67,South Bend - Granger Hospital
IN68,Richmond - Reid Hospital
IN69,Monterey - Blackmon
IN7,Cedar Lake
IN70,Chesterton - Bodin
IN71,Columbia City - Plew
IN72,Union Dale - Mayer
IN73,Carmel - Clarion
IN74,Muncie - Ball Meml Hospital
IN75,Middlebury - Blairport
IN76,Denham - Podell
IN77,Brownsburg - Dotlich
IN79,Gary - Methodist Hospital Northlake
IN80,English - Roberson
IN81,Carthage - Small
IN82,Granger - Foos
IN83,Hamilton - Lautzenhiser
IN84,Martinsville - Iu Health Morgan
IN85,Huntington - Bowlin
IN86,Knox - Wilson
IN87,Knox - Singleton'S Landing Strip
IN88,Cloverdale - Sanders Gyroport
IN89,Wabash Parkview
IN9,North Webster
IN90,Lowell - Wietbrock
IN91,Maples - Valhalla
IN92,Vincennes - Klein
IN93,New Carlisle - Hustons
IN94,Lawrenceburg - Dearborn County Hospital
IN95,Newburgh - Gateway Hospital
IN96,Logansport - Meml Hospital
IN97,Fort Wayne - Parkview
IN98,Finly - Farm Strip
IN99,Morgantown - Donica
IS00,Lowpoint - Jay Schertz Farm
IS01,Carlinville - Denby
IS02,Watseka - Dietchweiler
IS08,Summum - Curless
IS09,Glendale Heights - Center
IS13,Dudley - Bussart
IS15,Esmond - Vodden
IS16,Anna - Stolport
IS18,Minonk - Jerry Lay
IS19,Pecatonica - Carlson
IS20,Elgin - St
IS21,Staunton Community
IS22,Urbana - Agency
IS23,South Elgin - Turner
IS24,Ramsey - Harris
IS26,Farmer City - Niklaus
IS27,Nokomis
IS29,Streator Osf
IS30,Olympia Fields
IS33,Staunton - Willhoit
IS34,Lawrenceville - Piper'S Landing
IS37,Stockton Apt
IS38,Murphysboro - St
IS39,Winfield - Central
IS40,Monroe Center - Eudy
IS41,Newark - Vogen
IS43,Villa Glove - Riggins Farms
IS44,Pittsfield - Illini Community Hospital
IS45,Quincy - Mast
IS46,Sterling - Cgh Medical Center
IS47,Sycamore - Willis
IS48,Ullin - 22
IS49,Peru - Saint Elizabeth Medical
IS51,Carthage - Schilson
IS52,Donovan - Russell
IS54,Stonington - Mc Christy
IS55,La Harpe - Morton
IS56,Timewell - Herren
IS57,Marengo - Wind Rose Farm
IS59,Kirkland - Rotstein
IS60,Medora - Nixon Restricted Landing
IS62,Spring Bay - John D Rennick
IS63,De Kalb - Hoffman
IS64,Gridley - Kuntz
IS65,Sandwich - Woodlake Landing
IS66,Pontoosuc - Rhea
IS67,Princeton - Center
IS69,Meredosia - Kloker
IS71,Shirland - Koch
IS73,New Bedford - Woodley Aerial Spray
IS77,Witt - Rla Restricted Landing
IS78,Pecatonica - Early Merkel
IS79,Crystal Lake - Jackson
IS80,De Kalb - Uncle Chuck'S
IS81,Alsip
IS82,Greenfield - Area
IS83,Belvidere - Untied Acres
IS85,Patterson - Newton
IS86,Buckingham - Hendrix
IS88,Danville - Melody
IS89,Watseka - Iroquois Meml Hospital
IS93,Rock City Intl
IS94,Sandwich - Johnson
IS95,Sheridan - Harrington Farms
IS96,Urbana - Carle Hospital
IS97,Moline Trinity
IS99,Wolf Lake
JB01,Wisconsin Dells - Clearwater Aero Estates
JLA,Cooper Landing - Quartz Creek
JY00,Fairfield - Pio Costa Enterprises
JY01,Flemington - Hunterdon Medical Center
JY02,Mount Olive - Trade Zone
JY04,Green Creek - Paramount Air
JY06,Bedminster - The Farm
JY07,Stewartsville - Air-List-Ads
JY08,Woodstown - Var-Sky
JY11,Stratford Jefferson
JY14,Freehold - Halka
JY15,Medford - My Girls Helistop
JY16,Phillipsburg - Merrill Creek Reservoir
JY17,Shiloh - Woodcrest Farms Airstrip
JY18,Vincentown - Warren Hopely
JY21,New Jersey - Turnpike
JY24,Allamuchy - Weiss Farm
JY25,Gladstone - Liberty Cross Landing
JY27,Great Meadows - White Willow
JY28,Pomona - Atlantic
JY31,Bridgeton - Wide Sky
JY32,Leesburg - Bayside State Prison
JY34,Bernards Township - Verizon
JY35,Brick - Allen'S
JY36,Newton - Mianecki
JY39,Salem - Rainbow'S End
JY42,Frenchtown - Mabel'S
JY43,West Milford - Hill Top
JY64,Camden - Hospital
JY73,Vincentown - Red Lion
JY79,Atlantic City - Oceans Casino Resort
K00C,Durango - Animas Air Park
K00F,Broadus
K00M,Bay Springs - Thigpen
K00R,Livingston Muni Apt
K00U,Hardin - Big Horn County
K01,Auburn - Farington
K01G,Perry Warsaw
K01M,Belmont - Tishomingo County
K02A,Clanton - Chilton County
K02C,Brookfield - Capitol
K02G,East Liverpool - Columbiana County
K03,Long Lake Sagamore
K03B,Mansfield Muni Apt
K03D,Memphis Mem
K04A,Luverne - Frank Sikes
K04G,Youngstown - Lansdowne
K04M,Pittsboro - Calhoun County
K04W,Hinckley - Fld
K04Y,Hawley
K05C,Griffith Merrillville
K05D,New Town
K05U,Eureka Apt
K06,Beardstown Greater
K06A,Tuskegee - Moton
K06C,Chicago/Schaumburg
K06D,Rolla
K06M,Eupora
K06N,Middletown - Randall
K06R,Bellville - Grawunder
K06U,Jackpot
K06Y,Herman
K07,Rolla Downtown
K07A,Union Springs - Franklin
K07F,Gladewater
K07K,Central City
K07R,Bishop
K07V,La Veta
K08,Holly
K08A,Wetumpka
K08C,Jenison - Riverview
K08D,Stanley Muni
K08F,Coalgate
K08K,Harvard
K08M,Carthage
K09,Piseco
K09A,Butler Choctaw
K09J,Jekyll Island
K09K,Sargent
K09M,Charleston
K09R,Woodville - Tyler County
K0A2,Calhoun Falls - Hester
K0A3,Smithville Muni Apt
K0A4,Johnson City
K0A7,Hendersonville
K0A8,Centreville - Bibb County
K0A9,Elizabethton
K0B1,Bethel
K0B4,Hartington
K0B5,Montague - Turners Falls
K0B8,Fishers Island - Elizabeth
K0C0,Harvard - Dacy
K0C4,Pender
K0D8,Gettysburg Muni
K0E0,Moriarty
K0E8,Crownpoint
K0F2,Bowie
K0F3,Spirit Lake
K0F4,Loup City
K0F7,Eufaula - Fountainhead Lodge
K0F9,Tishomingo
K0G3,Tecumseh
K0G6,Bryan - Williams County
K0G7,Seneca Falls - Finger Lakes
K0H1,Wakeeney
K0I2,Brazil
K0I8,Cynthiana
K0J0,Abbeville
K0J4,Florala
K0J9,Utica - Flying V
K0K7,Humboldt Muni Apt
K0L7,Jean
K0L9,Overton - Echo Bay
K0M0,Dumas - Billy Free
K0M1,Parsons - Scott
K0M2,Tiptonville - Reelfoot Lake
K0M3,Hohenwald - Paul Bridges
K0M4,Camden - Benton County
K0M5,Waverly - Humphreys County
K0M8,Lake Providence - Byerley
K0M9,Delhi
K0O2,Baker
K0O4,Corning Muni Apt
K0O9,Gasquet - Ward
K0Q3,Schellville/Sonoma
K0Q5,Shelter Cove
K0R0,Columbia Marion
K0R1,Atmore
K0R4,Vidalia - Concordia Parish
K0R5,Winnfield - David G Joyce
K0R6,Hampton Muni
K0R7,Coushatta - The Red River
K0S0,Lind
K0S7,Oroville - Dorothy Scott
K0S9,Port Townsend - Jefferson County
K0U9,Midvale - Lee Williams
K0V3,Minden - Pioneer Village
K0V4,Brookneal
K0V6,Mission
K0V7,Kayenta
K0VG,Jonesville - Lee County
K0W3,Churchville - Harford County
K10C,Greenwood/Wonder Lake - Galt
K10G,Millersburg - Holmes County
K10U,Owyhee
K10X,Uvalde - Ox Ranch
K11,Claremore - Sam Riggs Airpark
K11A,Clayton
K11R,Brenham
K11S,Sekiu
K11V,Greeley - Easton/Valley View
K12A,Greenbrier - Arkavalley
K12D,Tower
K12G,Shelby
K12J,Brewton
K12K,Superior
K12N,Andover - Aeroflex
K12V,Milton - Ona
K12Y,Le Sueur
K13C,Lakeview
K13K,Eureka - William M. Milliken
K14A,Mooresville - Lake Norman
K14F,Hamlin
K14G,Fremont
K14J,Elba - Carl Folsom
K14M,Hollandale
K14Y,Long Prairie - Todd
K15,Osage Beach Grand
K15F,Haskell Muni
K15J,Adel - Cook County
K15M,Iuka
K16,Rome - Becks Grove
K16D,Perham
K16G,Tiffin - Seneca County
K16J,Dawson
K16S,Myrtle Creek
K16X,Justin - Propwash
K17,Montezuma Muni
K17G,Bucyrus
K17J,Donalsonville
K17K,Boise City
K17M,Magee
K17N,Cross Keys
K17V,Haxtun
K18A,Canon - Franklin County
K18I,Pine Knot - Mc Creary County
K18T,Tatum
K18V,Hudson - Platte Valley
K19,Albany Muni
K19M,Lexington - C. A. Moore
K19N,Berlin - Pine Valley
K19S,Sublette
K1A0,Chattanooga - Dallas
K1A3,Copperhill - Martin Campbell
K1A4,Samson - Logan
K1A5,Franklin - Macon County
K1A6,Middlesboro
K1A7,Gainesboro - Jackson County
K1A9,Prattville
K1B0,Dexter
K1B1,Hudson - Columbia County
K1B6,Hopedale Industrial
K1B9,Mansfield Muni Apt
K1BT,Bonne Terre
K1C1,Paxton
K1C5,Bolingbrook - Clow
K1D1,Milbank
K1D3,Platte
K1D6,Hector
K1D7,Webster - The Sigurd Anderson
K1D8,Redfield
K1F0,Ardmore
K1F4,Madill
K1F5,Hoxie
K1G0,Bowling Green - Wood County
K1G1,Elyria
K1G3,Kent
K1G4,Peach Springs - Grand Canyon West
K1G5,Medina
K1H0,St Louis - Creve Coeur
K1H2,Effingham
K1H3,Linn
K1H5,Willow Springs
K1H6,Tulsa - Harvey Young
K1H8,Casey
K1I5,Freehold
K1I7,Clinton Apt
K1I9,Delphi
K1J0,Bonifay - Tri-County
K1J6,Deland - Bob Lee Flight
K1K1,Benton - Lloyd Stearman
K1K2,Lindsay Muni
K1K4,Goldsby - David Jay Perry
K1K5,Waynoka
K1K7,Fredonia
K1K8,Ketchum - South Grand Lake
K1K9,Satanta
K1KS,Pleasanton - Linn County
K1L1,Panaca - Lincoln County
K1L3,Searchlight
K1L7,Escalante
K1L8,Hurricane - Dick Stout
K1L9,Parowan
K1M2,Belzoni
K1M4,Haleyville - Posey
K1M5,Portland - Douglas Hunter
K1M7,Fulton
K1M9,Cadiz - Lake Barkley State
K1MO,Mountain Grove
K1N1,Edgewood - Sandia
K1N7,Blairstown
K1O1,Grandfield
K1O2,Lakeport - Lampson
K1O3,Lodi
K1O4,Thomas
K1O5,Montague
K1O8,Tipton
K1Q2,Susanville - Spaulding
K1Q4,Tracy - New Jerusalem
K1QK,Quinter - Gove County
K1R1,Jena Apt
K1R4,Woodworth
K1R7,Brookhaven
K1R8,Bay Minette
K1S2,Darrington
K1S3,Forsyth - Tillitt
K1S5,Sunnyside
K1S6,Priest River
K1S9,Chewelah
K1T7,San Antonio - Kestrel
K1U2,Mud Lake
K1U7,Paris - Bear Lake County
K1V0,Navajo Dam
K1V2,Hyannis - Grant County
K1V6,Canon City - Fremont County
K1V8,Center - Leach
K1W1,Camas - Grove
K1X1,Higgins
K1Y5,New Hampton
K20A,Oneonta - Robbins
K20M,Macon Muni
K20N,Kingston Ulster
K20R,Crystal City
K20U,Beach
K20V,Kremmling - Elroy
K21D,St Paul - Lake Elmo
K21F,Jacksboro
K22,South Hutchinson - Mills
K22F,Jayton - Kent County
K22I,Mc Arthur - Vinton County
K22M,Pontotoc
K22N,Lehighton - Jake Arner
K22S,Paisley
K22W,Brevard - Transylvania County
K23,Cooperstown Westville
K23M,Quitman - Clarke County
K23R,Devine
K24,Jamestown - Russell County
K24A,Sylva - Jackson County
K24C,Lowell
K24F,Jefferson - Cypress River
K24J,Live Oak - Suwannee County
K24N,Dulce - Jicarilla Apache Nation
K24R,Dilley
K25D,Forest Lake
K25J,Cuthbert - Lower Chattahoochee
K25M,Ripley
K26,Carrollton Meml
K26A,Ashland/Lineville
K26N,Ocean City
K26R,Edna - Jackson County
K26U,Mc Dermitt
K27A,Elberton - Elbert County Patz
K27K,Georgetown Scott
K27R,Eldorado Apt
K28J,Palatka
K29,Council
K29D,Grove City
K29S,Gardiner
K2A0,Dayton - Mark Anton
K2A1,Jamestown
K2A2,Clinton - Holley Mountain
K2A5,Liberty - Causey
K2A6,Holly Grove
K2B3,Newport - Parlin
K2B7,Pittsfield
K2C8,Cavalier
K2CB,Blanding Army
K2D5,Oakes
K2E3,Gruver - Cluck Ranch
K2E5,Dell City
K2E7,Mc Lean
K2F0,Iraan
K2F1,Shamrock
K2F4,Tahoka - T Bar
K2F6,Skiatook
K2F7,Commerce
K2G1,Painesville - Concord
K2G2,Steubenville - Jefferson County
K2G4,Oakland - Garrett County
K2G9,Somerset County
K2GC,Fayetteville - Grays Creek
K2H0,Shelbyville - Shelby County
K2H2,Aurora Muni
K2H9,Rolette
K2I0,Madisonville Muni Apt
K2I3,Falls-Of-Rough
K2IS,Clewiston - Airglades
K2J2,Hinesville - Liberty County
K2J3,Louisville
K2J5,Millen
K2J9,Quincy Muni Apt
K2K4,Mangum - Scott
K2K6,Moline - Elk County
K2K7,Neodesha
K2K9,Haskell Apt
K2L0,Pineville
K2L1,Larimore
K2M0,Princeton
K2M2,Lawrenceburg
K2M4,Forest - G. V. Montgomery
K2M8,Millington - Charles W. Baker
K2MO,Mount Vernon Muni
K2O1,Quincy - Gansner
K2O3,Angwin
K2O6,Chowchilla
K2O7,Independence Apt
K2O8,Hinton Muni
K2P7,St Clairsville - Alderman
K2R0,Waynesboro
K2R1,Jeanerette - Le Maire
K2R2,Indianapolis - Hendricks County
K2R4,Milton - Peter Prince
K2R5,St Elmo
K2R6,Bunkie
K2R7,Franklinton
K2R9,Kenedy - Karnes County
K2RR,River Ranch
K2S4,Warden
K2S5,Waterville Apt
K2S6,Newberg - Sportsman
K2S7,Chiloquin
K2S8,Wilbur
K2S9,South Bend/Raymond/ - Willapa Harbor
K2T1,Muleshoe
K2U4,Rockford
K2V5,Wray
K2V6,Yuma
K2W5,Maryland
K2W6,Leonardtown - St. Mary'S County
K2Y4,Rockwell City
K30,Gansevoort - Heber
K30F,Lake Dallas - Lakeview
K30K,Ingalls
K31,Sharon Springs
K31E,West Creek - Eagles Nest
K32A,Danville Muni
K32S,Stevensville
K33,Salem Meml
K33J,Geneva Muni
K33K,Kinsley
K33M,Water Valley
K33N,Delaware
K33R,Groveton
K33S,Ritzville - Pru
K33U,Dutch John
K33V,Walden
K34,Gardner Muni
K34M,Campbell
K34R,Hallettsville
K35A,Union
K35D,Allegan - Padgham
K35S,Wasco State
K36K,Lakin - Kearny County
K36S,Happy Camp
K37F,Munday
K37K,Burneyville - Higgs
K37M,Hornersville
K37T,Calico Rock
K37V,Arapahoe
K38,Washington Veteran'S
K38D,Salem Inc
K38J,Hemingway
K38K,Lucas
K38S,Deer Lodge
K38U,Loa - Wayne Wonderland
K39N,Princeton/Rocky Hill
K3A2,Tazewell
K3A4,Greensboro Exec
K3A5,Yerington - Flying M Ranch
K3A7,Eutaw
K3AU,Augusta
K3B0,Southbridge
K3B1,Greenville Muni Apt
K3B3,Sterling
K3B4,Eliot - Seacoast
K3B5,Turner - Twitchell
K3C1,Elkhart - Mishawaka Pilots Club
K3C8,Calverton
K3CK,Chicago/Lake In The Hills
K3CM,Bay City - James Clements
K3CU,Cable
K3D1,Crivitz
K3D2,Ephraim
K3DA,Flushing - Dalton
K3DW,Springfield - Downtown
K3E0,Miami
K3F2,Cisco
K3F3,Mansfield - Rusty
K3F4,Vivian Apt
K3F6,Paducah - Dan E Richards
K3F7,Bristow - Jones
K3F9,Mineola
K3FU,Faulkton
K3G1,Wattsburg - Erie County
K3G2,Grygla
K3G3,Wadsworth
K3G4,Ashland County
K3G5,Dawson Army
K3G6,Sebring - Tri City
K3GM,Grand Haven
K3GV,Grain Valley - East Kansas City
K3H4,Hillsboro
K3HO,Hobart Sky
K3I2,Point Pleasant - Mason County
K3I3,Terre Haute - Sky King
K3I4,Richwood
K3I7,Phillipsburg
K3J0,Hampton Varnville
K3J1,Ridgeland
K3J7,Greensboro - Greene County
K3JC,Junction City - Freeman
K3K3,Syracuse
K3K6,St Jacob
K3K7,Leoti - Mark Hoard
K3K8,Coldwater - Comanche County
K3L2,Sandy Valley - Sky Ranch
K3LF,Litchfield
K3M0,"Lakeview, Arkansas - Gastons"
K3M2,Double Springs
K3M7,Lafayette
K3M8,Reform - North Pickens
K3M9,Warren Muni Apt
K3MY,Peoria - Mount Hawley Auxiliary
K3N6,Old Bridge
K3N8,Mahnomen
K3O1,Gustine
K3O3,Purcell
K3O4,Sayre
K3O5,Walters
K3O9,Afton - Grand Lake
K3P3,Mott
K3R2,Crowley - Le Gros
K3R4,Many - Hart
K3R7,Jennings
K3R9,Austin - Lakeway
K3RC,Roscommon
K3S4,Cave Junction - Illinois Valley
K3S8,Grants Pass
K3S9,Condon
K3SQ,St Charles
K3T3,Boyceville
K3T5,La Grange - Fayette
K3TE,Tecumseh - Meyers–Diver'S
K3TR,Niles - Jerry Tyler
K3U3,Anaconda - Bowman
K3U4,Ashland - St Labre Mission
K3U7,Benchmark
K3U8,Big Sandy
K3V0,Fairburn - Custer State Park
K3V7,Belle Creek
K3W2,Put-In-Bay
K3W5,Concrete - Mears
K3W7,Electric City - Grand Coulee Dam
K3W8,Eureka Muni
K3Y2,West Union - George L Scott
K3Y3,Winterset
K40,Anvik
K40G,Grand Canyon - Valle
K40J,Perry Foley
K40U,Manila
K41A,Tallassee - Reeves
K41F,Floydada
K41N,Newton Falls - Braceville
K41U,Manti
K42A,Melbourne John
K42B,East Haddam - Goodspeed
K42C,White Cloud
K42I,Zanesville - Parr
K42J,Keystone Heights
K42M,Thayer
K42S,Poplar Apt
K42U,Morgan
K42V,Benkelman - Jones
K43,Unionville
K43A,Star - Montgomery County
K43B,Deblois
K43D,Odessa Muni
K43K,Marion Muni
K43U,Mount Pleasant Apt
K44,Beaver Muni
K44A,San Luis - Rolle
K44C,Beloit
K44N,Millbrook - Sky Acres
K44U,Salina
K45G,Brighton
K45K,Minneapolis
K45R,Kountze/Silsbee - Hawthorne
K46D,Carrington
K46U,Alpine Apt
K47K,Moundridge
K47N,Manville - Jersey
K47V,Curtis
K48A,Cochran
K48D,Clare
K48I,Sutton - Braxton County
K48K,Ness City
K48S,Harlem
K48Y,Pinecreek
K49,Texhoma
K49A,Ellijay - Gilmer County
K49B,Sturgis
K49R,Leakey - Real County
K49X,Chemehuevi Valley
K4A0,Stockbridge - Berry Hill
K4A4,Cedartown - Polk County
K4A5,Marshall - Searcy County
K4A6,Scottsboro
K4A7,Hampton - Atlanta Speedway
K4A9,Fort Payne - Isbell
K4B0,South Bethlehem
K4B6,Ticonderoga
K4B7,Schroon Lake
K4B8,Plainville - Robertson
K4C8,Albia
K4D0,Grand Ledge - Abrams
K4D8,Milford - Fuller
K4D9,Alma Muni
K4E7,Ellendale
K4F1,Westport Apt
K4F2,Carthage - Panola County
K4F7,Prescott - Kizer
K4F8,Stephens - Wilson
K4F9,La Moure
K4G1,Greenville Muni Apt
K4G4,Youngstown
K4G5,Woodsfield - Monroe County
K4G7,Fairmont
K4G8,Columbia Station
K4I0,Williamson - Mingo County
K4I3,Mount Vernon - Knox County
K4I7,Greencastle - Putnam County
K4I9,Mount Gilead - Morrow County
K4J1,Nahunta - Brantley County
K4J2,Nashville - Berrien County
K4J5,Quitman
K4J6,St Marys
K4J8,Soperton - Treutlen County
K4K3,Lexington Muni
K4K6,Bloomfield Muni Apt
K4M1,Berryville - Carroll County
K4M2,Booneville
K4M3,Carlisle Muni
K4M5,Dermott
K4M7,Russellville Logan
K4M8,Clarendon
K4M9,Corning Muni Apt
K4MB,Moultonboro
K4N1,West Milford - Greenwood Lake
K4O4,Idabel - Mc Curtain County
K4O5,Cherokee
K4P3,Flandreau
K4R1,Lumberton - Bass Jr
K4R3,Jackson
K4R5,La Pointe - Gilbert
K4R7,Eunice
K4R9,Dauphin Island - Jeremiah Denton
K4S1,Gold Beach
K4S2,Hood River - Ken Jernstedt
K4S5,St. Thomas
K4S9,Portland-Mulino
K4T2,Fort Worth - Kenneth Copeland
K4U6,Circle
K4U9,Dell
K4V0,Rangely
K4V1,Walsenburg - Spanish Peaks
K4V4,Northwood
K4V9,Neligh - Antelope County
K4X4,Wessington Springs
K4Y4,Gaylord - Lakes Of The
K50,Rose Hill - Cook
K50D,Crystal Falls - Iron County
K50F,Fort Worth - Bourland
K50I,Kentland
K50R,Lockhart
K50S,Parma Apt
K51,Medicine Lodge
K51A,Hawkinsville
K51D,Edgeley
K51J,Lake City
K51M,Mio - Oscoda County/Dennis Kauffman
K51R,Madisonville Muni Apt
K52,Monroe City
K52A,Madison
K52F,Roanoke - Northwest
K52J,Bishopville - Lee County Butters
K52S,St. Ignatius
K53A,Montezuma - Sr.
K53K,Osage City
K54F,Robert Lee
K54J,Defuniak Springs
K54T,Baytown - Rwj
K55,Valdez - Thompson Pass
K55K,Oxford Muni
K55M,Star City
K55Y,Rushford
K56D,Upper Sandusky - Wyandot County
K56F,Rotan/Roby - Fisher County
K57,Tarkio - Gould Peterson
K57C,East Troy
K57S,Troy
K58,Ashland - Harold Krier Fld
K58M,Elkton - Claremont
K59,Atchison - Amelia Earhart
K59B,Jackman - Newton
K5A1,Norwalk
K5A4,Okolona
K5A6,Winona
K5A9,Warm Springs - Roosevelt
K5B2,Saratoga Springs
K5B5,Napoleon
K5B7,Troy - Rensselaer County
K5B9,Haverhill - Dean
K5C1,San Antonio - Boerne Stage
K5C3,Nary
K5C8,Washburn
K5F0,Arcadia Bienville
K5F1,Post
K5F4,Homer
K5G0,Le Roy
K5G6,Galeton - Cherry Springs
K5G7,Bluffton
K5G8,Jeannette
K5H4,Harvey
K5I4,Sheridan Apt
K5J9,Loris - Twin City
K5K1,Palmyra - Zelmer
K5K2,Tribune
K5L0,Lakota
K5M0,Hartselle - Hartselle–Morgan County
K5M1,De Witt - Dewitt
K5M4,Fordyce
K5M5,Decatur - Crystal Lake
K5M8,Gurdon
K5M9,Marion Crittenden
K5N2,Prentice
K5N4,Enderlin - Sky Haven
K5N8,Casselton
K5O1,Vici
K5P2,Mc Laughlin
K5R1,Chatom - Roy Wilcox
K5R2,Ocean Springs
K5R4,Foley
K5R8,De Quincy
K5S0,Oakridge
K5S2,Crescent Lake
K5S6,Denmark - Cape Blanco State
K5S9,Estacada - Valley View
K5T9,Eagle Pass - Maverick County
K5U1,Dutton
K5U5,Fairfield
K5U7,Fort Smith Landing
K5U8,Geraldine
K5V5,Shiprock
K5W1,Wilson Creek
K5W4,Raeford - P K
K5W5,Raleigh - Triple W
K5Y1,Hessel - Albert J Lindberg
K60C,Elroy
K60F,Seymour
K60J,Ocean Isle Beach - Odell Williamson
K60R,Navasota
K61,Beloit - Moritz Meml
K61A,Camden
K61C,Fort Atkinson
K61D,Plainwell
K61R,Newton
K61S,Cottage Grove
K62,Falmouth - Gene Snyder
K62D,Warren Apt
K62S,Christmas Valley
K63,Council Grove
K63B,Limington
K63C,Friendship (Adams) - Adams County
K63F,Stanton Muni
K63M,Hermann
K63S,Colville
K64,Baldwin City - Vinland Valley Aerodrome
K64S,Prospect
K64V,Wallace
K65,Dighton
K65J,Wrens
K65S,Bonners Ferry - Boundary County
K66R,Columbus - Robert R Wells
K66V,Bluff
K66Y,Diamondhead
K67,Oswego
K67A,Fort Deposit
K67L,Mesquite
K67R,Rio Grande City
K68,Garnett
K68F,Teague
K68J,Tallahassee /Havana/
K68S,Davenport
K69K,Wamego
K69V,Huntington
K6A1,Butler Muni
K6A2,Griffin
K6A4,Mountain City - Johnson County
K6B0,Middlebury
K6B4,Utica/Frankfort
K6B6,Stow - Minute Man Air
K6B9,Skaneateles
K6D1,Brooten
K6D3,Maddock
K6D6,Greenville Muni Apt
K6D9,East Tawas - Iosco County
K6E5,Desmet - Wilder
K6F1,Talihina
K6G0,Davison - Williams
K6G1,Titusville
K6G4,Mount Vernon - Wynkoop
K6G5,Barnesville
K6I2,Springfield Apt
K6I4,Lebanon - Boone County
K6I6,Columbus - Darby Dan
K6J0,Pelion
K6J2,St George
K6J4,Saluda
K6J7,Darlington - Branhams
K6J8,High Springs - Oak Tree Landing
K6K3,Creighton
K6K4,Fairview Muni
K6K5,Sisters
K6L3,Lisbon Muni
K6L4,Logan
K6L5,Wishek
K6M0,Hazen
K6M2,Horseshoe Bend
K6M6,Monticello - Lewis County
K6M7,Marianna
K6M8,Marked Tree
K6P7,Freeport - Mcville
K6R1,Welsh
K6R3,Cleveland Muni Apt
K6R6,Dryden - Terrell County
K6S0,Big Timber
K6S1,Bridger
K6S2,Florence
K6S3,Columbus - Woltermann
K6S5,Hamilton - Ravalli County
K6S8,Laurel Muni Apt
K6U7,Hysham
K6V0,Edgemont
K6V4,Wall
K6V5,Bison
K6Y1,Bois Blanc Island
K6Y8,Beaver Island - Welke
K70A,Linden - Freddie Jones
K70J,Cairo Grady
K71,Lincoln Muni
K71A,Pine Hill
K71J,Ozark - Blackwell
K71N,Sunbury
K72F,Throckmorton
K72S,Rosalia
K73C,Lancaster
K74,Kindred - Robert Odegaard
K74S,Anacortes
K74V,Roosevelt
K75,Osborne
K75J,Ashburn - Turner County
K76F,Wills Point - Van Zandt County
K76G,Marine
K77,Freedom Muni
K77F,Winters
K77G,Marlette
K77S,Creswell - Hobby
K78,Abilene Muni
K78R,San Augustine
K78Y,Maryville - Rankin
K79,Jetmore
K79D,Philippi
K79J,Andalusia/Opp
K79S,Fort Benton
K7A0,Greensboro Muni
K7A3,Lanett
K7A4,Apple River - Foster
K7A5,Roanoke
K7A6,Stevenson
K7A8,Spruce Pine - Avery County
K7B2,Northampton
K7B6,Warehouse Point - Skylark
K7D3,Baldwin Muni
K7D9,Geneva - Germack
K7F3,Caddo Mills
K7F5,Canton Hackney
K7F7,Clifton
K7G0,Brockport - Ledgedale
K7G8,Middlefield - Geauga County
K7G9,Canton Muni
K7I2,Muncie - Reese
K7I4,Orleans
K7K4,Hartford - Ohio County
K7K5,Kenmare
K7K8,So Sioux City - Martin
K7L2,Linton
K7L8,Indianapolis - Post Air
K7M1,Mc Gehee
K7M2,Mountain View
K7M3,Mount Ida - Bearce
K7M4,Osceola Muni Apt
K7M5,Ozark
K7M6,Paris Muni
K7M7,Piggott
K7M8,Rector
K7M9,Salem Apt
K7N1,Corning Painted
K7S0,Ronan
K7S5,Independence State
K7S6,White Sulphur Springs
K7S7,Valier
K7S9,Hubbard - Lenhardt
K7SP,Seven Springs Borough
K7T7,Midland - Skywest Inc
K7V2,Paonia - North Fork Valley
K7V3,Walworth - Big Foot
K7V5,Brush
K7V7,Red Cloud
K7V8,Julesburg
K7V9,Las Animas
K7W4,Bumpass - Lake Anna
K7W5,Napoleon - Henry County
K7W6,Engelhard - Hyde County
K7Y2,Thompsonville
K7Y4,Bagley
K80D,Harrison - Clare County
K80F,Antlers
K80T,Quincy Muni Apt
K81,Paola - Miami
K81B,Oxford County
K81R,San Saba
K82,Smith Center
K82A,Buena Vista - Marion County
K82C,New Lisbon
K82J,Pensacola - Ferguson
K82V,Pine Bluffs
K83,Sabetha
K83D,St Ignace - Mackinac County
K84D,Eagle Butte
K84R,Smithville Crawford
K84Y,Bloomfield Muni Apt
K86F,Carnegie
K87,Hiawatha
K87I,Yazoo City
K87K,El Dorado Springs
K87Y,Madison - Blackhawk
K88,Iola - Allen County
K88J,Allendale
K88M,Eureka Apt
K88R,Spicewood
K89,Macon Fower
K8A0,Albertville
K8A1,Guntersville
K8A3,Livingston Muni Apt
K8A6,Charlotte - Wilgrove Air Park
K8A7,Mocksville - Twin Lakes
K8B0,Rangeley - Steven A. Bean
K8B1,Hillsboro - Hawthorne Feather
K8B2,Twin Mountain
K8B5,Barre/Barre Plains - Hiller
K8C4,Tipton - Mathews
K8D1,New Holstein
K8D3,Sisseton
K8D4,Sparta - Miller
K8D7,Clark
K8F3,Crosbyton
K8F5,Daingerfield - Greater Morris County
K8F6,Murdo
K8G1,Willard
K8G2,Corry
K8G6,Cadiz - Harrison County
K8GK,Sparta - Gallatin County
K8J7,New Rockford - Tomlinson
K8K2,Harper
K8K8,Cimarron
K8M1,Booneville/Baldwyn
K8M8,Lewiston - Eagle Ii
K8M9,Providence
K8N2,Ottawa - Skydive Chicago
K8N8,Danville Apt
K8S0,Browning
K8S1,Polson
K8S4,Enterprise
K8T6,George West - Live Oak County
K8T8,San Antonio Apk
K8U6,Terry
K8U8,Townsend
K8V1,Del Norte
K8V2,Atkinson
K8V3,Parkston
K8V7,Springfield Muni Apt
K8W2,New Market
K8W3,Mansfield Apt
K8WC,Potosi - Washington County
K8Y6,Clear Lake
K90F,Broken Bow
K91,Horton
K91C,Prairie Du Sac - Sauk
K91F,Canadian - Carlton Landing
K92F,Chattanooga
K93C,Richland Center
K93F,Cheyenne - Mignon Laird
K93Y,David City
K94,La Crosse - Rush County
K94E,Silver City - Whiskey Creek
K94K,Cassville Muni Apt
K94R,Wharton - Gav Air
K95D,Beulah
K95E,Stallion Army
K95F,Cleveland Muni Apt
K96,Tuscola
K96D,Walhalla
K97M,Ekalaka
K98,Allison
K98D,Onida
K99N,Bamberg County
K99V,Crawford
K9A0,Dahlonega - Lumpkin County Wimpys
K9A4,Courtland
K9A5,Lafayette Apt
K9C8,Evart
K9D0,Highmore
K9D1,Gregory
K9D2,Buffalo - Harding County
K9D4,Myerstown - Deck
K9D7,Cando
K9D9,Hastings
K9F0,Dublin Muni
K9F8,Hoven
K9F9,Fort Worth - Sycamore Strip
K9G0,Buffalo Airfield
K9G1,Pittsburgh
K9G2,Linden - Prices
K9G3,Akron
K9G8,Ebensburg
K9K7,Ellsworth
K9K8,Kingman
K9L2,Edwards
K9M4,Ackerman
K9M6,Oak Grove - Kelly
K9M8,Sheridan Muni
K9S2,Scobey
K9S4,Superior - Mineral County
K9S5,Three Forks
K9S9,Lexington Apt
K9U0,Turner
K9U4,Dixon Apt
K9U7,Currant
K9V5,Rushville - Modisett
K9V6,Martin Muni
K9V7,Eads
K9V9,Chamberlain
K9X1,Porter - Williams
K9Y1,Killdeer - Weydahl
KA08,Marion - Vaiden
KA09,Bullhead City - Eagle
KA20,Bullhead City - Sun Valley
KA24,California Pines
KA26,Adin
KA30,Fort Jones - Scott Valley
KA32,Dorris - Butte Valley
KA34,Dayton/Carson City
KA39,Phoenix
KA50,Colorado Springs
KAAA,Lincoln - Logan County
KAAF,Apalachicola
KAAO,Wichita - James Jabara
KAAS,Campbellsville - Taylor County
KAAT,Alturas
KABE,Allentown - Lehigh Valley
KABI,Abilene Rgnl
KABQ,Albuquerque Sunport
KABR,Aberdeen Rgnl
KABY,Albany Rgnl
KACB,Bellaire - Antrim County
KACJ,Americus - Jimmy Carter
KACK,Nantucket Meml
KACP,Oakdale - Allen Parish
KACQ,Waseca
KACT,Waco
KACV,California Redwood
KACY,Atlantic City Intl
KACZ,Wallace Pender
KADC,Wadena
KADF,Arkadelphia - Meml
KADG,Adrian - Lenawee County
KADH,Ada Rgnl
KADM,Ardmore Muni
KADS,Dallas - Addison
KADT,Atwood Rawlins
KADU,Audubon County
KADW,Camp Springs - Joint Base
KAE,Kake
KAEG,Albuquerque - Double Eagle Ii
KAEJ,Buena Vista Central
KAEL,Albert Lea
KAEX,Alexandria Intl
KAFF,Colorado Springs - Usaf Academy Davis
KAFJ,Washington County
KAFK,Nebraska City
KAFN,Jaffrey
KAFO,Afton
KAFP,Wadesboro - Anson County/Jeff Cloud
KAFW,Fort Worth Fld
KAGC,Pittsburgh - Allegheny County
KAGO,Magnolia - Ralph C Weiser
KAGR,Macdill Aux Afb
KAGS,Augusta At
KAGZ,Wagner
KAHC,Herlong - Amedee Aaf
KAHH,Amery
KAHN,Athens Ben
KAHQ,Wahoo
KAIA,Alliance Muni
KAIB,Nucla - Hopkins
KAID,Anderson Rgnl
KAIG,Antigo - Langlade County
KAIK,Aiken
KAIO,Atlantic Muni
KAIT,Aitkin
KAIV,Aliceville - George Downer
KAIZ,Kaiser/Lake Ozark - Lee C Fine
KAJG,Mount Carmel
KAJO,Corona
KAJR,Cornelia - Habersham County
KAJZ,Delta - Blake
KAKH,Gastonia
KAKO,Colorado Rgnl
KAKQ,Wakefield
KAKR,Akron Fulton
KALB,Albany Intl
KALI,Alice
KALM,Alamogordo
KALN,Alton/St Louis
KALO,Waterloo
KALS,Alamosa - San Luis Valley
KALW,Walla Walla
KALX,Alexander City - Thomas C Russell
KAMA,Amarillo Intl
KAMG,Alma - Bacon County
KAMN,Alma - Gratiot Community
KAMT,West Union - Alexander Salamon
KAMW,Ames
KANB,Anniston Rgnl
KAND,Anderson Rgnl
KANE,Minneapolis - Anoka County Blaine
KANJ,Sault Ste Marie Muni/Sanderson
KANK,Salida Harriett
KANP,Annapolis - Lee
KANQ,Angola - Tri-State Steuben County
KANW,Ainsworth
KANY,Anthony Muni
KAOC,Arco
KAOH,Lima Allen
KAOO,Altoona
KAOV,Ava
KAPA,Denver - Centennial
KAPC,Napa
KAPF,Naples Muni
KAPG,Aberdeen Proving Grounds (Aberdeen) - Phillips Aaf
KAPH,Bowling Green - Hill
KAPN,Alpena
KAPS,Reserve South
KAPT,Jasper - Marion County/Brown
KAPV,Apple Valley
KAPY,Zapata
KAQO,Llano
KAQP,Appleton Muni
KAQR,Atoka Muni
KAQW,North Adams - Harriman-And-West
KAQX,Allendale
KARA,New Iberia - Acadiana
KARB,Ann Arbor
KARG,Walnut Ridge
KARM,Wharton
KARR,Chicago/Aurora
KART,Watertown Intl
KARV,Minocqua-Woodruff - Meml
KARW,Beaufort Exec
KASD,Slidell
KASE,Aspen Pitkin
KASG,Springdale
KASH,Nashua - Boire
KASJ,Ahoskie - Joyner
KASL,Marshall - Harrison County
KASN,Talladega Muni
KAST,Astoria Rgnl
KASW,Warsaw Muni
KASX,Ashland - John F Kennedy
KASY,Ashley
KATA,Atlanta - Hall-Miller
KATL,Atlanta Intl
KATS,Artesia
KATW,Appleton Intl
KATY,Watertown Rgnl
KAUG,Augusta State
KAUH,Aurora Potter
KAUM,Austin Muni
KAUN,Auburn Muni
KAUO,Auburn University
KAUS,Austin Bergstrom
KAUW,Wausau
KAVC,South Hill - Mecklenburg-Brunswick
KAVK,Alva
KAVL,Asheville
KAVO,Avon Park
KAVP,Wilkes-Barre/Scranton
KAVQ,Marana
KAVX,Avalon - Catalina
KAWG,Washington Muni
KAWM,West Memphis
KAWO,Arlington Muni
KAXA,Algona
KAXH,Houston Southwest
KAXN,Alexandria Rgnl/Chandler
KAXQ,Clarion County
KAXS,Altus Quartz
KAXV,Wapakoneta - Neil Armstrong
KAXX,Angel Fire
KAYS,Waycross
KAYX,Arnold Afb
KAZC,Colorado City Muni
KAZE,Hazlehurst
KAZO,Kalamazoo
KAZU,Fort Chaffee - Arrowhead Assault Strip
KB16,Weedsport - Whitfords
KB19,Biddeford
KB21,Carrabassett - Sugarloaf
KBAB,Beale Afb
KBAC,Valley City - Barnes
KBAD,Barksdale Afb
KBAF,Westfield/Springfield
KBAK,Columbus Muni
KBAM,Battle Mountain
KBAX,Bad Axe - Huron County Meml
KBAZ,New Braunfels
KBBB,Benson Muni
KBBD,Brady - Curtis
KBBG,Branson
KBBP,Bennettsville - Avent
KBBW,Broken Bow Glaze
KBCB,Virginia Tech/Montgomery
KBCE,Bryce Canyon
KBCK,Black River Falls
KBCR,Bonifay - Tri-County
KBCT,Boca Raton
KBDE,Baudette
KBDG,Blanding Muni
KBDH,Willmar
KBDJ,Boulder Junction
KBDL,Windsor Locks - Bradley
KBDN,Bend
KBDQ,Morrilton Muni
KBDR,Bridgeport Sikorsky
KBDU,Boulder Muni
KBEA,Beeville
KBEC,Wichita - Beech Factory
KBED,Bedford - Laurence G Hanscom
KBEH,Benton Harbor
KBFA,Boyne Falls
KBFD,Bradford Rgnl
KBFE,Brownfield - Terry County
KBFF,Scottsbluff
KBFI,Seattle - Boeing
KBFK,Buffalo Muni
KBFL,Bakersfield - Meadows
KBFM,Mobile Intl
KBFR,Bedford - Virgil I Grissom
KBFW,Silver Bay
KBFZ,Albertville
KBGD,Borger - Hutchinson County
KBGE,Bainbridge - Park
KBGF,Winchester Muni
KBGM,Binghamton Fld
KBGR,Bangor
KBHB,Bar Harbor Hancock
KBHC,Baxley
KBHK,Baker Muni
KBHM,Birmingham
KBID,Block Island
KBIE,Beatrice
KBIF,Fort Bliss/El Paso/ - Biggs Aaf Bliss
KBIH,Bishop
KBIJ,Blakely - Early County
KBIL,Billings Logan
KBIS,Bismarck Muni
KBIV,Holland West
KBIX,Keesler Afb
KBJC,Denver - Rocky Mountain
KBJI,Bemidji
KBJJ,Wooster - Wayne County
KBKD,Breckenridge - Stephens County
KBKE,Baker City
KBKF,Aurora - Buckley Space Force
KBKL,Cleveland - Burke Lakefront
KBKN,Blackwell
KBKS,Falfurrias - Brooks County
KBKT,Blackstone - Aaf
KBKV,Brooksville
KBKW,Beckley - Raleigh County Meml
KBKX,Brookings Rgnl
KBLF,Bluefield - Mercer County
KBLH,Blythe
KBLI,Bellingham
KBLM,Belmar/Farmingdale - Monmouth
KBLU,Emigrant Gap - Blue Canyon Nyack
KBLV,Belleville - Scott
KBMC,Brigham City Rgnl
KBMG,Bloomington - Monroe County
KBMI,Bloomington/Normal
KBML,Berlin Rgnl
KBMQ,Burnet
KBMT,Beaumont Muni
KBNA,Nashville
KBNG,Banning
KBNL,Barnwell
KBNO,Burns
KBNW,Boone Muni
KBOI,Boise
KBOK,Brookings
KBOS,Boston - Edward Lawrence Logan
KBOW,Bartow Exec
KBPG,Big Spring
KBPI,Big Piney - Miley Meml
KBPK,Mountain Home - Baxter County
KBPP,Bowman
KBPT,Beaumont/Port Arthur - Jack Brooks Rgnl
KBQK,Brunswick Golden
KBQP,Bastrop - Morehouse Meml
KBQR,Buffalo Lancaster
KBRD,Brainerd
KBRG,Belen
KBRL,Burlington Rgnl
KBRO,Brownsville Padre
KBRY,Bardstown - Samuels
KBST,Belfast
KBTA,Blair Exec
KBTF,Bountiful - Skypark
KBTL,Battle Creek
KBTM,Butte - Bert Mooney
KBTN,Britton
KBTP,Butler - Pittsburgh
KBTR,"Baton Rouge Metro,"
KBTV,Burlington Intl
KBTY,Beatty
KBUB,Burwell - Cram
KBUF,Buffalo Niagara
KBUM,Butler Meml
KBUR,Burbank - Bob Hope
KBUU,Burlington Muni
KBUY,Burlington Alamance
KBVI,Beaver Falls
KBVN,Albion
KBVO,Bartlesville
KBVS,Burlington/Mount Vernon - Skagit Rgnl
KBVU,Boulder City Muni
KBVX,Batesville Rgnl
KBVY,Beverly Rgnl
KBWC,Brawley
KBWD,Brownwood
KBWG,Bowling Green Warren
KBWI,Baltimore Washington
KBWP,Wahpeton - Harry Stern
KBWW,Bowman
KBXA,Bogalusa - George R Carr
KBXG,Waynesboro - Burke County
KBXK,Buckeye
KBXM,Brunswick Exec
KBYG,Buffalo - Johnson
KBYH,Arkansas Intl
KBYI,Burley
KBYL,Williamsburg
KBYS,Fort Irwin/Barstow - Bicycle Lake Aaf
KBYY,Bay City
KBZN,Bozeman Yellowstone
KC02,Lake Geneva Apt
KC03,Nappanee
KC04,Hart/Shelby - Oceana County
KC08,Westcliffe - Silver
KC09,Morris
KC15,Pekin
KC16,Urbana - Frasca
KC17,Marion Apt
KC20,Berrien Springs - Andrews University
KC22,Centre
KC24,Creede - Mineral County
KC25,Waverly
KC27,Manchester Muni
KC29,Middleton
KC35,Reedsburg
KC47,Portage
KC56,Monee - Bult
KC59,Delavan - Lake Lawn
KC62,Kendallville
KC65,Plymouth Muni
KC66,Monmouth
KC71,Crosby Muni Apt
KC73,Dixon Charles
KC74,Cassville Muni Apt
KC75,Lacon - Marshall County
KC77,Poplar Grove
KC80,Coalinga
KC81,Grayslake - Campbell
KC83,Byron Apt
KC91,Dowagiac
KC92,Mentone
KCAD,Cadillac - Wexford County
KCAE,Columbia Metro
KCAG,Craig Moffat
KCAK,Akron Canton
KCAO,Clayton Airpark
KCAR,Caribou
KCAV,Clarion Muni
KCBE,Cumberland Rgnl
KCBF,Council Bluffs
KCBG,Cambridge Muni
KCBK,Colby - Shalz
KCBM,Columbus Afb
KCCA,Clinton Muni
KCCB,Upland - Cable
KCCO,Atlanta - Newnan Coweta
KCCR,Concord - Buchanan
KCCY,Charles City Rgnl
KCDA,Lyndonville - Caledonia County
KCDC,Cedar City Rgnl
KCDD,Crane Lake - Scotts
KCDH,Camden - Harrell
KCDI,Cambridge Muni
KCDK,Cedar Key - George T Lewis
KCDN,Camden - Woodward
KCDR,Chadron Muni
KCDS,Childress Muni
KCDW,Caldwell - Essex County
KCEA,Wichita - Cessna Acft
KCEC,Crescent City - Jack Mc Namara
KCEF,Springfield/Chicopee - Westover
KCEK,Crete
KCEU,Clemson - Oconee County
KCEV,Connersville - Mettel
KCEW,Crestview - Bob Sikes
KCEY,Murray - Kyle Oakley Fld
KCEZ,Cortez
KCFD,Bryan - Coulter
KCFE,Buffalo Muni
KCFJ,Crawfordsville
KCFO,Colorado Air
KCFS,Caro - Tuscola Area
KCFT,Clifton/Morenci - Greenlee County
KCFV,Coffeyville Muni
KCGC,Crystal River Davis
KCGE,Cambridge Dorchester
KCGF,Cleveland - Cuyahoga County
KCGI,Cape Girardeau
KCGS,College Park
KCGZ,Casa Grande
KCHA,Chattanooga - Lovell
KCHD,Chandler Muni
KCHK,Chickasha
KCHN,Wauchula
KCHO,Charlottesville
KCHQ,Charleston - Mississippi County
KCHS,Charleston Afb/Intl
KCHT,Chillicothe
KCHU,Caledonia - Houston
KCIC,Chico
KCID,Cedar Rapids The
KCII,Choteau
KCIN,Carroll - Arthur N Neu
KCIR,Cairo Rgnl
KCIU,Sault Ste Marie - Chippewa County
KCJJ,Cresco - Ellen Church
KCJR,Culpeper
KCKA,Cherokee - Kegelman Af Aux
KCKB,Clarksburg - North Central
KCKC,Grand Marais/Cook County
KCKF,Cordele - Crisp County
KCKI,Kingstree - Williamsburg
KCKM,Clarksdale - Fletcher
KCKN,Crookston
KCKP,Cherokee County
KCKV,Clarksville - Outlaw
KCKZ,Perkasie - Pennridge
KCL,Chignik Lagoon
KCLE,Cleveland Hopkins
KCLI,Clintonville
KCLK,Clinton Rgnl
KCLL,College Station - Easterwood
KCLM,Port Angeles - William R Fairchild
KCLR,Calipatria - Cliff Hatfield Meml
KCLS,Chehalis
KCLT,Charlotte
KCLW,Clearwater Air
KCMA,Camarillo
KCMD,Cullman Rgnl/Folsom
KCMH,Columbus Intl
KCMI,Champaign/Urbana
KCMR,Williams - Meml
KCMX,Hancock - Houghton County Meml
KCMY,Sparta Fort
KCNB,Canby - Myers
KCNC,Chariton
KCNH,Claremont
KCNI,Canton - Cherokee County
KCNK,Concordia - Blosser
KCNM,Carlsbad - Cavern
KCNO,Chino
KCNP,Chappell - Billy
KCNU,Chanute
KCNW,Waco Tstc
KCNY,Moab - Canyonlands
KCOD,Cody - Yellowstone
KCOE,Coeur D'Alene Pappy
KCOF,Cocoa Beach - Patrick Space Force
KCOI,Merritt Island
KCOM,Coleman Muni
KCON,Concord Muni
KCOQ,Cloquet
KCOS,Colorado Springs City
KCOT,Cotulla
KCOU,Columbia Rgnl
KCPC,Whiteville - Columbus County
KCPF,Hazard - Wendell H Ford
KCPK,Norfolk - Chesapeake
KCPM,Compton
KCPP,Greensboro - Greene County
KCPR,Casper
KCPS,Cahokia/St Louis
KCPT,Cleburne
KCPU,San Andreas - Calaveras County
KCQA,Celina - Lakefield
KCQB,Chandler Rgnl
KCQF,Fairhope - Callahan
KCQJ,Colorado Springs - Cheyenne Mtn Sfs
KCQM,Cook Muni
KCQW,Cheraw
KCQX,Chatham Muni
KCR,Colorado Creek
KCRE,North Myrtle Beach - Grand Strand
KCRG,Jacksonville At
KCRO,Corcoran
KCRP,Corpus Christi Intl
KCRQ,Carlsbad - Mc Clellan-Palomar
KCRS,Corsicana - David Campbell Fld
KCRT,Crossett - Stell
KCRW,West Virginia Yeager
KCRX,Corinth - Roscoe Turner
KCRZ,Corning Muni
KCSB,Cambridge Muni
KCSG,Columbus
KCSL,Camp San Luis Obispo - O'Sullivan Ahp
KCSM,Burns Flat - Clinton
KCSQ,Creston
KCSV,Crossville
KCTB,Cut Bank
KCTJ,Carrollton West
KCTK,Canton - Ingersoll
KCTY,Cross City
KCTZ,Clinton Sampson
KCUB,Columbia - Jim Hamilton L
KCUH,Cushing Muni
KCUL,Carmi
KCUT,Custer
KCVB,Castroville
KCVC,Atlanta - Covington
KCVG,Covington Intl
KCVH,Hollister
KCVK,Ash Flat - Sharp County
KCVN,Clovis Rgnl
KCVO,Corvallis
KCVS,Cannon Afb
KCVX,Charlevoix Muni
KCWA,Mosinee Central
KCWC,Wichita Falls - Kickapoo
KCWF,Lake Charles - Chennault
KCWI,Clinton Muni
KCWV,Claxton
KCXE,Chase City
KCXL,Calexico
KCXO,Houston Conroe/North
KCXP,Carson City
KCXU,Camilla
KCXW,Conway Rgnl
KCXY,Harrisburg - Capital
KCYO,Circleville - Pickaway County
KCYS,Cheyenne Olson
KCYW,Clay Center
KCZD,Cozad
KCZG,Endicott - Tri-Cities
KCZK,Cascade Locks
KCZL,Calhoun - Tom B David
KCZT,Carrizo Springs - Dimmit County
KD00,Ada/Twin Valley
KD02,Osage
KD05,Garrison
KD07,Faith
KD09,Bottineau
KD11,Weidman - Ojibwa
KD14,Fertile
KD15,Lake Isabella
KD17,Delta - Westwinds
KD23,Arcade
KD25,Manitowish Waters
KD29,Drayton
KD31,Leeds Muni
KD37,Warren Muni Apt
KD39,Sauk Centre
KD41,Stephen
KD42,Springfield Muni Apt
KD50,Crosby Muni Apt
KD54,Fargo West
KD55,Langdon - Robertson
KD56,Mayville
KD57,Glen Ullin
KD60,Tioga
KD61,Towner
KD63,Dinsmore Apt
KD64,Westhope
KD73,Monroe - Cy Nunnally
KD74,Farmington - Chorman
KD82,Ovid
KD83,Boonville
KD86,Visalia - Sequoia
KD95,Lapeer
KD98,Romeo
KDAA,Fort Belvoir - Davison Aaf
KDAB,Daytona Beach
KDAF,Necedah
KDAG,Daggett - Barstow
KDAL,Dallas Love
KDAN,Danville Rgnl
KDAW,Rochester - Skyhaven
KDAY,Dayton Intl
KDBN,Dublin - Barron
KDBQ,Dubuque
KDCA,Washington Ronald
KDCM,Chester Catawba
KDCU,Decatur - Pryor
KDCY,Washington - Daviess County
KDDC,Dodge City
KDDH,Bennington - State
KDEC,Decatur
KDED,Deland
KDEH,Decorah
KDEN,Denver Intl
KDEQ,De Queen - County
KDET,Detroit - Coleman A Young
KDEW,Deer Park
KDFI,Defiance Meml
KDFW,Dallas-Fort Worth
KDGL,Douglas Muni
KDGW,Douglas - Converse County
KDHN,Dothan
KDHT,Dalhart
KDIJ,Driggs
KDIK,Dickinson
KDKB,De Kalb
KDKK,Dunkirk - Chautauqua County
KDKR,Crockett - Houston
KDKX,Knoxville Island
KDLC,Dillon County
KDLF,Laughlin Afb
KDLH,Duluth
KDLL,Baraboo
KDLN,Dillon
KDLO,Delano
KDLS,The Dalles Rgnl
KDLZ,Delaware Moore
KDMA,Davis Monthan Afb
KDMN,Deming
KDMO,Sedalia
KDMW,Westminster - Carroll County
KDNA,Santa Teresa - Dona Ana County
KDNL,Augusta - Daniel
KDNN,Dalton
KDNS,Denison
KDNV,Danville - Vermilion
KDOV,Dover
KDPA,Chicago/West Chicago - Dupage
KDPG,Dugway Proving Ground
KDPL,Kenansville - Duplin County
KDQH,Douglas Muni
KDRA,Mercury - Desert Rock
KDRI,De Ridder - Beauregard
KDRM,Drummond Island
KDRO,Durango
KDRP,Colt - Delta
KDRT,Del Rio
KDSM,Des Moines
KDSV,Dansville
KDTA,Delta Muni
KDTG,Dwight
KDTL,Detroit Lakes
KDTN,Shreveport Downtown
KDTO,Denton Enterprise
KDTS,Destin Exec
KDTW,Detroit Wayne
KDUA,Durant
KDUB,Dubois Muni
KDUC,Duncan - Halliburton
KDUG,Douglas Bisbee
KDUH,Lambertville - Toledo Suburban
KDUJ,Dubois Rgnl
KDUX,Dumas - Moore County
KDVK,Danville - Stuart Powell
KDVL,Devils Lake
KDVN,Davenport Muni
KDVO,Novato - Gnoss
KDVP,Slayton
KDVT,Phoenix Deer
KDWA,Davis/Woodland/Winters - Yolo County
KDWH,Houston - David Wayne
KDWU,Ashland Rgnl
KDWX,Dixon
KDXE,Dexter Muni
KDXR,Danbury Muni
KDXX,Madison - County
KDYA,Demopolis
KDYB,Summerville
KDYL,Doylestown
KDYR,Dyersburg
KDYS,Dyess Afb
KDYT,Duluth - Sky Harbor
KDZB,Horseshoe Bay
KDZJ,Blairsville
KE01,Monahans - Roy Hurd
KE05,Hatch
KE06,Lovington - Lea County Zip
KE11,Andrews
KE13,Crane
KE14,Espanola - Ohkay Owingeh
KE16,San Martin Apt
KE19,Gruver
KE24,Whiteriver
KE25,Wickenburg
KE26,Jal
KE30,Ballinger - Bruce
KE34,Clarendon - Smiley Johnson Municipal
KE35,Fabens
KE36,Georgetown Apt
KE38,Alpine Casparis
KE41,Big Lake - Reagan County
KE42,Spearman - Samuel B Cornelius
KE45,Groveland - Pine Mountain Lake
KE48,Mc Camey - Upton County
KE51,Bagdad
KE52,Vega - Oldham County
KE55,Gualala - Ocean Ridge
KE57,Denver City
KE60,Eloy
KE63,Gila Bend Muni
KE67,Kearny
KE70,Seguin - Huber
KE77,San Manuel
KE78,Sells
KE79,Fresno - Sierra Sky Park
KE89,Conchas Dam
KE91,Chinle
KE95,Benson
KE98,Los Lunas - Mid Valley
KEAG,Eagle Grove
KEAN,Wheatland - Phifer
KEAR,Kearney Rgnl
KEAT,Wenatchee - Meml
KEAU,Eau Claire - Chippewa Valley
KEB,Nanwalek
KEBA,Elberton - Elbert County
KEBD,Williamson - Southern
KEBG,Edinburg South
KEBS,Webster City
KEBY,Neah Bay
KECG,Elizabeth City
KECP,Panama City Intl
KECS,Newcastle - Mondell
KECU,Rocksprings - Edwards
KEDC,Austin Exec
KEDE,Edenton - Northeastern
KEDG,Edgewood Arsenal - Ground
KEDJ,Bellefontaine
KEDN,Enterprise Muni
KEDU,Davis - University
KEDW,Edwards Afb
KEED,Needles
KEEN,Keene - Dillant/Hopkins
KEEO,Meeker
KEET,Alabaster - Shelby County
KEFC,Belle Fourche
KEFD,Houston - Ellington
KEFK,Newport - Northeast Kingdom
KEFT,Monroe Muni
KEFW,Jefferson
KEGE,Eagle County
KEGI,Crestview - 3
KEGQ,Emmetsburg
KEGT,Wellington
KEGV,Eagle River
KEHA,Elkhart Morton
KEHO,Shelby Cleveland
KEHR,Henderson City-County
KEIK,Erie Muni
KEIW,New Madrid - County Meml
KEK,Ekwok
KEKA,Eureka - Murray
KEKM,Elkhart Muni
KEKN,Elkins
KEKO,Elko
KEKQ,Monticello - Wayne County
KEKS,Ennis Big
KEKX,Elizabethtown - Addington
KEKY,Bessemer
KELA,Eagle Lake
KELD,El Dorado South
KELK,Elk City Business
KELM,Elmira/Corning
KELN,Ellensburg - Bowers
KELO,Ely Muni
KELP,El Paso
KELY,Ely Yelland
KELZ,Wellsville
KEMM,Kemmerer
KEMP,Emporia Muni
KEMT,El Monte - San Gabriel Valley
KEMV,Emporia Greensville
KEND,Vance Afb
KENL,Centralia Muni
KENV,Wendover
KENW,Kenosha Rgnl
KEOD,Fort Campbell (Clarksville) - Sabre Aaf
KEOE,Newberry County
KEOK,Keokuk
KEOP,Waverly - Pike County
KEOS,Neosho
KEPH,Ephrata
KEPM,Eastport
KEQA,El Dorado Capt
KEQY,Monroe - Charlotte
KERI,Erie Ridge
KERR,Errol
KERV,Kerrville
KERY,Newberry - Luce County
KESC,Escanaba - Delta County
KESF,Alexandria - Esler
KESN,Easton Newnam
KEST,Estherville
KESW,Easton State
KETB,West Bend
KETC,Tarboro-Edgecombe
KETH,Wheaton
KETN,Eastland
KEUF,Eufaula - Weedon
KEUG,Eugene - Mahlon Sweet
KEUL,Caldwell Exec
KEVB,New Smyrna Beach
KEVM,Eveleth
KEVU,Maryville Rgnl
KEVV,Evansville
KEVW,Evanston Uinta
KEVY,Middletown - Summit
KEWB,New Bedford
KEWK,Newton City-County
KEWN,New Bern - Coastal Carolina
KEWR,Newark
KEXX,Lexington - Davidson County
KEYE,Indianapolis - Eagle Creek
KEYF,Elizabethtown - Jr
KEYQ,Houston - Weiser Air Park
KEYW,Key West Intl
KEZF,Fredericksburg - Shannon
KEZI,Kewanee
KEZM,Eastman
KEZS,Shawano Muni
KEZZ,Cameron Meml
KF00,Bonham - Jones
KF01,Quanah
KF02,Hardin - Fairgrounds
KF05,Vernon - Wilbarger County
KF06,Wellington - Marian
KF08,Eufaula
KF10,Henryetta
KF14,Wichita Falls
KF17,Center
KF21,Memphis Muni
KF22,Perry Muni
KF30,Sulphur
KF31,Kingston - Texoma State
KF32,Healdton
KF34,Firebaugh
KF35,Graford - Possum Kingdom
KF36,Cordell
KF37,Carrizozo
KF41,Ennis
KF43,El Dorado Downtown-Stevens
KF44,Athens
KF45,West Palm Beach
KF46,Rockwall - Ralph M. Hall
KF47,Apalachicola - St George Island
KF48,Nocona
KF49,Slaton
KF51,Winnsboro Muni Apt
KF53,Mount Vernon - Franklin County
KF56,Stamford - Arledge
KF62,Hayfork
KF68,Anadarko
KF69,Dallas
KF70,Murrieta/Temecula - French Valley
KF72,Franklin
KF75,Knox City
KF81,Okemah
KF82,Lubbock
KF83,Abernathy
KF85,Morton - Cochran County
KF86,Columbia - Caldwell Parish
KF87,Farmerville - Union Parish
KF88,Jonesboro
KF89,Winnsboro Muni Apt
KF92,Kingfisher
KF95,Blountstown - Calhoun County
KF97,Seagraves
KF98,Plains - Yoakum County
KF99,Holdenville
KFAF,Fort Eustis - Felker Aaf
KFAM,Farmington
KFAR,Fargo - Hector
KFAT,Fresno Yosemite
KFAY,Fayetteville Rgnl/Grannis
KFBG,Fort Bragg - Simmons Aaf
KFBL,Faribault
KFBR,Fort Bridger
KFBY,Fairbury
KFCH,Fresno Chandler
KFCI,Richmond County
KFCM,Minneapolis - Flying Cloud
KFCS,Fort Carson - Butts Aaf
KFCT,Yakima - Vagabond Ahp
KFCY,Forrest City - Hutfly
KFDK,Frederick Muni
KFDR,Frederick Rgnl
KFDW,Winnsboro - Fairfield
KFDY,Findlay
KFEP,Freeport - Albertus
KFES,Festus
KFET,Fremont Muni
KFEW,Francis E Warren Afb
KFFA,Kill Devil Hills - First Flight
KFFC,Atlanta Falcon
KFFL,Fairfield Muni
KFFM,Fergus Falls
KFFO,Wright-Patterson Afb
KFFT,Frankfort - Capital
KFFX,Fremont Muni
KFFZ,Mesa - Falcon
KFGU,Collegedale
KFGX,Flemingsburg - Fleming-Mason
KFHB,Fernandina Beach
KFHK,Fort Rucker - Knox Ahp
KFHR,Friday Harbor
KFHU,Fort Huachuca Sierra Vista
KFIG,Clearfield
KFIN,Palm Coast - Flagler
KFIT,Fitchburg
KFKA,Preston - Fillmore County
KFKL,Franklin - Venango
KFKN,Franklin Rgnl
KFKR,Frankfort Clinton
KFKS,Frankfort Dow
KFLD,Fond Du Lac
KFLG,Flagstaff Pulliam
KFLL,Fort Lauderdale Hollywood
KFLO,Florence Rgnl
KFLP,Flippin - Marion County
KFLV,Fort Leavenworth - Sherman Aaf
KFLX,Fallon Muni
KFLY,Colorado Springs - Meadow Lake
KFME,Fort Meade (Odenton) - Tipton
KFMH,Falmouth - Air
KFMM,Fort Morgan
KFMN,Farmington - Four Corners
KFMY,Fort Myers - Page
KFMZ,Fairmont State
KFNB,Falls City - Brenner
KFNL,Fort Collins/Loveland
KFNT,Flint - Bishop
KFOA,Flora Muni
KFOD,Fort Dodge
KFOE,Topeka
KFOK,Westhampton Beach - Francis S Gabreski
KFOM,Fillmore
KFOT,Fortuna - Rohnerville
KFOZ,Bigfork
KFPK,Charlotte - Fitch H Beach
KFPR,Fort Pierce - Treasure Coast
KFPY,Perry Foley
KFQD,Rutherfordton - Rutherford County
KFRG,Farmingdale - Republic
KFRH,French Lick
KFRI,Fort Riley (Junction City) - Marshall Aaf
KFRM,Fairmont Muni
KFRR,Front Royal
KFSD,Sioux Falls - Joe Foss
KFSE,Fosston
KFSI,Fort Sill - Henry Post Aaf
KFSK,Fort Scott
KFSM,Fort Smith Rgnl
KFSO,Highgate - Franklin County State
KFST,Fort Stockton
KFSU,Fort Sumner
KFSW,Fort Madison
KFTG,Colorado Air
KFTK,Fort Knox - Godman Aaf
KFTT,Fulton - Elton Hensley Meml
KFTW,Fort Worth Meacham
KFTY,Atlanta - Fulton
KFUL,Fullerton
KFVE,Frenchville - Northern Aroostook
KFVX,Farmville
KFWA,Fort Wayne Intl
KFWB,Branson West
KFWC,Fairfield Muni
KFWN,Sussex
KFWQ,Monongahela - Rostraver
KFWS,Fort Worth Spinks
KFXE,Fort Lauderdale Exec
KFXY,Forest City
KFYE,Somerville - Fayette County
KFYG,Washington Rgnl
KFYJ,West Point - Middle Peninsula
KFYM,Fayetteville Muni
KFYV,Fayetteville - Drake
KFZG,Fitzgerald
KFZI,Fostoria - Donald P Miller
KFZY,Fulton - Oswego County
KGAB,Gabbs
KGAD,Gadsden Rgnl
KGAF,Grafton - Hutson
KGAG,Gage
KGAI,Gaithersburg - Montgomery County
KGAO,Galliano - Leonard Miller Jr
KGAS,Gallipolis - Gallia-Meigs
KGAX,Gila Bend - Williams Auxiliary Airfield
KGBD,Great Bend
KGBG,Galesburg Rgnl
KGBN,Gila Bend Af
KGBR,Great Barrington - Walter J Koladza
KGCC,Gillette Rgnl
KGCD,John Day - Ogilvie
KGCK,Garden City
KGCM,Claremore Rgnl
KGCN,Grand Canyon
KGCT,Guthrie Center
KGCY,Greeneville
KGDA,Marion Crittenden
KGDB,Granite Falls
KGDJ,Granbury
KGDK,Dayton - Jackson
KGDM,Gardner Muni
KGDV,Glendive - Dawson Community
KGDW,Gladwin
KGDY,Grundy
KGED,Delaware Coastal
KGEG,Spokane
KGEO,Georgetown - Brown County
KGEU,Glendale Rgnl
KGEV,Jefferson - Ashe County
KGEY,Greybull - South
KGEZ,Shelbyville
KGFA,Malmstrom Afb
KGFD,Greenfield - Pope
KGFK,Grand Forks Intl
KGFL,Glens Falls - Floyd Bennett
KGFZ,Greenfield
KGGE,Georgetown County
KGGF,Grant
KGGG,Longview East
KGGI,Grinnell Rgnl
KGGP,Logansport
KGGW,Glasgow Fld/Valley
KGHG,Marshfield George
KGHM,Centerville Muni
KGHW,Glenwood Muni
KGIC,Idaho County
KGIF,Winter Haven Rgnl
KGJT,Grand Junction
KGKJ,Meadville Port
KGKT,Sevierville - Gatlinburg-Pigeon Forge
KGKY,Arlington Muni
KGLD,Goodland - Renner
KGLE,Gainesville Muni
KGLH,Greenville Mid-Delta
KGLR,Gaylord
KGLS,Galveston Intl
KGLW,Glasgow Muni
KGLY,Clinton Rgnl
KGMJ,Grove Rgnl
KGMU,Greenville Downtown
KGNB,Granby
KGNC,Seminole - Gaines County
KGNF,Grenada
KGNG,Gooding
KGNT,Grants
KGNV,Gainesville Rgnl
KGOK,Guthrie
KGON,Groton (New London)
KGOO,Grass Valley - Nevada
KGOP,Gatesville
KGOV,Grayling Aaf
KGPC,Greencastle - Putnam County
KGPH,Mosby - Center
KGPI,Kalispell - Glacier Park
KGPM,Grand Prairie
KGPT,Gulfport Biloxi
KGPZ,Grand Rapids
KGQQ,Galion Muni
KGRB,Green Bay
KGRD,Greenwood County
KGRE,Greenville
KGRF,Fort Lewis/Tacoma
KGRI,Grand Island Central
KGRK,Fort Hood (Killeen) - Robert Gray Aaf
KGRN,Gordon
KGRR,Grand Rapids - Gerald R Ford
KGSB,Seymour Johnson Afb
KGSH,Goshen
KGSO,Greensboro - Piedmont Triad
KGSP,Greer - Greenville Spartanburg
KGTB,Fort Drum - Wheeler-Sack Aaf
KGTE,Gothenburg Muni
KGTF,Great Falls
KGTG,Grantsburg
KGTR,Columbus/W Point/Starkville - Golden Triangle
KGTU,Georgetown Exec
KGUC,Gunnison Crested
KGUP,Gallup
KGUR,Guernsey
KGUS,Peru - Grissom
KGUY,Guymon
KGVE,Gordonsville
KGVL,Gainesville - Lee Gilmer
KGVQ,Batavia - Genesee County
KGVT,Greenville - Majors
KGWB,Auburn Dekalb
KGWO,Greenwood-Leflore
KGWR,Gwinner
KGWS,Glenwood Springs - Kgws Sumers
KGWW,Goldsboro - Wayne
KGXF,Gila Bend Af
KGXY,Greeley Weld
KGYB,Giddings
KGYH,Greenville - Donaldson
KGYI,Sherman/Denison
KGYL,Glencoe Muni
KGYR,Goodyear Phoenix
KGYY,Gary/Chicago
KGZ,Glacier Creek
KGZH,Evergreen
KGZL,Stigler
KGZN,Cisco - Meml
KGZS,Pulaski - Abernathy
KH04,Vinita
KH05,Wilburton
KH17,Buffalo Muni
KH19,Bowling Green
KH34,Huntsville
KH35,Clarksville
KH37,Herlong
KH47,Hyampom
KH58,Seymour - Owen
KH68,Wagoner - Hefner Easley
KH70,Stratford Fld
KH71,Pryor - Mid America Industrial
KH76,Pawhuska
KH79,Eldon
KH81,Amarillo - River Falls
KH88,Fredericktown
KH92,Hominy
KH96,Benton
KHAB,Hamilton - Marion County-Rankin Fite
KHAD,Casper - Irwins Sky Ranch
KHAE,Hannibal Rgnl
KHAF,Half Moon Bay
KHAI,Three Rivers Haines
KHAO,Hamilton - Butler County
KHBC,Mohall
KHBE,Nineveh - Himsel Aaf
KHBG,Hattiesburg
KHBI,Asheboro
KHBR,Hobart Rgnl
KHBV,Hebbronville - Jim Hogg County
KHBW,Hillsboro - Joshua Sanford
KHBZ,Heber Springs
KHCD,Hutchinson Muni/Butler
KHCO,Hallock
KHCR,Heber
KHDC,Hammond
KHDE,Holdrege - Brewster
KHDI,Cleveland - Hardwick
KHDL,Headland
KHDN,Hayden - Yampa Valley
KHDO,Hondo South
KHEE,Helena/West Helena - Thompson-Robbins
KHEF,Washington - Manassas
KHEG,Jacksonville - Herlong Recreational
KHEI,Hettinger
KHEQ,Holyoke
KHES,Healdsburg
KHEY,Fort Rucker - Hanchey Ahp
KHEZ,Natchez
KHFD,Hartford Brainard
KHFF,Camp Mackall
KHFJ,Monett
KHFY,Indianapolis - Indy
KHGR,Hagerstown A
KHGT,Fort Hunter Ligget Jolon - Tusi Ahp Liggett
KHHF,Canadian - Hemphill County
KHHG,Huntington Muni
KHHR,Hawthorne - Jack Northrop
KHHW,Hugo - Stan Stamper
KHIB,Hibbing - Range
KHIE,Whitefield - Washington
KHIF,Hill Afb
KHIG,Higginsville
KHII,Lake Havasu City
KHIO,Portland Hillsboro
KHJH,Hebron
KHJO,Hanford Muni
KHKA,Blytheville
KHKS,Jackson - Hawkins
KHKY,Hickory
KHLB,Batesville
KHLC,Hill City Muni
KHLG,Wheeling
KHLM,Holland - Park Township
KHLN,Helena Rgnl
KHLR,Fort Hood (Killeen) - Yoakum-Defrenn Ahp
KHLX,Galax Hillsville - Twin County
KHMN,Holloman Afb
KHMP,Atlanta Speedway
KHMT,Hemet
KHMY,Lexington - Muldrow Ahp
KHMZ,Bedford County
KHNB,Huntingburg
KHND,Las Vegas - Henderson
KHNR,Harlan Muni
KHNZ,Oxford - Henderson
KHOB,Hobbs - Lea County
KHOC,Hillsboro - Highland County
KHOE,Homerville
KHON,Huron
KHOP,Fort Campbell/Hopkinsville
KHOT,Hot Springs - Meml
KHOU,Houston - William P Hobby
KHPN,White Plains - Westchester County
KHPT,Hampton Muni
KHPY,Baytown
KHQG,Hugoton
KHQM,Hoquiam - Bowerman
KHQU,Thomson
KHQZ,Mesquite Metro
KHRF,Hamilton - Ravalli County
KHRI,Hermiston
KHRJ,Erwin - Harnett
KHRL,Harlingen - Valley
KHRO,Harrison - Boone County
KHRT,Mary Esther - Hurlburt
KHRU,Herington
KHRX,Hereford
KHSA,Bay St Louis - Stennis
KHSB,Harrisburg Raleigh
KHSD,Oklahoma City - Sundance
KHSE,Hatteras - Billy Mitchell
KHSG,Thermopolis - Hot Springs County
KHSI,Hastings Muni
KHSP,Hot Springs - Ingalls
KHSR,Hot Springs Muni
KHST,Homestead
KHSV,Huntsville T
KHTF,Hornell
KHTH,Hawthorne
KHTL,Houghton Lake - Roscommon County/Blodgett Meml
KHTO,Khto
KHTS,Huntington - Tri/State/Milton J Ferguson
KHTW,Chesapeake/Huntington Wva - Lawrence County Airpark
KHUA,Redstone Arsnl Huntsville
KHUF,Terre Haute
KHUL,Houlton Intl
KHUM,Houma
KHUT,Hutchinson Rgnl
KHVC,Hopkinsville
KHVE,Hanksville
KHVN,New Haven Tweed
KHVR,Havre
KHVS,Hartsville
KHWD,Hayward
KHWO,Hollywood - North
KHWQ,Harlowton
KHWV,Shirley - Brookhaven
KHWY,Warrenton
KHXD,Hilton Head Island
KHXF,Hartford Muni
KHYA,Hyannis - Cape Cod Gateway
KHYI,Austin - San Marcos
KHYR,Hayward - Sawyer County
KHYS,Hays Rgnl
KHYW,Conway Horry
KHYX,Saginaw
KHZD,Huntingdon - Lee Russell Carroll
KHZE,Hazen - Mercer County
KHZL,Hazleton
KHZR,New Roads - False River
KHZX,Mc Gregor - Isedor Iverson
KHZY,Ashtabula Rgnl
KI06,Tulia
KI10,Caldwell - Noble County
KI16,Pineville - Kee
KI17,Piqua
KI18,Ravenswood - Jackson County
KI22,Winchester - Randolph County
KI23,Washington Court House - Fayette County
KI34,Greensburg
KI35,Harlan - Tucker Guthrie
KI40,Coshocton - Richard Downing
KI42,Paoli
KI44,Dayton - Dahio Trotwood
KI50,Stanton Apt
KI53,Liberty Casey
KI54,Tremont City - Mad River Inc
KI63,Mount Sterling
KI64,Wakeman - Ortner
KI66,Wilmington - Clinton
KI67,Harrison - Cincinnati
KI68,Lebanon - Warren County
KI69,Batavia - Clermont County
KI71,Mc Connelsville - Morgan County
KI73,Dayton - Moraine Air Park
KI74,Urbana - Grimes
KI75,Osceola Muni Apt
KI76,Peru
KI83,Salem Muni
KI86,New Lexington - Perry County
KI93,Hardinsburg - Breckinridge County
KI95,Kenton - Hardin County
KI96,Columbia Adair
KI99,Alexandria Apt
KIAB,Mc Connell Afb
KIAD,Washington Dulles
KIAG,Niagara Falls Intl
KIAH,Houston - George Bush Intcntl
KIBM,Kimball E
KICL,Clarinda - Schenck
KICR,Winner
KICT,Wichita
KIDA,Idaho Falls
KIDG,Ida Grove
KIDI,Indiana County/Jimmy
KIDL,Indianola Muni
KIDP,Independence Muni
KIEN,Pine Ridge
KIER,Natchitoches Rgnl
KIFA,Iowa Falls
KIFP,Bullhead City - Laughlin
KIGM,Kingman
KIGQ,Chicago - Lansing
KIGX,Chapel Hill - Horace Williams
KIIB,Independence Fld
KIIY,Washington Wilkes
KIJD,Willimantic - Windham
KIJX,Jacksonville Muni
KIKG,Kingsville - Kleberg County
KIKK,Kankakee Greater
KIKV,Ankeny
KIKW,Midland - Jack Barstow
KILE,Killeen - Skylark
KILG,Wilmington - New Castle
KILM,Wilmington Intl
KILN,Wilmington Air
KIML,Imperial Muni
KIMM,Immokalee Rgnl
KIMS,Madison Muni
KIMT,Iron Mountain Kingsford - Ford
KIND,Indiana Intl
KINF,Inverness
KINJ,Hillsboro Muni
KINK,Wink - Winkler County
KINL,International Falls Intl/Einarson
KINS,Creech Afb
KINT,Winston Salem - Smith Reynolds
KINW,Winslow
KIOB,Mount Sterling Montgomery
KIOW,Iowa City
KIPJ,Lincolnton
KIPL,Imperial County
KIPT,Williamsport Rgnl
KIRK,Kirksville
KIRS,Sturgis - Kirsch
KISB,Sibley
KISM,Orlando - Kissimmee Gateway
KISN,Williston - Sloulin
KISO,Kinston
KISP,New York - Arthur
KISQ,Manistique - Schoolcraft County
KISW,Wisconsin Rapids - Alexander
KITH,Ithaca
KITR,Burlington - Kit Carson County
KIUA,Canandaigua
KIWA,Phoenix - Mesa Gateway
KIWD,Ironwood - Gogebic/Iron County
KIWH,Wabash
KIWI,Wiscasset
KIWS,Houston West
KIXA,Roanoke Rapids - Halifax/Northampton
KIXD,Olathe - New Century Aircenter
KIYA,Abbeville Chris
KIYK,Inyokern
KIZA,Santa Ynez
KIZG,Fryeburg - White Mountain
KJAC,Jackson Hole
KJAN,Jackson Medgar
KJAQ,Jackson - Westover
KJAS,Jasper
KJAU,Jacksboro - Tommy C
KJAX,Jacksonville Intl
KJBR,Jonesboro Muni
KJCA,Jefferson - Jackson County
KJCT,Junction - Kimble County
KJDD,Mineola/Quitman - Wood County/Collins
KJDN,Jordan
KJEF,Jefferson City
KJER,Jerome
KJES,Jesup
KJFK,New York - John F Kennedy
KJFX,Jasper - Walker County/Bevill
KJFZ,Richlands - Tazewell County
KJGG,Williamsburg Exec
KJHN,Johnson City - Stanton County
KJHW,Jamestown - Chautauqua County
KJKA,Gulf Shores
KJKJ,Moorhead
KJKL,Jackson - Julian Carroll
KJLN,Joplin
KJMC,Sausalito - Commodore Center
KJMR,Mora
KJMS,Jamestown Rgnl
KJNX,Smithfield - Johnston
KJOT,Joliet
KJPN,Washington - Pentagon Ahp
KJPX,East Hampton
KJQD,Hartford - Ohio
KJQF,Concord Padgett
KJRA,New York - St
KJRB,New York - Downtown
KJRO,Jackson - James A
KJSD,Stratford - Sikorsky
KJSO,Jacksonville - Cherokee County
KJST,Johnstown John
KJSV,Sallisaw
KJSY,Joseph
KJTC,Springerville
KJVL,Janesville Rgnl
KJVW,Raymond - John Bell Williams
KJVY,Jeffersonville - Clark
KJWG,Watonga
KJWN,Nashville - John C
KJWY,Midlothian/Waxahachie - Mid-Way
KJXI,Gilmer - Fox Stephens
KJXN,Jackson County/Reynolds
KJYG,St James Muni
KJYL,Sylvania - Plantation
KJYM,Hillsdale Muni
KJYO,Leesburg Exec
KJYR,York Muni
KJZI,Charleston Exec
KJZP,Jasper - Pickens County
KK01,Auburn - Farington
KK06,Beardstown
KK09,Piseco
KK15,"Osage Beach, Missouri - Grand Glaize Beach"
KK16,Rome - Becks Grove
KK17,Montezuma
KK19,Albany Muni Apt
KK22,Prestonsburg - Big Sandy
KK24,Jamestown - Russell County
KK26,Carrollton
KK32,Wichita - Riverside
KK33,Salem Mem
KK34,Gardner
KK36,Onawa
KK38,Washington
KK39,St Clair
KK43,Unionville
KK44,Beaver Muni Apt
KK49,Texhoma
KK50,Rose Hill - Cook
KK51,Medicine Lodge
KK52,Monroe City
KK57,Tarkio - Gould Peterson
KK58,Ashland - Harold Krier
KK59,Atchison - Amelia Earhart
KK61,Beloit - Moritz
KK62,Falmouth - Gene Snyder
KK68,Garnett
KK74,Kindred - Robert Odegaard
KK75,Osborne
KK77,Freedom
KK78,Abilene
KK79,Jetmore
KK81,Paola - Miami County
KK82,Smith Center
KK83,Sabetha
KK88,Iola - Allen County
KK89,Macon Fower
KK94,La Crosse - Rush County
KKB,Kitoi Bay
KKI,Akiachak
KKIC,King City - Mesa Del Rey
KKL,Karluk Lake
KKLS,Kelso Rgnl
KKNB,Kanab
KKU,Ekuk
KKY8,Lewisport - Hancock County
KL00,Rosamond
KL04,Holtville
KL05,Kernville - Kern Valley
KL06,Death Valley National Park - Furnace Creek
KL08,Borrego Springs
KL09,Death Valley National Park - Stovepipe Wells
KL17,Taft
KL19,Wasco Kern
KL22,Yucca Valley
KL23,Mercury - Mesa Airstrip
KL26,Hesperia
KL31,Covington - St. Tammany
KL32,Jonesville
KL33,St Joseph - Tensas
KL35,Big Bear City
KL36,Rio Linda
KL39,Leesville
KL41,Marble Canyon
KL45,Bakersfield
KL47,Olla
KL52,Oceano
KL62,Buttonwillow
KL64,Desert Center
KL65,Perris
KL66,Pollock
KL67,Rialto
KL70,Agua Dulce
KL71,California City
KL72,Trona
KL73,Famoso - Poso Kern County
KL77,Chiriaco Summit
KL78,Jacumba
KL83,Thibodaux
KL84,Lost Hills
KL88,New Cuyama
KL92,Alamo
KL94,Tehachapi - Mountain Valley
KLAA,Lamar Rgnl
KLAF,Lafayette - Purdue University
KLAL,Lakeland Linder
KLAM,Los Alamos
KLAN,Lansing - Capital Region
KLAR,Laramie
KLAS,Las Vegas - Harry Reid
KLAW,Lawton Fort
KLAX,Los Angeles Intl
KLBB,Lubbock Preston
KLBE,Latrobe - Arnold Palmer Rgnl
KLBF,North Platte
KLBL,Liberal
KLBO,Lebanon Floyd
KLBR,Clarksville Red
KLBT,Lumberton Rgnl
KLBX,Texas Gulf
KLCG,Wayne
KLCH,Lake Charles Rgnl
KLCI,Laconia
KLCK,Columbus - Rickenbacker
KLCQ,Lake City Gateway
KLDJ,Linden
KLDM,Ludington - Mason County
KLDR,San Diego Uscg
KLEB,Lebanon Muni
KLEE,Leesburg Intl
KLEM,Lemmon
KLEW,Auburn/Lewiston
KLEX,Lexington - Blue Grass
KLFI,Langley Afb
KLFK,Lufkin - Angelina County
KLFT,Lafayette Fournet
KLGA,New York - Laguardia
KLGB,Long Beach Daugherty
KLGC,Lagrange
KLGD,La Grande
KLGF,Yuma Proving Ground (Yuma)
KLGU,Logan Cache
KLHB,Hearne
KLHM,Lincoln Harder
KLHQ,Lancaster - Fairfield
KLHV,Lock Haven - Meml
KLHW,Fort Stewart (Hinesville) - Wright Aaf
KLHX,La Junta
KLHZ,Louisburg - Triangle
KLIC,Limon
KLIT,Little Rock - Bill
KLIU,Littlefield
KLJF,Litchfield Muni
KLKP,Lake Placid
KLKR,Lancaster County-Mc
KLKU,Louisa
KLKV,Lakeview - Lake County
KLLJ,Challis
KLLN,Levelland
KLLQ,Monticello Muni/Ellis
KLLR,Little River
KLLU,Lamar Muni
KLMO,Longmont - Vance Brand
KLMS,Louisville Winston
KLMT,Klamath Falls - Crater Lake
KLNA,West Palm Beach County
KLNC,Lancaster Rgnl
KLND,Lander - Hunt
KLNK,Lincoln
KLNL,Land O' Lakes
KLNN,Willoughby - Lake County
KLNP,Wise - Lonesome Pine
KLNQ,Boothville
KLNR,Lone Rock - Tri-County
KLNS,Lancaster
KLOL,Lovelock - Derby
KLOM,Philadelphia - Wings
KLOR,Fort Rucker - Lowe Ahp
KLOT,Chicago/Romeoville - Lewis University
KLOU,Louisville - Bowman
KLOZ,London
KLPC,Lompoc
KLPR,Lorain/Elyria
KLQK,Pickens
KLQR,Larned
KLRD,Laredo Intl
KLRF,Little Rock Afb
KLRG,Lincoln Rgnl
KLRJ,Le Mars
KLRO,Mount Pleasant Rgnl-Faison
KLRU,Las Cruces
KLRY,Harrisonville - Lawrence Smith
KLSB,Lordsburg
KLSE,La Crosse
KLSF,Fort Benning (Columbus) - Lawson Aaf
KLSK,Lusk
KLSN,Los Banos
KLSV,Nellis Afb
KLTS,Altus Afb
KLTY,Chester - Liberty County
KLUA,Luray
KLUD,Decatur Muni
KLUF,Luke Afb
KLUG,Lewisburg - Ellington
KLUK,Cincinnati Muni/Lunken
KLUL,Laurel - Hesler/Noble
KLUM,Menomonie
KLUV,Lamesa
KLUX,Laurens
KLVJ,Houston - Pearland
KLVK,Livermore
KLVL,Lawrenceville - Brunswick County
KLVM,Livingston - Mission
KLVN,Minneapolis - Airlake
KLVS,Las Vegas
KLWA,South Haven
KLWB,Lewisburg - Greenbrier Valley
KLWC,Lawrence Rgnl
KLWD,Lamoni
KLWL,Wells Muni/Harriet
KLWM,Lawrence Muni
KLWS,Lewiston
KLWT,Lewistown
KLWV,Lawrenceville
KLXL,Little Falls Morrison
KLXN,Lexington - Jim Kelly
KLXT,Lee'S Summit City
KLXV,Leadville - Lake County
KLXY,Mexia
KLYH,Lynchburg
KLYO,Lyons
KLYV,Luverne - Quentin Aanenson
KLZD,Danielson
KLZU,Lawrenceville - Gwinnett County/Briscoe
KLZZ,Lampasas
KM01,Memphis - Spain
KM02,Dickson
KM04,Covington
KM05,Caruthersville
KM08,Bolivar - William L. Whitehurst
KM10,Mountainair
KM11,Crystal Springs - Copiah County
KM12,Steele
KM13,Poplarville
KM15,Linden - James Tucker
KM17,Bolivar Muni
KM18,Hope Muni
KM19,Newport
KM20,Leitchfield - Grayson County
KM21,Greenville - Muhlenberg County
KM22,Russellville Muni
KM23,Newton - James H Easom
KM24,Wiggins - Dean Griffin
KM25,Mayfield
KM27,Waldron
KM29,Clifton - Hassell
KM30,Metropolis
KM31,Halls - Arnold
KM32,Lake Village
KM34,Kentucky
KM36,Brinkley - Frank Federer
KM37,Drew
KM38,Hazel Green
KM40,Aberdeen/Amory - Monroe County
KM41,Holly Springs
KM43,Prentiss
KM44,Houston Muni
KM45,Markleeville - Alpine County
KM46,Colstrip
KM48,Houston Mem
KM50,Boardman
KM51,Starkville - Oktibbeha
KM52,Lexington - Franklin Wilkins
KM53,Humboldt Muni Apt
KM54,Lebanon Muni
KM55,Vernon - Lamar County
KM59,Richton
KM60,Augusta - Woodruff County
KM65,Wynne
KM66,Hillsboro - Alfred Schroeder
KM70,Pocahontas
KM71,Moscow Mills - Greensfield
KM72,New Albany
KM73,Almyra
KM75,Malta
KM77,Nashville - Howard County
KM78,Malvern
KM79,Rayville - John H Hooks
KM80,Tallulah - Scott
KM83,West Point - Mccharen
KM85,Gideon
KM88,Nashville - Cornelia
KM90,Mendota - William Robert Johnston
KM91,Springfield Robertson
KM93,Mc Kinnon - Houston County
KM94,Mattawa - Desert Aire
KM95,Fayette - Richard Arthur
KM99,Benton - Saline County
KMAC,Macon Downtown
KMAE,Madera
KMAF,Midland Air
KMAI,Marianna Muni
KMAL,Malone
KMAN,Nampa
KMAO,Marion County
KMAW,Malden
KMBG,Mobridge Muni
KMBL,Manistee
KMBO,Madison - Bruce Campbell
KMBS,Saginaw - Mbs
KMBT,Murfreesboro
KMBY,Moberly - Omar N Bradley
KMCB,Mc Comb
KMCC,Sacramento - Mc Clellan
KMCD,Mackinac Island
KMCE,Merced
KMCF,Macdill Afb
KMCI,Kansas City Intl
KMCK,Mc Cook
KMCN,Macon Rgnl
KMCO,Orlando Intl
KMCW,Mason City
KMCX,Monticello - White County
KMCZ,Williamston - Martin County
KMDA,San Antonio - Martindale Ahp
KMDD,Midland Airpark
KMDF,Mooreland
KMDH,Carbondale/Murphysboro
KMDQ,Huntsville Tom
KMDS,Madison Muni
KMDT,Harrisburg Intl
KMDW,Chicago Midway
KMDZ,Medford - Taylor County
KMEB,Maxton - Laurinburg
KMEI,Meridian - Key
KMEJ,Meade
KMEM,Memphis Intl
KMER,Atwater - Castle
KMEV,Minden Tahoe
KMEY,Mapleton - James G Whiting
KMEZ,Mena
KMFD,Mansfield Lahm
KMFE,Mc Allen
KMFI,Marshfield Muni
KMFR,Medford - Rogue Valley
KMFV,Melfa - Accomack County
KMGC,Michigan City
KMGE,Marietta - Dobbins Arb
KMGG,Maple Lake
KMGJ,Montgomery - Orange County
KMGM,Montgomery Dannelly
KMGN,Harbor Springs
KMGR,Moultrie
KMGW,Morgantown
KMGY,Dayton Wright
KMHE,Mitchell
KMHK,Manhattan
KMHL,Marshall Meml
KMHN,Kmhn
KMHP,Metter - Sr
KMHR,Sacramento Mather
KMHS,Dunsmuir
KMHT,Manchester Boston
KMHV,Mojave
KMIA,Miami Intl
KMIB,Minot Afb
KMIC,Minneapolis - Crystal
KMIE,Muncie - Delaware
KMIO,Miami Rgnl
KMIT,Shafter
KMIV,Millville
KMIW,Marshalltown
KMJD,Picayune
KMJQ,Jackson Muni
KMJX,Toms River - Ocean County
KMKA,Miller
KMKC,Kansas City Downtown/Wheeler
KMKE,Milwaukee - Mitchell
KMKG,Muskegon
KMKJ,Marion/Wytheville - Mountain Empire
KMKL,Jackson Rgnl
KMKN,Comanche County-City
KMKO,Muskogee
KMKS,Moncks Corner - Berkeley County
KMKT,Mankato Rgnl
KMKV,Marksville
KMKY,Marco Island
KMLB,Melbourne Orlando
KMLC,Mc Alester Rgnl
KMLD,Malad City
KMLE,Omaha - Millard
KMLF,Milford
KMLI,Moline - Quad Cities
KMLJ,Milledgeville - Baldwin County
KMLS,Miles City - Frank Wiley Fld
KMLT,Millinocket Muni
KMLU,Monroe Rgnl
KMMH,Mammoth Lakes
KMMI,Athens - Mcminn County
KMMK,Meriden Markham
KMML,Marshall Rgnl
KMMS,Marks - Selfs
KMMT,Eastover - Mc Entire Jngb
KMMU,Morristown Muni
KMMV,Mc Minnville
KMNE,Minden
KMNF,Mountain View
KMNI,Manning - Santee Cooper
KMNM,Menominee
KMNN,Marion Muni
KMNV,Madisonville - Monroe County
KMNZ,Hamilton Muni
KMO1,Richland
KMO3,Stockton Muni
KMO5,Van Buren - Bollinger-Crass
KMO8,Brookfield North
KMOB,Mobile Rgnl
KMOD,Modesto
KMOP,Mount Pleasant Muni
KMOR,Morristown - Moore-Murrell
KMOT,Minot Intl
KMOX,Morris Schmidt
KMPE,Philadelphia Muni
KMPG,Moundsville - Marshall County
KMPI,Mariposa
KMPJ,Morrilton - Petit Jean Park
KMPO,Mount Pocono Rgnl
KMPR,Mc Pherson
KMPV,Barre/Montpelier - Edward F Knapp
KMPZ,Mount Pleasant Muni
KMQB,Macomb
KMQI,Manteo - Dare County
KMQJ,Indiana Indianapolis Rgnl
KMQS,Coatesville - Carlson
KMQW,Mc Rae - Telfair-Wheeler
KMQY,Smyrna
KMRB,Martinsburg - Eastern Wv
KMRC,Columbia/Mount Pleasant - Maury County
KMRF,Marfa
KMRH,Beaufort - Michael J
KMRJ,Mineral Point - Iowa County
KMRN,Morganton - Foothills
KMRT,Marysville - Union County
KMRY,Monterey
KMS9,Hernando - Eagles Ridge
KMSL,Muscle Shoals Rgnl
KMSN,Madison - Dane County
KMSO,Missoula Montana
KMSP,Minneapolis St
KMSS,Massena Intl-Richards
KMSV,Monticello - Sullivan County
KMSY,New Orleans Intl
KMTC,Mount Clemens - Selfridge Angb
KMTH,Marathon Intl
KMTJ,Montrose Rgnl
KMTN,Baltimore - Martin State
KMTO,Mattoon/Charleston - Coles County
KMTP,Montauk
KMTV,Martinsville - Blue Ridge
KMTW,Manitowoc
KMUI,Fort Indiantown Gap (Annville)
KMUL,Moultrie - Spence
KMUO,Mountain Home Afb
KMUT,Muscatine
KMVC,Monroeville - Monroe County Aeroplex
KMVE,Montevideo
KMVI,Monte Vista
KMVL,Morrisville
KMVM,Machias
KMVN,Mount Vernon
KMVY,Vineyard Haven
KMWA,Marion Airport
KMWC,Milwaukee - Lawrence J Timmerman
KMWH,Moses Lake - Grant County
KMWK,Mount Airy
KMWL,Mineral Wells
KMWM,Windom Muni
KMWO,Middletown
KMXA,Manila Muni
KMXF,Maxwell Afb
KMXO,Monticello Rgnl
KMY,Moser Bay
KMYF,San Diego - Montgomery-Gibbs
KMYJ,Mexico Meml
KMYL,Mc Call
KMYR,Myrtle Beach
KMYV,Marysville - Yuba
KMYZ,Marysville
KMZH,Moose Lake
KMZJ,Marana - Pinal
KMZZ,Marion Mckinney
KN03,Cortland
KN06,Laurel Apt
KN07,Lincoln Park
KN12,Lakewood
KN13,Bloomsburg
KN14,Lumberton - Flying W
KN15,Kingston Apt
KN17,Vaughn
KN19,Aztec
KN23,Sidney
KN24,Questa
KN27,Towanda - Bradford County
KN30,Honesdale - Cherry Ridge
KN35,Punxsutawney
KN37,Monticello Apt
KN38,Wellsboro - Grand Canyon
KN40,Pittstown - Sky Manor
KN45,Wallkill - Kobelt
KN47,Pottstown
KN51,Readington - Solberg Hunterdon
KN52,Waxhaw - Jaars Townsend
KN53,East Stroudsburg
KN57,Toughkenamon - New Garden
KN58,Fernley - Samsarg
KN59,Smith - Rosaschi Air Park
KN66,Oneonta - Albert S Nader
KN68,Chambersburg - Franklin County
KN69,Stormville
KN71,Mount Joy/Marietta - Donegal Springs
KN73,Vincentown - Red Lion
KN74,Centre Hall - Penns Cave
KN79,Shamokin - Northumberland County
KN81,Hammonton
KN82,Wurtsboro
KN85,Pittstown - Alexandria
KN87,Robbinsville - Trenton
KN89,Ellenville - Joseph Y. Resnick
KN94,Carlisle Apt
KN96,Bellefonte
KN98,Boyne City
KNBC,Beaufort Mcas
KNBG,New Orleans
KNBJ,Foley - Barin Nolf
KNBV,Surface Warfare Center Panama Naval
KNCA,Jacksonville - Mccutcheon
KNCL,Norfolk - Comlantflt
KNCY,Yorktown - Nws Helipad
KNDY,Dahlgren
KNDZ,Milton - Whiting
KNEL,Lakehurst
KNEN,Jacksonville - Whitehouse Nolf
KNEW,New Orleans - Lakefront
KNFD,Summerdale
KNFE,Fentress Nalf
KNFG,Oceanside - Munn
KNFJ,Milton - Choctaw Nolf
KNFL,Fallon Nas
KNFW,Fort Worth Nas
KNGP,Corpus Christi Nas
KNGS,Milton - Santa
KNGT,Berclair - Goliad Nolf
KNGU,Norfolk Chambers
KNGW,Corpus Christi - Cabaniss
KNHK,Patuxent River
KNHL,Joesphine - Wolf Nolf
KNHU,Norfolk Ns
KNID,China Lake
KNIP,Jacksonville Nas
KNJK,El Centro Naf
KNJM,Swansboro - Bogue
KNJW,Meridian - Joe Williams Nolf
KNKL,Fort Walton Beach - Holley Nolf
KNKT,Cherry Point
KNKX,San Diego - Foss
KNLC,Lemoore
KNMM,Meridian
KNOG,Orange Grove
KNOW,Port Angeles Cgas
KNPA,Pensacola Nas
KNQA,Millington
KNQB,Knqb
KNQI,Kingsville
KNQX,Key West Nas
KNRA,Coupeville Nolf
KNRB,Mayport
KNRC,Knrc
KNRN,Norton Muni
KNRQ,Pace - Spencer Nolf
KNRS,Imperial Beach
KNSE,Milton - Whiting
KNSI,San Nicolas Island
KNSX,Outlying Site X Navy
KNTD,Oxnard - Mugu Nas
KNTU,Virginia Beach - Oceana Nas
KNUC,San Clemente Island
KNUI,St Inigoes - Webster Nolf
KNUN,Pensacola - Saufley
KNUQ,Mountain View - Moffett Federal
KNUW,Oak Harbor - Ault
KNVD,Nevada Muni
KNVI,Wallace - Pace Nolf
KNWL,Corpus Christi - Fld Nolf
KNXF,Oceanside - Red Beach
KNXP,Twentynine Palms Self
KNXX,Willow Grove Reserve Navy
KNY0,Johnstown - Fulton County
KNY2,Camillus
KNYG,Quantico
KNYL,Yuma Mcas
KNZX,Harold
KNZY,San Diego - North
KO02,Beckwourth - Nervino
KO05,Chester - Rogers
KO08,Colusa
KO09,Covelo - Round Valley
KO11,Stilwell Cherokee
KO15,Turlock
KO16,Garberville
KO20,Lodi - Kingdon
KO22,Columbia Apt
KO24,Lee Vining
KO26,Lone Pine
KO27,Oakdale
KO28,Willits
KO32,Reedley
KO33,Eureka - Samoa
KO35,Hollis
KO37,Orland - Haigh
KO38,Owasso - Gundys
KO41,Woodland
KO42,Woodlake
KO43,Yerington
KO45,Hooker
KO46,Weed
KO47,Prague
KO51,Laverne
KO52,Yuba City - Sutter County
KO53,Medford
KO54,Weaverville
KO57,Bridgeport - Bryant
KO59,Cedarville
KO60,Cloverdale
KO61,Cameron Park
KO65,Okeene - Christman
KO69,Petaluma
KO79,Sierraville
KO81,Tulelake
KO86,Trinity Center
KO88,Rio Vista
KO89,Fall River Mills
KOAJ,Jacksonville - Albert J Ellis
KOAK,Oakland
KOAR,Marina
KOBE,Okeechobee County
KOBI,Woodbine Muni
KOCF,Ocala
KOCH,Nacogdoches A
KOCQ,Oconto
KOCW,Washington Warren
KODO,Odessa Schlemeyer
KODX,Ord - Evelyn Sharp
KOEA,Vincennes - O'Neal
KOEB,Coldwater - Branch County Meml
KOEL,Oakley Muni
KOEO,Osceola - L O Simenstad
KOFF,Offutt Afb
KOFK,Norfolk Stefan
KOFP,Richmond/Ashland - Hanover County
KOGA,Ogallala - Searle
KOGB,Orangeburg
KOGD,Ogden
KOGM,Ontonagon
KOGS,Ogdensburg
KOIC,Norwich - Warren Eaton
KOIN,Oberlin
KOJA,Weatherford
KOJC,Olathe - Johnson
KOKB,Oceanside - Bob Maxwell Meml
KOKC,Oklahoma City - Okc Will Rogers
KOKH,Oak Harbor - Delaurentis
KOKK,Kokomo
KOKM,Okmulgee
KOKS,Oshkosh - Garden County
KOKV,Winchester Rgnl
KOKZ,Sandersville - Kaolin
KOLD,Old Town Fld
KOLE,Olean - Cattaraugus County Olean
KOLF,Wolf Point - L M Clayton
KOLG,Solon Springs
KOLM,Olympia Rgnl
KOLS,Nogales
KOLU,Columbus Muni
KOLV,Olive Branch
KOLY,Olney-Noble
KOLZ,Oelwein
KOMA,Omaha - Eppley Airfield
KOMH,Orange County
KOMK,Omak
KOMN,Ormond Beach
KONA,Winona Conrad
KONL,O'Neill Muni-John
KONM,Socorro Muni
KONO,Ontario Muni
KONP,Newport Muni
KONT,Ontario Intl
KONX,Currituck
KONY,Olney
KONZ,Detroit/Grosse Ile
KOOA,Oskaloosa
KOPF,Miami Opa
KOPL,Opelousas - St Landry Parish
KOPN,Thomaston
KOQN,West Chester - Brandywine
KOQU,North Kingstown - Quonset State
KOQW,Maquoketa
KORB,Orr
KORC,Orange City
KORD,Chicago O'Hare
KORE,Orange Muni
KORF,Norfolk Intl
KORG,Orange County
KORH,Worcester Rgnl
KORI,Kori
KORK,North Little Rock
KORL,Orlando Exec
KORS,Eastsound - Orcas Island
KOSA,Mount Pleasant Rgnl
KOSC,Oscoda
KOSH,Oshkosh - Wittman
KOSU,Ohio State University
KOSX,Kosciusko
KOTG,Worthington
KOTH,North Bend Rgnl
KOTM,Ottumwa Rgnl
KOUN,Norman University
KOVE,Oroville Muni
KOVL,Olivia
KOVO,North Vernon
KOVS,Boscobel
KOWA,Owatonna
KOWB,Owensboro Daviess
KOWD,Norwood Meml
KOWI,Ottawa Muni
KOWK,Norridgewock
KOWP,Sand Springs - William R Pogue
KOWX,Ottawa - Putnam County
KOXB,Ocean City Muni
KOXC,Oxford - Waterbury
KOXD,Oxford - Miami University
KOXI,Knox - Starke County
KOXR,Oxnard
KOXV,Knoxville Muni
KOY,Olga Bay
KOYM,St Marys
KOZA,Ozona
KOZR,Fort Rucker - Cairns Aaf
KOZS,Camdenton
KOZW,Howell - Hardy
KP01,Ajo - Eric Marcus
KP03,Douglas - Cochise College
KP04,Bisbee
KP08,Coolidge
KP10,Polacca
KP13,Globe - San Carlos Apache
KP14,Holbrook
KP19,Chandler - Stellar
KP20,Parker - Avi Suquilla
KP23,Seligman
KP29,Tombstone
KP33,Willcox - Cochise County
KP34,Mifflintown
KP52,Cottonwood Apt
KPAE,Everett - Seattle Paine
KPAH,Paducah - Barkley
KPAI,Pacoima - Barton
KPAM,Tyndall Afb
KPAN,Payson
KPAO,Palo Alto
KPBF,Pine Bluff - Pinebluff
KPBG,Plattsburgh
KPBH,Phillips - Price County
KPBI,West Palm Beach Intl
KPBX,Pikeville - Pike County/Hatcher
KPCA,Picacho
KPCD,Perryville Rgnl
KPCM,Plant City
KPCW,Port Clinton - Erie-Ottawa
KPCZ,Waupaca
KPDC,Prairie Du Chien
KPDK,Atlanta - Dekalb-Peachtree
KPDT,Pendleton Rgnl
KPDX,Portland Intl
KPEA,Pella Muni
KPEO,Penn Yan
KPEQ,Pecos
KPEX,Paynesville
KPEZ,Pleasanton
KPFC,Pacific City
KPFN,Panama City
KPGA,Page Muni
KPGD,Punta Gorda
KPGR,Paragould - Kirk
KPGV,Greenville - Pitt
KPHD,New Philadelphia - Harry Clever
KPHF,Newport News
KPHG,Phillipsburg
KPHH,Andrews - Robert F Swinnie
KPHK,Pahokee - Palm Beach
KPHL,Philadelphia Intl
KPHN,Port Huron - St Clair County
KPHP,Philip
KPHT,Paris - Henry County
KPHX,Phoenix Sky
KPIA,Peoria Intl
KPIB,Hattiesburg-Laurel
KPIE,St Petersburg-Clearwater
KPIH,Pocatello
KPIL,Port Isabel - Cameron County
KPIM,Pine Mountain - Harris County
KPIR,Pierre
KPIT,Pittsburgh Intl
KPJC,Zelienople
KPJY,Pinckneyville Du
KPKB,Parkersburg - Mid-Ohio Valley
KPKD,Park Rapids
KPKF,Park Falls
KPKV,Port Lavaca - Calhoun County
KPLD,Portland Muni
KPLK,Branson - M Graham Clark
KPLN,Pellston
KPLR,Pell City - St Clair County
KPLU,Puyallup - Pierce County
KPMB,Pembina
KPMD,Palmdale Usaf
KPMH,Portsmouth Rgnl
KPMP,Pompano Beach
KPMU,Batesville - Panola County
KPMV,Plattsmouth
KPMZ,Plymouth Muni
KPNA,Pinedale - Ralph Wenz
KPNC,Ponca City
KPNE,Philadelphia Northeast
KPNM,Princeton Muni
KPNN,Princeton Muni
KPNS,Pensacola Intl
KPNT,Pontiac
KPO1,Poplar Muni
KPOB,Fayetteville - Pope Aaf
KPOC,La Verne - Brackett
KPOE,Fort Polk - Maks Aaf
KPOF,Poplar Bluff
KPOH,Pocahontas Muni
KPOU,Poughkeepsie - Hudson Valley
KPOV,Ravenna - Portage County
KPOY,Powell Muni
KPPA,Pampa - Perry Lefors
KPPF,Parsons - Tri-City
KPPO,La Porte Muni
KPPQ,Pittsfield Penstone
KPQI,Presque Isle Intl
KPQL,Pascagoula - Trent Lott
KPQN,Pipestone Muni
KPR,Port Williams
KPRB,Paso Robles
KPRC,Prescott
KPRG,Paris - Edgar County
KPRN,Greenville - Mac Crenshaw Meml
KPRO,Perry Muni
KPRS,Presidio
KPRX,Paris - Cox
KPRZ,Portales
KPSB,Philipsburg - Mid-State
KPSC,Pasco - Tri-Cities
KPSF,Pittsfield Muni
KPSK,Dublin - New River Valley
KPSM,Portsmouth At
KPSN,Palestine Muni
KPSO,Pagosa Springs - Stevens
KPSP,Palm Springs
KPSX,Palacios
KPTB,Petersburg - Tri Cities
KPTD,Potsdam
KPTK,Pontiac - Oakland
KPTN,Patterson - Meml
KPTS,Pittsburg - Atkinson
KPTT,Pratt
KPTV,Porterville
KPTW,Pottstown - Heritage
KPUB,Pueblo
KPUC,Price - Carbon County
KPUJ,Atlanta Paulding
KPUW,Pullman/Moscow
KPVB,Platteville
KPVC,Provincetown
KPVD,Rhode Island Tf
KPVE,Lexington-Parsons - Beech River
KPVF,Placerville
KPVG,Norfolk - Hampton Roads
KPVJ,Pauls Valley
KPVU,Provo
KPVW,Plainview - Hale County
KPWA,Oklahoma City - Wiley Post
KPWC,Pine River
KPWD,Plentywood - Sher-Wood
KPWG,Waco - Mc Gregor
KPWK,Chicago/Prospect Heights/Wheeling
KPWM,Portland Jetport
KPWT,Bremerton
KPXE,Perry Houston
KPY,Port Bailey
KPYG,Pageland
KPYM,Plymouth Muni
KPYN,Piedmont
KPYP,Centre
KPYX,Perryton
KPZQ,Rogers City - Presque Isle County
KQA,Akutan
KQMG,Kqmg
KR47,Leipsic - Ruhe
KR49,Republic - Ferry County
KRAC,Racine - Batten
KRAL,Riverside Muni
KRAP,Rapid City Rgnl
KRAS,Port Aransas - Mustang Beach
KRAW,Warsaw Muni
KRBD,Dallas Exec
KRBE,Bassett - Rock County
KRBG,Roseburg
KRBL,Red Bluff
KRBM,Camp Robinson/Little Rock
KRBO,Robstown - Nueces County
KRBW,Walterboro - Lowcountry
KRCA,Ellsworth Afb
KRCE,Oklahoma City - Clarence E Page
KRCK,Rockdale - H H Coffield
KRCM,Warrensburg - Skyhaven
KRCP,Stockton - Rooks County
KRCR,Rochester - Fulton
KRCT,Reed City - Nartron
KRCV,Del Norte - Astronaut Kent Rominger
KRCX,Ladysmith - Rusk County
KRCZ,Rockingham - Richmond
KRDD,Redding
KRDG,Reading
KRDK,Red Oak
KRDM,Redmond - Roberts
KRDR,Grand Forks Afb
KRDU,Raleigh/Durham
KRED,Red Lodge
KREG,Louisiana Rgnl
KREI,Redlands
KREO,Rome State
KRFD,Chicago/Rockford
KRFG,Refugio - Rooke
KRFI,Henderson - Rusk County
KRGA,Richmond Central
KRGK,Red Wing
KRHI,Rhinelander
KRHP,Andrews - Western Carolina
KRHV,San Jose - Reid Hillview
KRIC,Richmond Intl
KRID,Richmond Muni
KRIE,Krie
KRIF,Richfield Muni
KRIL,Rifle Garfield
KRIR,Riverside/Rubidoux/ - Flabob
KRIU,Rancho Murieta
KRIV,Riverside - March
KRIW,Riverton Central
KRJD,Ridgely - Gooden
KRKD,Rockland - Knox County
KRKP,Rockport - Aransas County
KRKR,Poteau - Robert S Kerr
KRKS,Rock Springs Rgnl
KRKW,Rockwood
KRLD,Richland
KRME,Rome - Griffiss
KRMG,Rome - Russell Rgnl J
KRMN,Stafford Rgnl
KRMY,Marshall - Brooks
KRNC,Mc Minnville - Warren
KRND,Randolph Afb
KRNH,New Richmond
KRNM,Ramona
KRNO,Reno Tahoe
KRNP,Owosso
KRNT,Renton
KRNV,Cleveland Muni
KROA,Roanoke Blacksburg
KROC,Rochester Intl
KROG,Rogers
KROS,Rush City
KROW,Roswell
KROX,Roseau
KRPB,Belleville Muni
KRPD,Rice Lake
KRPH,Graham
KRPJ,Rochelle Muni/Koritz
KRPX,Roundup
KRQB,Big Rapids - Roben-Hood
KRQE,Window Rock
KRQO,El Reno
KRRL,Merrill
KRRQ,Rock Rapids
KRRT,Warroad
KRSL,Russell
KRSN,Ruston
KRST,Rochester
KRSV,Robinson - Crawford County
KRSW,Fort Myers Intl
KRTN,Raton
KRTS,Reno Stead
KRUE,Russellville Rgnl
KRUG,Rugby
KRUQ,Salisbury - Mid-Carolina
KRUT,Rutland Southern
KRVF,Twin Bridges - Ruby Valley
KRVJ,Reidsville Fld
KRVL,Reedsville - Mifflin County
KRVN,Rogersville - Hawkins County
KRVS,Tulsa Riverside
KRWF,Redwood Falls
KRWI,Rocky Mount
KRWL,Rawlins
KRWN,Winamac - Arens
KRWV,Caldwell Muni
KRXE,Rexburg
KRYM,Camp Ripley - Aaf
KRYN,Tucson - Ryan
KRYV,Watertown Muni
KRYW,Lago Vista
KRYY,Atlanta - Cobb County
KRZL,Rensselaer - Jasper County
KRZN,Siren - Burnett County
KRZR,Cleveland Jetport
KRZT,Chillicothe - Ross County
KRZZ,Roanoke Rapids - Halifax County
KS01,Conrad
KS03,Ashland Sumner
KS05,Bandon
KS10,Chelan
KS12,Albany Muni Apt
KS17,Graniteville - Twin Lakes
KS19,Mc Cormick
KS20,Goldendale
KS21,Sunriver
KS23,Ione
KS24,"Fremont, Ohio - Sandusky County"
KS25,Watford City
KS27,Kalispell
KS28,Dunseith - Peace Garden
KS30,Lebanon State
KS31,Lopez
KS32,Cooperstown
KS33,Madras
KS34,Plains Apt
KS36,Kent - Norman Grier
KS37,Smoketown
KS39,Prineville
KS40,Prosser
KS42,Springer
KS45,Gleneden Beach - Siletz Bay State
KS48,Sandy - Country Squire
KS49,Vale - Miller
KS50,Auburn
KS52,Winthrop - Methow Valley State
KS59,Libby
KS64,Stanford
KS66,Homedale
KS67,Nampa
KS68,Orofino
KS69,Lincoln
KS70,Othello
KS71,Chinook - Edgar G Obie
KS72,St Maries
KS73,Kamiah
KS75,Payette
KS78,Emmett
KS81,"Indian Creek, Idaho"
KS83,Kellogg - Shoshone County
KS84,Cottonwood Muni
KS85,Culbertson - Big Sky
KS87,Weiser
KS89,Craigmont
KS94,Colfax - Center
KS95,College Place - Martin
KS97,Brewster - Anderson
KS98,Kennewick - Vista
KSAA,Saratoga - Shively
KSAC,Sacramento Exec
KSAD,Safford
KSAF,Santa Fe
KSAN,San Diego Intl
KSAR,Sparta Community-Hunter
KSAS,Salton City
KSAT,San Antonio
KSAV,Savannah Hilton
KSAW,Marquette Sawyer
KSAZ,Staples
KSBA,Santa Barbara Muni
KSBD,San Bernardino Intl
KSBM,Sheboygan
KSBN,South Bend
KSBO,Swainsboro East
KSBP,San Luis Obispo
KSBS,Steamboat Springs
KSBU,Blue Earth
KSBX,Shelby
KSBY,Salisbury Ocean
KSCA,Sidney Muni
KSCB,Scribner
KSCD,Sylacauga Fld
KSCH,Schenectady
KSCK,Stockton Metro
KSCR,Siler City
KSCX,Oneida - Scott
KSDA,Shenandoah Muni
KSDC,Williamson/Sodus
KSDF,Louisville Muhammad
KSDL,Scottsdale
KSDM,San Diego - Brown
KSDY,Sidney Richland
KSEA,Seattle Tacoma
KSEE,San Diego/El Cajon - Gillespie
KSEF,Sebring
KSEG,Selinsgrove - Penn Valley
KSEM,Selma - Craig
KSEP,Stephenville
KSEQ,Randolph Aux Afb
KSER,Seymour - Freeman Muni
KSET,St Charles
KSEZ,Sedona
KSFB,Orlando Sanford
KSFF,Spokane - Felts
KSFM,Sanford Seacoast
KSFO,San Francisco Intl
KSFQ,Suffolk
KSFY,Savanna - Tri-Township
KSFZ,Pawtucket - North
KSGF,Springfield Branson
KSGH,Springfield Beckley
KSGJ,St Augustine Rgnl
KSGR,Houston - Sugar Land
KSGS,South St Paul
KSGT,Stuttgart Carl
KSGU,St George Rgnl
KSH1,Camp Shelby
KSHD,Staunton/Waynesboro/Harrisonburg - Shenandoah Valley
KSHL,Sheldon
KSHN,Shelton - Sanderson
KSHR,Sheridan County
KSHV,Shreveport Rgnl
KSIF,Reidsville - Shiloh
KSIK,Sikeston
KSIV,Sullivan County
KSIY,Montague - Siskiyou County
KSJC,San Jose Intl
KSJN,St Johns
KSJS,Prestonsburg - Big Sandy
KSJT,San Angelo
KSJX,Beaver Island
KSKA,Fairchild Afb
KSKF,San Antonio - Kelly
KSKI,Sac City
KSKX,Taos
KSKY,Sandusky Apt
KSLB,Storm Lake
KSLC,Salt Lake City Intl
KSLE,Salem - Mcnary
KSLG,Siloam Springs - Smith
KSLH,Cheboygan
KSLI,Los Alamitos
KSLJ,Hagler Army
KSLK,Saranac Lake - Adirondack
KSLN,Salina Rgnl
KSLO,Salem Leckrone
KSLR,Sulphur Springs
KSMD,Fort Wayne - Smith
KSME,Somerset - Lake Cumberland
KSMF,Sacramento Intl
KSMN,Salmon - Lemhi County
KSMO,Santa Monica
KSMQ,Somerville - Somerset
KSMS,Sumter
KSMX,Santa Maria
KSNA,Santa Ana - John Wayne
KSNC,Chester
KSNH,Savannah Hardin
KSNK,Snyder - Winston
KSNL,Shawnee
KSNS,Salinas
KSNY,Sidney W
KSOA,Sonora Muni
KSOP,Pinehurst/Southern Pines - Moore County
KSOW,Show Low
KSOY,Sioux Center
KSPA,Spartanburg Meml/Simpson
KSPB,Scappoose
KSPF,Spearfish - Black Hills-Clyde Ice
KSPG,St Petersburg - Albert
KSPH,Springhill
KSPI,Springfield - Abraham Lincoln Capital
KSPK,Spanish Fork
KSPS,Wichita Falls Afb
KSPW,Spencer Muni
KSPZ,Silver Springs
KSQI,Sterling/Rockfalls - Whiteside County
KSQL,San Carlos
KSRB,Sparta - Upper Cumberland
KSRC,Searcy
KSRE,Seminole Muni
KSRQ,Sarasota/Bradenton
KSRR,Ruidoso - Sierra Blanca
KSSC,Shaw Afb
KSSF,San Antonio - Stinson
KSSI,St Simons Island
KSSQ,Shell Lake
KSTC,St Cloud Rgnl
KSTE,Stevens Point
KSTF,Starkville - George M Bryan
KSTJ,St Joseph - Rosecrans Meml
KSTK,Sterling Muni
KSTL,St Louis Lambert
KSTP,St Paul
KSTS,Santa Rosa - Charles M Schulz
KSUA,Stuart - Witham
KSUD,Stroud Muni
KSUE,Sturgeon Bay - Door County Cherryland
KSUN,Hailey - Friedman Meml
KSUO,Rosebud Sioux
KSUS,St Louis Spirit
KSUT,Oak Island - Cape Fear
KSUU,Travis Afb
KSUW,Superior - Richard I Bong
KSUX,Sioux City Fld
KSUZ,Benton - Saline County
KSVC,Silver City - Grant County
KSVE,Susanville
KSVH,Statesville
KSVN,Savannah - Hunter Aaf
KSVR,Salt Lake City - South
KSWF,New York Stewart
KSWI,Sherman
KSWO,Stillwater Rgnl
KSWT,Seward Muni
KSWW,Sweetwater - Avenger
KSXK,Maurice - Sioux County
KSXL,Summersville
KSXS,Fort Rucker - Shell Ahp
KSXU,Santa Rosa Route
KSYF,St Francis - Cheyenne County
KSYI,Shelbyville - Bomar
KSYL,Camp Roberts/San Miguel
KSYM,Morehead
KSYN,Stanton Airfield
KSYR,Syracuse Hancock
KSYV,Sylvester
KSZL,Whiteman Afb
KSZN,Santa Barbara Apt
KSZP,Santa Paula
KSZT,Sandpoint
KSZY,Selmer - Robert Sibley
KT00,Anahuac - Chambers County
KT03,Tuba City
KT05,Port Mansfield - Charles R Johnson
KT12,Kirbyville
KT15,Marlin
KT16,Reserve
KT17,New Gulf
KT19,Freer
KT20,Gonzales - Roger M. Dreyer
KT23,Albany Muni Apt
KT24,Pineland
KT27,El Paso - Horizon
KT30,Pearsall - Mc Kinley
KT31,Mc Kinney - Aero Country
KT35,Cameron Muni
KT36,Tylertown - Paul Pittman
KT37,Goldthwaite
KT39,Archer City
KT41,La Porte
KT42,Ruth
KT45,Panhandle
KT50,Menard
KT51,Houston - Dan Jones
KT54,Rosenberg - Lane
KT55,Dimmitt
KT59,Wheeler
KT60,Aspermont - Stonewall County
KT67,Fort Worth - Hicks Air
KT69,Sinton - Alfred C 'Bubba'
KT70,Laughlin Auxiliary Nr 1 Afb
KT71,Cuero
KT73,Lancaster - Kirk Air Base
KT74,Taylor
KT78,Liberty Muni
KT82,Fredericksburg - Gillespie County
KT85,Yoakum
KT88,Colorado City
KT90,Winnie/Stowell
KT92,Mason
KT93,Follett
KT96,Wolfforth - Southwest Lubbock
KTAD,Trinidad - Perry Stokes
KTAN,Taunton
KTAZ,Taylorville Muni
KTB,Thorne Bay
KTBN,Fort Leonard Wood - Robert Rgnl
KTBR,Statesboro
KTCC,Tucumcari
KTCL,Tuscaloosa Ntl
KTCM,Tacoma - Fld
KTCS,Truth Or Consequences
KTCY,Tracy Muni
KTDF,Roxboro - Raleigh
KTDO,Toledo - Ed Carlson Meml
KTDW,Amarillo - Tradewind
KTDZ,Toledo Exec
KTEB,Teterboro
KTEL,Tell City - Perry County
KTEW,Mason Jewett
KTEX,Telluride
KTFP,Ingleside
KTGC,Trenton - Gibson County
KTGI,Tangier
KTHA,Tullahoma
KTHM,Thompson Falls
KTHP,Kthp
KTHV,York
KTIF,Thedford - Thomas County
KTIK,Tinker Afb
KTIP,Rantoul
KTIW,Tacoma Narrows
KTIX,Titusville - Space Coast
KTKC,Tracy Muni
KTKI,Dallas - Mckinney Ntl
KTKO,Mankato
KTKV,Tomahawk
KTKX,Kennett
KTLH,Tallahassee Intl
KTLR,Tulare - Mefford
KTMA,Tifton - Henry Tift Myers
KTMB,Miami Exec
KTME,Houston Exec
KTMK,Tillamook
KTMT,Austin
KTNP,Twentynine Palms
KTNT,Miami - Transition
KTNU,Newton Johnson
KTNX,Tonopah Test
KTOA,Torrance - Zamperini
KTOB,Dodge Center
KTOC,Toccoa
KTOI,Troy At
KTOL,Toledo Eugene
KTOP,Topeka - Philip Billard
KTOR,Torrington
KTPA,Tampa Intl
KTPF,Tampa - Peter O Knight
KTPH,Tonopah
KTPL,Temple Central
KTQE,Tekamah
KTQH,Tahlequah
KTQK,Scott City
KTRI,Bristol/Johnson/Kingsport - Tri-Cities
KTRK,Truckee
KTRL,Terrell
KTRM,Palm Springs - Jacqueline Cochran
KTRX,Trenton Muni
KTSG,Tanacross
KTSO,Carrollton - Carroll County/Tolson
KTSP,Tehachapi
KTTA,Sanford Exec
KTTD,Portland Troutdale
KTTF,Monroe - Custer
KTTN,Trenton Mercer
KTTS,Titusville Space
KTUL,Tulsa Intl
KTUP,Tupelo
KTUS,Tucson Intl
KTVB,Cabool
KTVC,Traverse City - Cherry Capital
KTVF,Thief River Falls
KTVI,Thomasville Rgnl
KTVK,Centerville Muni
KTVL,South Lake Tahoe
KTVR,Tallulah Rgnl
KTVY,Tooele - Bolinder
KTWF,Twin Falls - Joslin
KTWM,Two Harbors - Richard B Helgeson
KTWT,Sturgis Muni
KTX0,La Ward - Shank N Bank
KTX2,Beeville - Chase
KTXK,Texarkana
KTXW,Weslaco - Mid Valley
KTYL,Taylor
KTYQ,Indiana Exec
KTYR,Tyler Pounds
KTYS,Knoxville - Mc Ghee Tyson
KTZR,Columbus - Bolton
KTZT,Belle Plaine Muni
KTZV,Tompkinsville
KU00,Leadore
KU01,American Falls
KU02,Blackfoot - Mccarley
KU03,Buhl
KU05,Philipsburg - Riddick
KU06,Cokeville
KU07,Glen Canyon Natl Rec Area - Bullfrog Basin
KU08,Overton - Perkins
KU09,Harlem - Fort Belknap Agency
KU10,Preston
KU12,St Anthony - Stanford
KU13,Junction
KU14,Nephi
KU25,Dubois
KU30,Temple Bar
KU34,Green River Muni
KU36,Aberdeen Muni
KU42,West Jordan - South Valley
KU43,Monticello Apt
KU52,Beaver Muni Apt
KU55,Panguitch
KU56,Rigby
KU58,Downey
KU62,Mackay Apt
KU63,Stanley - Bruce Meadows
KU64,Monticello Apt
KU68,Cowley/Lovell/Byron - North Big Horn
KU69,Duchesne
KU70,Cascade
KU76,Mountain Home
KU78,Soda Springs - Allen H
KU79,Chamberlain Guard Station
KU81,Cold Meadows Guard Station
KU82,Council
KU89,Glenns Ferry
KU94,Hazelton
KU96,Halls Crossing - Cal Black
KUAO,Aurora State
KUBE,Cumberland Muni
KUBS,Columbus Lowndes
KUBX,Cuba Muni
KUCC,Kucc
KUCP,New Castle Muni
KUCY,Union City - Everett-Stewart
KUDD,Palm Springs - Bermuda Dunes
KUDG,Darlington
KUES,Waukesha County
KUGN,Chicago/Waukegan
KUIL,Quillayute
KUIN,Quincy Rgnl-Baldwin
KUKF,North Wilkesboro - Wilkes County
KUKI,Ukiah
KUKL,Burlington - Coffey County
KUKT,Quakertown
KULM,New Ulm Muni
KULS,Ulysses
KUMP,Indiana Metro
KUNI,Ohio University
KUNO,West Plains
KUNU,Juneau - Dodge County
KUNV,State College
KUOS,Sewanee - Franklin County
KUOX,Oxford - University
KUSE,Wauseon - Fulton
KUSW,Spencer - Boggs
KUTA,Tunica
KUTS,Huntsville Muni
KUUU,Newport State
KUUV,Sullivan Rgnl
KUVA,Uvalde - Garner
KUWL,New Castle Henry
KUXL,Sulphur - Southland
KUYF,London - Madison County
KUZA,Rock Hill
KVAD,Moody Afb
KVAY,Mount Holly - South Jersey
KVBG,Lompoc - Vandenberg Space Force
KVBT,Bentonville
KVBW,Bridgewater Air
KVCB,Vacaville - Nut Tree
KVCT,Victoria Rgnl
KVCV,Victorville Southern
KVDF,Tampa Exec
KVDI,Vidalia
KVEL,Vernal
KVER,Boonville - Jesse Viertel
KVES,Versailles - Darke County
KVGC,Hamilton Muni
KVGT,Las Vegas North
KVHN,Van Horn - Culberson
KVIH,Rolla/Vichy
KVIQ,Neillsville
KVIS,Visalia
KVJI,Virginia Highlands
KVKS,Vicksburg
KVKX,Friendly - Potomac
KVLA,Vandalia
KVLD,Valdosta
KVLL,Troy - Oakland
KVMR,Vermillion - Harold Davidson
KVNC,Venice Muni
KVNW,Van Wert
KVNY,Van Nuys
KVOK,Camp Douglas - Volk Fld
KVPC,Cartersville
KVPS,Valparaiso/Destin-Ft Walton Beach
KVPZ,Valparaiso - Porter County
KVQQ,Jacksonville - Cecil
KVRB,Vero Beach
KVSF,Springfield - Hartness State
KVTA,Newark - Licking County
KVTI,Vinton
KVTN,Valentine - Miller
KVUJ,Albemarle - Stanly County
KVUO,Vancouver - Pearson
KVVS,Connellsville Joseph
KVVV,Ortonville Muni/Martinson
KVWU,Waskish
KVYS,Illinois Valley
KW01,Tonasket
KW03,Wilson
KW04,Ocean Shores
KW05,Gettysburg Rgnl
KW11,Sullivan
KW20,Moses Lake
KW22,Buckhannon - Upshur County
KW24,Lynchburg - Falwell
KW28,Sequim
KW29,Stevensville - Bay Bridge
KW31,Kenbridge - Lunenburg County
KW32,Clinton - Washington
KW35,Berkeley Springs - Potomac
KW40,Mount Olive
KW41,Crisfield
KW43,Hulett
KW48,Baltimore - Essex Skypark
KW63,Clarksville - Lake Country
KW73,Fairfield - Center
KW78,South Boston - William M Tuck
KW81,Crewe
KW90,Forest - New London
KW91,Moneta - Smith Mountain Lake
KW94,Williamsburg - Camp Peary Landing
KW95,Ocracoke
KW96,Quinton - New Kent County
KW99,Petersburg - Grant County
KWAL,Wallops Island
KWAY,Waynesburg - Greene County
KWBW,Wilkes-Barre Wyoming
KWDG,Enid
KWDR,Winder - Barrow County
KWEA,Weatherford - Parker County
KWHP,Los Angeles - Whiteman
KWJF,Lancaster - Fox
KWLD,Winfield/Arkansas City - Strother
KWLW,Willows
KWMC,Winnemucca
KWP,West Point
KWRB,Robins Afb
KWRI,Wrightstown - Mc Guire
KWRL,Worland
KWSD,Condron Army
KWST,Westerly State
KWVI,Watsonville Muni
KWVL,Waterville Rgnl
KWWD,Wildwood - Cape May County
KWWR,Woodward West
KWYS,West Yellowstone
KX04,Apopka Apt
KX05,Brooksville - Pilot Country
KX06,Arcadia Muni
KX07,Lake Wales
KX10,Belle Glade
KX13,Carrabelle
KX14,La Belle
KX21,Titusville - Arthur Dunn Air
KX23,Umatilla
KX26,Sebastian
KX33,Doniphan
KX35,Dunnellon - Marion County
KX39,Tampa
KX43,Sunray
KX49,Lakeland
KX50,New Smyrna Beach - Massey Ranch
KX51,Homestead
KX54,Friona - Benger Air Park
KX58,Indiantown
KX59,Malabar - Valkaria
KX60,Williston Muni
KXA,Kasaan
KXBP,Bridgeport Muni
KXFL,Palm Coast - Flagler
KXLL,Allentown
KXMR,Cocoa Beach - Force
KXNA,Fayetteville/Springdale/Rogers
KXNI,Zuni - Andrew Othole Meml
KXNO,North
KXNX,Gallatin - Music
KXSA,Tappahannock Essex
KXTA,Groom Lake - Homey
KXVG,Longville
KXWA,Williston Basin
KY03,Springfield Muni Apt
KY14,Tea - Marv Skie Lincoln
KY19,Mandan
KY23,Chetek
KY27,Fort Yates - Standing Rock
KY31,West Branch
KY37,Park River
KY43,Anita
KY47,New Hudson - Oakland Southwest
KY49,Walker
KY50,Wautoma
KY51,Viroqua
KY55,Crandon
KY63,Elbow Lake
KY65,Indian River - Campbell-Pratt
KY70,Ionia
KY72,Tomah - Bloyer
KY74,Parshall
KY8,Lewisport - Hancock County/Ron Lewis
KY83,Sandusky
KY87,Empire
KY89,Kalkaska
KY93,Atlanta
KY94,East Jordan
KY95,Hillman
KYIP,Detroit - Willow Run
KYKM,Yakima Air
KYKN,Yankton - Chan Gurney
KYNG,Youngstown/Warren
KZ01,Valparaiso - Eglin Auxiliary
KZ10,Kz10
KZ98,Zeeland - Ottawa
KZ99,Yakima - Mettie Airstrip
KZEF,Elkin
KZER,Pottsville - Schuylkill County
KZPH,Zephyrhills
KZUN,Zuni Pueblo - Black Rock
KZZV,Zanesville
L00,Rosamond
L04,Holtville
L05,Kernville - Kern Valley
L06,Death Valley National Park - Furnace Creek
L08,Borrego Springs Valley
L09,Death Valley National Park - Stovepipe Wells
L11,Avalon - Pebbly Beach
L17,Taft
L18,Fallbrook
L19,Wasco Kern
L20,Yukon Charley Rivers - Coal Creek
L22,Yucca Valley
L23,Mercury - Pahute Mesa Airstrip
L25,Meadview - Pearce Ferry
L26,Hesperia
L31,Covington - St
L32,Jonesville
L33,St Joseph - Tensas Parish
L35,Big Bear City
L36,Rio Linda
L37,Peach Springs - Grand Canyon Caverns
L39,Leesville
L41,Marble Canyon
L45,Bakersfield
L51,Winifred - Heller Farm
L52,Oceano
L53,Lodi Airpark
L61,Shoshone
L62,Buttonwillow - Elk Hills Buttonwillow
L65,Perris
L66,Pollock
L70,Agua Dulce
L71,California City
L72,Trona
L73,Famoso - Poso-Kern County
L77,Chiriaco Summit
L78,Jacumba
L80,Lone Pine - Monache Meadows
L83,Thibodaux Muni
L85,Soldotna - Mackeys Lakes
L87,Ida
L88,New Cuyama
L90,Ocotillo Wells
L92,Alamo
L93,Valdez - Robe Lake
L94,Tehachapi - Mountain Valley
L95,Big Lake - Jones Landing
LA00,Baton Rouge Medical
LA01,Basile - Millers Flying Service
LA02,Port Sulphur - Plaquemines Medical Center
LA03,Eunice - Prop Stop
LA04,Fort Necessity - Bailey Air
LA05,Baton Rouge
LA07,Abita Springs - Price
LA09,Intracoastal City - Bristow
LA10,Boyce - Tracemont
LA11,Oil City - Thackers
LA12,Kenner - La
LA13,Hammond - Shaw Crop Service
LA14,West Monroe - Coffman
LA15,Pride - Clark
LA16,Breaux Bridge - Castille
LA17,Colfax - Keystone Farms
LA18,Bunkie General
LA19,Coushatta - Cchcc
LA20,Alexandria - Hospital
LA21,Lake Charles - Chloe
LA22,Livermore Pg&E
LA23,Columbia - Citizens Medical Center
LA24,Covington - St
LA25,Mamou - Central
LA26,Folsom - Unicorn
LA27,Lake Charles - Hq
LA28,Louisiana State
LA29,Leesville - Byrd
LA3,Jackson - Feliciana
LA30,Rayne - Phoenix
LA31,Lacassine - Gotreaux Strip
LA32,Lake Arthur
LA33,Monroe - Cuba
LA34,Monroe - Reno Flight Park
LA35,Alexandria - Summerville
LA36,Convent - Whitehall
LA37,St Francisville - West
LA38,Slidell - Pelican
LA40,Vidalia - F L Braughton
LA41,Breaux Bridge - Dupuis
LA42,Walker - Lake
LA43,New Iberia - 2
LA44,St Gabriel - Carville Energy
LA46,Port Allen - Omni
LA48,Cottonport - Max
LA50,Hessmer - Detel
LA51,Coushatta - Stuart Airstrip
LA52,Iota - Di'S
LA53,St. Joseph - Tensas Flying Service
LA54,Gilliam
LA55,Lake Charles Meml
LA56,Robson - Naylor
LA57,Eunice - Kinder Ag Service
LA58,New Orleans - Umcno
LA59,Thibodaux Medical
LA60,Abbeville - Strip
LA61,Kaplan - Kenan Airstrip
LA62,Lake Charles - Grand View Lodge
LA63,Bastrop - Travis
LA64,Amelia - Bayou Boeuf
LA65,Eunice - Acadian Med Cntr
LA67,Angola
LA68,Iota - Zaunbrecher Strip
LA69,Baton Rouge - Jenkins
LA71,Iowa - O'Brien Flying Service
LA72,New Iberia North
LA73,Houma - Huffaker
LA75,Duson - Glenn'S Strip
LA76,Breaux Bridge - Spillers Club
LA77,Bunkie - Tebow
LA79,Amite - Sycamore
LA80,Plaquemine - Iberville Medical Facility
LA81,Benton - Sonlef Air Strip
LA82,Alexandria - Va Medical Center
LA83,Clinton - Mc Cutcheon
LA84,Gonzales - St Elizabeth Hospital
LA85,Shreveport - Christus Highland
LA86,Cocodrie - Kinetica
LA87,Covington Vincent
LA88,Jena - Lasalle Gen Hospital
LA89,Raceland - Pierce
LA90,Crowley - Leblanc
LA91,Parks - Gary Landing Strip
LA92,Sunset - Briggs
LA93,New Orleans Childrens
LA94,Springhill - Muddy Bottoms
LA95,Abbeville General
LA96,St Francisville - Riverbend
LA98,Venice - West Bay
LA99,Baton Rouge Medical
LAGJ,Gjader
LAKO,Korce
LAKU,Kukes
LAKV,Kucove
LATI,Tirana
LAVL,Vlore
LB11,Tsalapita
LB13,Radomir
LB18,Tenevo
LB19,Zimnitsa
LB22,Sapareva Banya - Stanke Dimitrov
LB27,Podem
LB29,Maslarevo
LB30,Stryama Apt
LB32,Konush
LB33,Leskovo
LB34,Stefanovo
LB35,Smolnitsa
LB36,Sokolovo
LB37,Boboshevo - Stanke Dimitrov Highway
LB38,Mustrak
LB39,Graf Ignatievo South
LB42,Kamenets
LB45,Petrich
LBBG,Burgas
LBBO,Bohot
LBDB,Dolna Banya
LBGO,Gorna Oryahovitsa
LBGR,Grivitsa
LBHS,Haskovo - Uzundzhovo Air
LBHT,Ihtiman
LBIA,Yambol - Bezmer Air
LBKJ,Kainardzha
LBKL,Kalvacha
LBLS,Lesnovo
LBMG,Gabrovnitsa
LBPD,Plovdiv
LBPG,Graf Ignatievo Air
LBPL,Dolna Mitropoliya
LBPR,Primorsko
LBRD,Erden
LBRS,Lbrs
LBSF,Sofia
LBSL,Sliven
LBSS,Silistra
LBST,Stryama Apt
LBSZ,Stara Zagora
LBTG,Targovishte - Bukhovtsi
LBVD,Vidin
LBWB,Balchik
LBWN,Varna
LBWV,Izgrev
LC0,Winifred - Left Coulee
LCEN,Nicosia - Ercan
LCGK,Lcgk
LCLK,Larnarca - Larnaca
LCPH,Paphos
LCRA,Lcra
LD57,Zaton - Sepurine Training Base
LDDU,Dubrovnik
LDLO,Losinj
LDOB,Vukovar
LDOC,Cepin
LDOR,Slavonski
LDOS,Osijek
LDOV,Vinkovci
LDPL,Pula
LDPM,Medulin
LDPN,Unije Island
LDPV,Vrsar
LDRG,Grobnicko
LDRI,Rijeka
LDRO,Otocac
LDSB,Brac Island
LDSH,Hvar Island
LDSP,Split
LDSS,Sinj
LDVA,Varazdin
LDVC,Cakovec
LDVD,Daruvar
LDZA,Zagreb
LDZB,Busevec
LDZD,Zadar - Zemunik
LDZJ,Bjelovar
LDZL,Zagreb - Lucko
LE84,Jayena
LEAB,Albacete
LEAE,Alcolea
LEAL,Alicante
LEAM,Almeria
LEAP,Ampuriabraba - Ampuriabrava
LEAS,Asturias
LEAT,Alfes
LEAX,Malaga - La Axarquia Leoni
LEBA,Cordoba
LEBB,Bilbao
LEBE,Jaen - Beas De Segura
LEBG,Burgos
LEBL,Barcelona
LEBZ,Badajoz
LECA,Corral Dev Ayllon
LECD,Alp - La Cerdanya
LECF,Sant Pere Sallavinera - Calaf Sallavinera
LECH,Calamocha
LECI,Huesca - Santa
LECJ,Huesca - Castejon De Los
LECN,Castellon De La Plana
LECO,Culleredo - Coruna
LECT,Luciana - El Castano
LECU,Madrid - Cuatro Vientos
LECX,Segovia - Campolara
LEDA,Lleida
LEDS,Castellon De La Plana
LEEM,Badajoz - El Manantio
LEEV,Villacastin - E. Castellanos Villacastin
LEFM,Segovia - Fuentemilanos
LEGA,Armilla
LEGC,Sevilla - Altarejos-Guadalcanal
LEGE,Girona
LEGR,Granada - Federico Garcia Lorca
LEGT,Getafe
LEGU,Guadalupe Apt
LEGY,Soria - Garray
LEHC,Monflorite/Alcala Del Obispo - Huesca/Pirineos
LEHI,Hinojosa Del Duque
LEIB,Ibiza
LEIG,Barcelona - Igualada/Odena
LEIZ,Torre De Juan Abad
LEJO,Madrigalejo Del Monte
LEJR,Jerez De La Forntera
LEJU,Sevilla - La Juliana
LELA,Valdepenas - La Calderera
LELC,San Javier Apt
LELH,Canovas
LELI,Linares
LELL,Sabadell
LELM,Albacete - Almansa
LELN,Leon Apt
LELO,Logrono
LELT,Lillo
LEMD,Madrid Barajas
LEMF,Gibraleon
LEMG,Malaga Apt
LEMH,Menorca Island Apt
LEMI,Corvera - Región De Murcia
LEMO,Moron Air
LEMP,Murcia - Puerto
LEMR,Oviedo - La Morgal
LEMS,Manresa
LEMT,Toledo - Del Monte
LEMU,Muchamiel
LEMX,Toledo - La Mancha Toledo
LENA,Huesca - Benabarre
LENE,Torrenueva - La Caminera
LEOC,Toledo - Ocana
LEOT,Ontur
LEPA,Palma De Mallorca
LEPI,Cuenca - Pinos
LEPP,Pamplona
LEPR,Palma Del Rio
LEPZ,Los Pozuelos De Calatrava
LERE,Requena Apt
LERI,Alcantarilla
LERL,Ciudad Real
LERM,Robledillo De Mohernando
LERO,Lugo - Rozas
LERS,Reus
LERT,Navy
LESA,Salamanca
LESB,Mallorca Island - Son Bonet
LESE,Almodovar Del Campo - San Enrique
LESG,Sanguesa
LESL,Menorca Island - San Luis
LESO,Hondarribia - San Sebastian
LESS,Sotos
LEST,Santiago De Compostela
LESU,Montferrer / Castellbo - Pirineus Alt Urgell
LETC,Valladolid - Canos
LETE,Badajoz - Morante
LETF,Villamartin - Tomas Fernandez Espada
LETI,La Iglesuela - El Tietar
LETJ,Trebujena
LETL,Teruel
LETO,Madrid - Torrejon
LETP,Segovia - Puerto
LETZ,Valladolid - Torozos
LEVB,Valladolid - El Carrascal
LEVC,Valencia
LEVD,Valladolid
LEVF,Lugo - Villaframil
LEVI,Viso Del Marques
LEVT,Alava - Vitoria
LEVX,Vigo
LEXJ,Santander
LEZG,Zaragoza
LEZL,Sevilla
LF50,Soucelles
LF51,Plan-De-Dieu
LF52,Chambley
LFAB,Dieppe - St Aubin
LFAC,Marck - Calais-Dunkerque
LFAD,Compiegne
LFAE,Le Treport
LFAF,Laon-Chambry
LFAG,Peronne/Saint-Quentin
LFAH,Soissons-Cuffies
LFAI,Nangis/Les Loges
LFAJ,Argentan
LFAK,Les Moeres
LFAL,La Fleche
LFAM,Berck
LFAN,Conde-Sur-Noireau
LFAO,Bagnoles-De-L'Orne/Couterne
LFAP,Rethel
LFAQ,Albert/Bray
LFAR,Montdidier
LFAS,Falaise
LFAT,Le Touquet-Paris-Plage
LFAU,Le Touquet - Vauville
LFAV,Valenciennes/Denain
LFAW,Valenciennes - Villerupt
LFAX,Valenciennes - Mortagne Au Perche
LFAY,Amiens/Glisy
LFBA,Agen/La Garenne
LFBC,Cazaux (La Teste-De-Buch)
LFBD,Bordeaux/Merignac
LFBE,Bergerac/Roumaniere
LFBF,Toulouse/Francazal
LFBG,Cognac/Chateaubernard
LFBH,La Rochelle/Ile De Re
LFBI,Poitiers/Biard
LFBJ,Poitiers - St Junien
LFBK,Montlucon/Gueret
LFBL,Limoges/Bellegarde
LFBM,Mont-De-Marsan
LFBN,Niort/Souche
LFBO,Toulouse/Blagnac
LFBP,Pau/Pyrenees (Uzein)
LFBR,Muret/Lherm
LFBS,Muret - Biscarrosse Parentis
LFBT,Tarbes/Lourdes/Pyrenees
LFBU,Angouleme/Brie/Champniers
LFBV,Brive-La-Gaillarde
LFBX,Perigueux/Bassillac
LFBY,Perigueux - Dax Seyresse
LFBZ,Biarritz/Anglet/Bayonne
LFCA,Biarritz - Chatellerault
LFCB,Biarritz - Bagneres De Luchon
LFCC,Cahors/Lalbenque
LFCD,Cahors - Andernos Les Bains
LFCE,Cahors - Gueret St Laurent
LFCF,Cahors - Figeac Livernon
LFCG,Saint-Girons/Antichan
LFCH,Arcachon/La Teste-De-Buch
LFCI,Albi/Le Sequestre
LFCJ,Albi - Jonzac Neulles
LFCK,Castres/Mazamet
LFCL,Toulouse/Lasbordes
LFCM,Millau/Larzac
LFCN,Millau - Nogaro
LFCO,Millau - Oloron Herrere
LFCP,Millau - Pons Avy
LFCQ,Graulhet/Montdragon
LFCR,Rodez/Marcillac
LFCS,Rodez - Bordeaux Leognan Saucats
LFCT,Rodez - Thouars
LFCU,Ussel/Thalamy
LFCV,Rodez - Villefranche De Rouergue
LFCW,Villeneuve-Sur-Lot
LFCX,Rodez - Castelsarrasin Moissac
LFCY,Royan/Medis
LFCZ,Mimizan
LFDA,Aire-Sur-Adour
LFDB,Montauban
LFDC,Royan - Montendre Marcillac
LFDE,Royan - Egletons
LFDF,Royan - Ste Foy La
LFDG,Royan - Gaillac Lisle Sur
LFDH,Auch/Lamothe
LFDI,Libourne/Artigues-De-Lussac
LFDJ,Pamiers/Les Pujols
LFDK,Pamiers - Soulac Sur Mer
LFDL,Pamiers - Loudun
LFDM,Marmande/Virazeil
LFDN,Rochefort/Saint-Agnant
LFDO,Rochefort - Bordeaux Souge
LFDP,Rochefort - St Pierre D'Oleron
LFDQ,Rochefort - Castelnau Magnoac
LFDR,Rochefort - La Reole Floudes
LFDS,Rochefort - Sarlat Domme
LFDT,Rochefort - Tarbes Laloubere
LFDU,Rochefort - Medoc
LFDV,Rochefort - Couhe Verac
LFDW,Rochefort - Chauvigny
LFDX,Rochefort - Fumel Montayral
LFDY,Rochefort - Bordeaux Yvrac
LFDZ,Condat-Sur-Vezere
LFEA,Rochefort - Belle Ile
LFEB,Dinan
LFEC,Ushant - Ouessant
LFED,Pontivy
LFEF,Pontivy - Amboise Dierre
LFEG,Pontivy - Argenton Sur Creuse
LFEH,Aubigny-Sur-Nere
LFEI,Pontivy - Briare Chatillon
LFEJ,Pontivy - Chateauroux Villers
LFEK,Pontivy - Issoudun Le Fay
LFEL,Pontivy - Le Blanc
LFEM,Pontivy - Montargis Vimory
LFEN,Pontivy - Tours Sorigny
LFEO,Lfeo
LFEP,Pontivy - Pouilly Maconge
LFEQ,Pontivy - Quiberon
LFER,Redon
LFES,Guiscriff
LFET,Guiscriff - Til Chatel
LFEU,Guiscriff - Bar Le Duc
LFEV,Guiscriff - Gray St Adrien
LFEW,Guiscriff - Saulieu Liernais
LFEX,Guiscriff - Nancy Azelot
LFEY,Ile D'Yeu
LFEZ,Guiscriff - Nancy Malzeville
LFFB,Guiscriff - Buno Bonnevaux
LFFC,Guiscriff - Mantes Cherence
LFFD,Guiscriff - St Andre De
LFFE,Guiscriff - Enghien Moisselles
LFFG,Guiscriff - La Ferte Gaucher
LFFH,Guiscriff - Chateau-Thierry Belleau
LFFI,Ancenis
LFFJ,Guiscriff - Joinville Mussey
LFFK,Guiscriff - Fontenay Le
LFFL,Guiscriff - Bailleau Armenonville
LFFM,Guiscriff - Lamotte Beuvron
LFFN,Brienne-Le-Chateau
LFFP,Guiscriff - Pithiviers
LFFQ,Guiscriff - La Ferte Alais
LFFR,Guiscriff - Bar Sur Seine
LFFT,Guiscriff - Neufchateau
LFFU,Guiscriff - Chateauneuf Sur Cher
LFFV,Guiscriff - Vierzon Mereau
LFFW,Guiscriff - Montaigu St Georges
LFFX,Guiscriff - Tournus Cuisery
LFFY,Guiscriff - Etrepagny
LFFZ,Guiscriff - Sezanne St Remy
LFGA,Colmar/Houssen
LFGB,Mulhouse/Habsheim
LFGC,Colmar - Strasbourg
LFGD,Colmar - Arbois
LFGE,Colmar - Avallon
LFGF,Beaune/Challanges
LFGG,Colmar - Belfort Chaux
LFGH,Colmar - Cosne Sur Loire
LFGI,Colmar - Dijon Darois
LFGJ,Dole/Tavaux
LFGK,Joigny
LFGL,Dole - Lons Le Saulnier
LFGM,Dole - Montceau Les Mines
LFGN,Dole - Paray Le Monial
LFGO,Dole - Pont Sur Yonne
LFGP,Dole - St Florentin Cheu
LFGQ,Dole - Semur En Auxois
LFGR,Dole - Doncourt Les
LFGS,Dole - Longuyon Villette
LFGT,Dole - Sarrebourg Buhl
LFGU,Dole - Sarreguemines Neunkirch
LFGV,Dole - Thionville Yutz
LFGW,Verdun/Le Rozelier
LFGX,Verdun - Champagnole Crotenay
LFGY,Verdun - St Die Remomeix
LFGZ,Verdun - St Georges
LFHA,Verdun - Issoire Le Broc
LFHC,Verdun - Perouges Meximieux
LFHD,Verdun - Pierrelatte
LFHE,Verdun - Romans Saint-Paul
LFHF,Verdun - Ruoms
LFHG,Verdun - St Chamond
LFHH,Verdun - Vienne Reventin
LFHI,Verdun - Morestel
LFHJ,Verdun - Lyon Corbas
LFHL,Verdun - Langogne Lesperon
LFHM,Verdun - Megeve
LFHN,Verdun - Bellegarde Vouvray
LFHO,Aubenas/Ardeche Meridional
LFHP,Le Puy/Loudes
LFHQ,Saint-Flour/Coltines
LFHR,St Flour - Brioude
LFHS,Bourg/Ceyzeriat
LFHT,Bourg - Ambert Le Poyet
LFHU,Bourg - L'Alpe D'Huez
LFHV,Villefranche/Tarare
LFHW,Villefranche - Belleville
LFHX,Villefranche - Lapalisse Perigny
LFHY,Moulins/Montbeugny
LFHZ,Moulins - Sallanches
LFIB,Moulins - Belves St Pardoux
LFID,Moulins - Baise
LFIF,Saint-Affrique/Belmont
LFIG,Cassagnes-Begonhes
LFIH,Moulins - Chalais
LFIK,Moulins - Riberac St Aulaye
LFIL,Moulins - Rion Des Landes
LFIM,Moulins - St Gaudens Montrejeau
LFIP,Moulins - Peyresourde Balestas
LFIR,Moulins - Revel Montgey
LFIT,Moulins - Bernard
LFIV,Moulins - Montalivet
LFIX,Moulins - Itxassou
LFIY,Moulins - St Jean D'Angely
LFJA,Chaumont/Semoutiers
LFJB,Mauleon
LFJC,Moulins - Clamecy
LFJD,Moulins - Corlier
LFJE,Moulins - La Motte Chalancon
LFJF,Moulins - Aubenasson
LFJH,Moulins - Cazeres Palaminy
LFJI,Moulins - Marennes Le Bournet
LFJL,Metz / Nancy
LFJM,Metz-Nancy/Lorraine - Chailley
LFJR,Angers/Marce
LFJS,Angers - Soissons Courmelles
LFJT,Angers - Tours Le Louroux
LFJU,Lurcy-Levis
LFKA,Angers - Albertville
LFKB,Bastia/Poretta
LFKC,Calvi/Sainte-Catherine
LFKD,Calvi - Sollieres Sardieres
LFKE,Calvi - Saint-Jean-En-Royans
LFKF,Figari Sud-Corse
LFKG,Figari/Sud Corse - Ghisonaccia Alzitone
LFKH,Figari/Sud Corse - St Jean D'Avelanne
LFKJ,Ajaccio/Napoleon Bonaparte
LFKL,Ajaccio - Lyon Brindas
LFKM,Ajaccio - St Galmier
LFKO,Propriano
LFKP,Ajaccio - Pin
LFKS,Solenzara
LFKT,Corte
LFKX,Ajaccio - Meribel
LFKY,Ajaccio - Belley Peyrieu
LFKZ,Ajaccio - St Claude Pratz
LFLA,Auxerre/Branches
LFLB,Chambery/Aix-Les-Bains
LFLC,Clermont-Ferrand/Auvergne
LFLD,Bourges
LFLE,Chambery/Challes-Les-Eaux
LFLG,Bourges - Grenoble Le Versoud
LFLH,Chalon/Champforgueil
LFLI,Annemasse
LFLJ,Courcheval - Courchevel
LFLK,Chalon - Oyonnax-Arbent
LFLL,Lyon
LFLM,Macon/Charnay
LFLN,Saint-Yan
LFLO,Roanne/Renaison
LFLP,Annecy/Meythet
LFLQ,Annecy - Montelimar Ancone
LFLR,Annecy - Saint Rambert D'Albon
LFLS,Grenoble/Saint-Geoirs
LFLT,Montlucon/Domerat
LFLU,Valence/Chabeuil
LFLV,Vichy/Charmeil
LFLW,Aurillac
LFLX,Chateauroux/Deols
LFLY,Lyon/Bron
LFLZ,Lyon - Feurs Chambeon
LFMA,Lyon - Aix-En-Provence Ba 114
LFMC,Le Luc/Le Cannet
LFMD,Cannes/Mandelieu
LFME,Cannes - Nimes Courbessac
LFMF,Cannes - Fayence
LFMG,Cannes - Montagne Noire
LFMH,Saint-Etienne/Boutheon
LFMI,Istres/Le Tube
LFMK,Carcassonne/Salvaza
LFML,Marseille
LFMN,Nice
LFMO,Orange/Caritat
LFMP,Perpignan/Rivesaltes
LFMQ,Le Castellet
LFMR,Le Castellet - Barcelonnette Saint-Pons
LFMS,Ales/Deaux
LFMT,Montpellier/Mediterranee
LFMU,Beziers/Vias
LFMV,Avignon/Caumont
LFMW,Avignon - Castelnaudary Villeneuve
LFMX,Avignon - Chateau-Arnoux-Saint-Auban
LFMY,Salon
LFMZ,Lezignan-Corbieres
LFNA,Avignon - Gap Tallard
LFNB,Mende/Brenoux
LFNC,Mende - Mont-Dauphin St-Crepin
LFND,Mende - Pont St Esprit
LFNE,Mende - Salon Eyguieres
LFNF,Mende - Vinon
LFNG,Mende - Montpellier Candillargues
LFNH,Carpentras
LFNJ,Mende - Aspres-Sur-Buech
LFNL,Mende - St Martin De
LFNO,Mende - Florac Ste Enimie
LFNP,Mende - Pezenas Nizas
LFNQ,Mende - Louis La Quillane
LFNR,Mende - Berre La
LFNS,Mende - Sisteron Theze
LFNT,Mende - Avignon Pujaut
LFNU,Mende - Uzes
LFNV,Mende - Visan
LFNW,Mende - Puivert
LFNX,Mende - Bedarieux La Tour
LFNY,Mende - Devoluy
LFNZ,Mende - Romanin
LFOA,Avord
LFOB,Beauvais/Tille
LFOC,Chateaudun
LFOD,Saumur/Saint-Florent
LFOE,Evreux/Fauville
LFOF,Evreux - Alencon Valframbert
LFOG,Evreux - Saint Paul
LFOH,Le Havre/Octeville
LFOI,Abbeville (Buigny/Saint-Maclou)
LFOJ,Orleans/Bricy
LFOK,Chalons/Vatry
LFOL,Chalons - L'Aigle St Michel
LFOM,Chalons - Lessay
LFON,Chalons - Dreux Vernouillet
LFOO,Les Sables-D'Olonne
LFOP,Rouen/Vallee De Seine
LFOQ,Blois/Le Breuil
LFOR,Blois - Chartres Champhol
LFOS,Blois - St Valery Vittefleur
LFOT,Tours/Val De Loire (Loire Valley)
LFOU,Cholet/Le Pontreau
LFOV,Laval/Entrammes
LFOW,Laval - Saint-Quentin Roupy
LFOX,Laval - Etampes Mondesir
LFOY,Laval - Le Havre St
LFOZ,Orleans/Saint-Denis-De-L'Hotel
LFPA,Orleans - Persan
LFPB,Paris Le
LFPC,Creil
LFPD,Creil - Bernay St Martin
LFPE,Creil - Meaux Esbly
LFPF,Creil - Beynes Thiverval
LFPG,Paris - Charles De Gaulle
LFPH,Paris - Chelles Le Pin
LFPK,Coulommiers/Voisins
LFPL,Paris - Lognes Emerainville
LFPM,Melun/Villaroche
LFPN,Toussus-Le-Noble
LFPO,Paris Orly
LFPP,Paris - Le Plessis Belleville
LFPQ,Paris - Fontenay Tresigny
LFPT,Pontoise
LFPU,Pontoise - Moret Episy
LFPV,Villacoublay/Velizy
LFPX,Villacoublay - Chavenay Villepreux
LFPY,Villacoublay - Air
LFPZ,Villacoublay - Saint Cyr L'Ecole
LFQA,Reims/Prunay
LFQB,Troyes/Barberey
LFQC,Luneville/Croismare
LFQD,Troyes - Arras Roclincourt
LFQE,Etain/Rouvres
LFQF,Autun/Bellevue
LFQG,Nevers/Fourchambault
LFQH,Nevers - Chatillon Sur Seine
LFQI,Cambrai/Epinoy
LFQJ,Maubeuge/Elesmes
LFQK,Cambrai - Coole
LFQL,Cambrai - Lens Benifontaine
LFQM,Besancon/La Veze
LFQN,Besancon - Saint Omer Wizernes
LFQO,Besancon - Lille/Marcq/En/Baroeul
LFQP,Phalsbourg/Bourscheid
LFQQ,Lille/Lesquin
LFQR,Lille - Romilly Sur Seine
LFQS,Lille - Artois
LFQT,Merville/Calonne
LFQU,Merville - Sarre Union
LFQV,Charleville-Mezieres
LFQW,Vesoul/Frotey
LFQX,Charleville-Mezieres - Juvancourt
LFQY,Charleville-Mezieres - Saverne Steinbourg
LFQZ,Charleville-Mezieres - Dieuze Gueblange
LFRA,Charleville-Mezieres - Angers Avrille
LFRB,Brest/Guipavas
LFRC,Cherbourg/Maupertus
LFRD,Dinard/Pleurtuit/Saint-Malo
LFRE,La Baule-Escoublac
LFRF,Granville
LFRG,Deauville
LFRH,Lorient/Lann/Bihoue
LFRI,La Roche-Sur-Yon/Les Ajoncs
LFRJ,Landivisiau
LFRK,Caen/Carpiquet
LFRL,Lanveoc/Poulmic
LFRM,Le Mans/Arnage
LFRN,Rennes/Saint-Jacques
LFRO,Lannion
LFRP,Rennes - Ploermel Loyat
LFRQ,Quimper/Pluguffan
LFRS,Nantes
LFRT,Saint-Brieuc/Armor
LFRU,Morlaix/Ploujean
LFRV,Vannes/Meucon
LFRW,Vannes - Avranches Le Val
LFRZ,Saint-Nazaire/Montoir
LFSA,St Nazaire - Besancon Thise
LFSB,Bale/Mulhouse Apt
LFSC,Colmar/Meyenheim
LFSD,Dijon/Longvic
LFSE,Dijon - Epinal Dogneville
LFSF,Metz/Frescaty
LFSG,Epinal/Mirecourt
LFSH,Haguenau
LFSI,Saint-Dizier/Robinson
LFSJ,St Dizier - Sedan Douzy
LFSK,St Dizier - Vauclerc
LFSL,St Dizier - Toul Rosieres Air
LFSM,Montbeliard/Courcelles
LFSN,Nancy/Essey
LFSO,Nancy/Ochey
LFSP,Pontarlier
LFSQ,Belfort - Fontaine
LFSR,Reims/Champagne
LFST,Strasbourg
LFSU,Strasbourg - Langres Rolampont
LFSV,Strasbourg - Pont St Vincent
LFSW,Strasbourg - Epernay Plivot
LFSX,Luxeuil/Saint-Sauveur
LFSY,Lfsy
LFSZ,Luxeuil - Course
LFTF,Cuers/Pierrefeu
LFTH,Toulon/Hyeres/Le Palyvestre
LFTM,Hyeres - Serres La Batie-Montsaleon
LFTN,Hyeres - La Grand'Combe
LFTP,Hyeres - Puimoisson
LFTQ,Hyeres - Chateaubriant Pouance
LFTR,Hyeres - Toulo(St Mandrier
LFTU,Hyeres - Frejus
LFTW,Nimes/Garons
LFTZ,La Mole
LFVM,Miquelon
LFVP,Saint-Pierre
LFXA,Amberieu
LFXB,St Pierre I - Saintes Thenac
LFXC,St Pierre I - Vittel Auzainvilliers
LFXG,St Pierre I - Bitche
LFXH,St Pierre I - Le Valdahon Air
LFXI,St Pierre I Apt
LFXM,St Pierre I - Mourmelon
LFXQ,Guer - Coetquidan Air Base
LFXR,St Pierre I - Rochefort Soubise
LFXU,St Pierre I - Les Mureaux
LFYD,Damblain
LFYG,St Pierre I - Cambrai Niergnies
LFYH,St Pierre I - Broye Les Pesmes
LFYK,St Pierre I - Marville Montmedy
LFYL,St Pierre I - Lure Malbouhans
LFYM,St Pierre I - Marigny Le Grand
LFYR,St Pierre I - Romorantin Pruniers
LFYS,St Pierre I - Ste Leocadie
LFYT,St Pierre I - Saint Simon Clastres
LG53,Lamia
LG54,Crete Island - Tympaki
LG55,Triodhon
LG56,Chios Island - Olimboi
LGAD,Andravida
LGAG,Agrinion
LGAL,Alexandroupolis - Dimokritos
LGAT,Athens - Athen Helenikon
LGAV,Athens - Venizelos
LGAX,Alexandria Apt
LGBL,Nea Anchialos
LGEL,Elefsina - Elefsis
LGEP,Pyrgos - Epitalion
LGHI,Chios Island
LGHL,Porto Cheli
LGIK,Ikaria Island
LGIO,Ioannina
LGIR,Heraklion
LGKA,Kastoria
LGKC,Kithira Island
LGKF,Kefallinia Island
LGKJ,Kastelorizo Island
LGKL,Kalamata
LGKM,Filipos - Amigdhaleon
LGKN,Marathon Kotroni
LGKO,Kos Island
LGKP,Karpathos Island
LGKR,Kerkyra Island - Ioannis Kapodistrias
LGKS,Kasos Island
LGKV,Kavala - Alexander The Great
LGKY,Kalymnos Island
LGKZ,Kozani - Filippos
LGLE,Leros Island
LGLM,Limnos Island
LGLR,Larisa
LGMG,Megara
LGMK,Mykonos Island - Mikonos
LGML,Milos Island
LGMR,Marathon Wasser
LGMT,Mytilene
LGNX,Naxos Island
LGPA,Paros Island
LGPL,Astypalaia Island
LGPZ,Preveza/Lefkada - Aktion
LGRD,Rodes Island - Maritsa
LGRP,Rodes Island - Diagoras
LGRS,Lgrs
LGRX,Patras - Araxos
LGSA,Souda - Chania
LGSD,Sedes
LGSK,Skiathos
LGSM,Samos Island
LGSO,Syros Island
LGSP,Sparti
LGSR,Santorini Island
LGST,Crete Island - Sitia
LGSV,Stefanovilion - Stefanovikion
LGSY,Skiros Island
LGTG,Tanagra
LGTL,Crete Island - Kasteli
LGTP,Tripoli Tripolis
LGTS,Thessaloniki
LGTT,Tatoi
LGZA,Zakynthos Island - Solomos
LHBA,Balassagyarmat
LHBC,Bekes
LHBP,Budapest
LHBS,Budaors
LHDC,Debrecen
LHDK,Dunakeszi
LHDV,Dunaujvaros
LHEC,Ersekcsanad
LHEM,Esztergom
LHFH,Farkashegy
LHFM,Fertoszentmiklos
LHGD,Godollo
LHGM,Gyomai
LHGY,Gyongyos Pipishegy
LHHH,Budapest - Harmashatarhegy
LHHO,Hajduszoboszlo
LHJK,Jakabszallas
LHKD,Kecsked
LHKE,Kecskemet
LHKH,Kiskunfelegyhaza
LHKK,Budapest - Kiskunlachaza Airport
LHKV,Kaposujlak
LHMC,Miskolc
LHMR,Eger
LHNK,Nagykanizsa
LHNY,Nyiregyhaza
LHOY,Ocseny
LHPA,Papa
LHPP,Pecs-Pogany
LHPR,Gyor
LHSA,Szentkiralyszabadja
LHSK,Siofok-Kiliti
LHSM,Sarmellek
LHSN,Szolnok
LHSS,Szolnok-Szandaszolos
LHSY,Szombathely
LHSZ,Szentes
LHTA,Taszar
LHTL,Tokol
LHUD,Szeged
LHZA,Zala
LIAF,Foligno
LIAP,L'Aquila
LIAQ,Aquino
LIAU,Capua
LIBA,Foggia - Amendola
LIBC,Crotone
LIBD,Bari
LIBF,Foggia
LIBG,Grottaglie
LIBN,Libn
LIBP,Pescara
LIBR,Brindisi
LIBV,Gioia Del Colle
LIBX,Martina Franca Afb
LICA,Lamezia Terme
LICB,Comiso
LICC,Catania
LICD,Lampedusa
LICG,Pantelleria
LICJ,Palermo Punta
LICP,Palermo Bocca
LICR,Reggio Calabria
LICT,Trapani
LICZ,Licz
LIDA,Vicenza - Asiago
LIDB,Belluno
LIDC,Ca Negra
LIDE,Reggio Emilia
LIDF,Fano
LIDG,Lugo
LIDH,Vicenza - Thiene
LIDI,Cortina D'Ampezzo
LIDL,Legnago
LIDM,Mantova
LIDP,Pavullo
LIDR,Ravenna
LIDT,Trento
LIDU,Modena - Carpi Budrione
LIDV,Ferrara - Prati Vecchi D'Aguscello
LIDW,Salgareda
LIEA,Alghero
LIED,Decimomannu
LIEE,Cagliari
LIEO,Olbia
LIER,Oristano
LIET,Arbatax
LILA,Alessandria
LILB,Como - Alzate Brianza
LILC,Varese - Calcinate Del Pesce
LILE,Biella
LILG,Milano - Vergiate
LILH,Voghera
LILI,Vercelli
LILM,Casale Monferrato
LILN,Varese
LILO,Caiolo
LILQ,Marina Di Massa
LILR,Cremona
LILV,Bergamo - Valbrembo
LIMA,Torino Aeritalia
LIMB,Milano
LIMC,Milan - Malpensa
LIME,Bergamo
LIMF,Torino Caselle
LIMG,Albenga - Villanova D'Albenga
LIMJ,Genova
LIML,Milan - Linate
LIMN,Cameri
LIMP,Parma Apt
LIMR,Novi Ligure
LIMS,Piacenza
LIMW,Aosta
LIMZ,Cuneo
LINL,Lecce
LIPA,Aviano
LIPB,Bolzano
LIPC,Cervia Afb
LIPD,Udine
LIPE,Bologna
LIPF,Ferrara
LIPG,Gorizia
LIPH,Treviso
LIPI,Codroipo - Rivolto Air Base
LIPK,Forli
LIPL,Ghedi
LIPM,Modena
LIPN,Verona Boscomantico
LIPO,Brescia
LIPQ,Trieste
LIPR,Rimini
LIPS,Istrana
LIPT,Vicenza
LIPU,Padova
LIPV,Venezia Lido
LIPX,Verona Villafranca
LIPY,Ancona
LIPZ,Venezia Tessera
LIQB,Arezzo
LIQL,Lucca
LIQN,Rieti
LIQS,Siena
LIQW,Sarzana
LIRA,Roma - Ciampino
LIRE,Pomezia - Pratica Di Mare
LIRF,Rome - Leonardo Da Vinci
LIRG,Guidonia
LIRH,Frosinone
LIRI,Salerno
LIRJ,Marina  Di Campo
LIRL,Latina
LIRM,Caserta - Grazzanise
LIRN,Napoli
LIRP,Pisa
LIRQ,Firenze
LIRS,Grosetto - Grosseto
LIRU,Roma - Urbe
LIRV,Viterbo
LIRZ,Perugia
LJAJ,Ajdovscina
LJBL,Bled
LJBO,Bovec
LJCE,Ljce
LJCL,Celje
LJDI,Divaca
LJLJ,Ljubljana
LJMB,Ljmb
LJMS,Murska Sobota
LJNM,Novo Mesto
LJPO,Postojna
LJPT,Ljpt
LJPZ,Portoroz
LJSG,Slovenc Gradec
LJVE,Velenje
LKBA,Breclav
LKBE,Benesov
LKBO,Bohunovice
LKBR,Broumov
LKBU,Bubovice
LKCB,Cheb
LKCE,Ceska Lipa
LKCH,Chotumov - Chomutov
LKCL,Cernovice
LKCM,Medlanky
LKCO,Chocen
LKCR,Chrudim
LKCS,Ceske Budejovice
LKCT,Chotebor
LKCV,Caslav
LKDK,Dvur Kralove Nad Labem
LKER,Erpuzice
LKFR,Frydlant
LKHB,Havlickuv Brod
LKHC,Horice
LKHD,Hodkovice Nad Mohelkou
LKHK,Hradec Kralove
LKHN,Hranice
LKHO,Holesov
LKHR,Ralsko - Hradcany
LKHS,Hosin
LKHV,Horovice
LKJA,Jaromer
LKJC,Jicin
LKJH,Jindrichuv Hradec
LKJI,Jihlava
LKKA,Krizanov
LKKB,Prague - Kbely Air
LKKC,Plana
LKKL,Kladno
LKKM,Kromeriz
LKKO,Kolin
LKKR,Krnov
LKKT,Klatovy
LKKU,Uherske Hradiste - Kunovice
LKKV,Karlovy Vary
LKKY,Kyjov
LKLB,Liberec
LKLN,Plzen
LKLT,Letnany
LKMB,Mlada Boleslav
LKMH,Mnichovo Hradiste
LKMI,Mikulovice
LKMK,Moravska Trebova
LKMO,Most
LKMR,Marianske Lazne
LKMT,Ostrava
LKNA,Namest
LKNM,Nove Mesto Nad Metuji Morave
LKNY,Nymburk
LKOL,Olomouc
LKOT,Otrokovice
LKPA,Policka
LKPC,Panensky Tynec
LKPD,Pardubice
LKPI,Pribyslav
LKPJ,Prostejov
LKPL,Letkov
LKPM,Pribram
LKPN,Podhoramy - Podhorany Glider
LKPO,Prerov
LKPR,Prague - Vaclav Havel
LKPS,Rybnice
LKRA,Rana
LKRK,Rakovnik
LKRO,Roudnice Nad Labem
LKSA,Stankov
LKSB,Mostkovice - Stichovice Pluml
LKSK,Skutec
LKSN,Slany
LKSO,Sobeslav
LKSR,Strunkovice
LKST,Strakonice
LKSU,Sumperk
LKSZ,Sazena
LKTA,Tabor Apt
LKTB,Brno
LKTC,Tocna
LKTD,Tachov
LKTO,Touzim
LKTV,Tabor Vsechov
LKUL,Usti Nad Labem
LKUO,Usti Mad Orlici
LKVL,Vlasin
LKVM,Vysoke Myto
LKVO,Vodochoky - Vodochody
LKVP,Velke Porici
LKVR,Vrchlabi
LKVY,Vyskov
LKZA,Zabreh
LKZB,Zbraslavice
LKZD,Zatek - Zatec Macerka Ar
LKZM,Zamberk
LKZN,Znojmo
LL01,Monmouth - Center
LL04,Morris Hospital
LL07,Mount Carroll - Herb Tautz
LL09,Mundelein - Air Estates Inc
LL10,Naperville - Naper Aero Club
LL11,Naperville - Edward Hospital
LL13,Enfield - Walter Storey
LL14,Grayslake - Hospital
LL18,North Henderson - Ernest E Orwig
LL1B,Arad Apt
LL20,Greenfield - Area
LL22,Downers Grove - Brookeridge Air Park
LL23,Oquawka - Meyer
LL24,Manteno - Sunset Acres
LL25,Ottawa - Center
LL26,New Athens - Schaller
LL27,Macomb - Smith
LL28,Capron - Sd Aero
LL29,Pana
LL32,Paxton - C D Maulding
LL33,Good Hope - Rdh Farms
LL34,Wapella - Thorp
LL35,Chicago Fire
LL37,Peoria - Center
LL38,Sterling - Stutzke
LL39,Morris - Curanda
LL40,Frankfort Apt
LL42,Pontiac - St
LL43,Peru - Gerald H Hamer
LL44,Peru - Trovero
LL45,Gillespie - Lindell Loveless
LL46,Piper City - Read
LL48,Athens - Wilcoxon
LL49,Jerseyville - Raymond
LL51,Plainfield - Ruffatto
LL52,Streator - Wilts
LL53,Plato Center - Olson
LL54,Paw Paw - Dunn
LL55,Polo - Gentry
LL56,Pontiac - Schott
LL59,Centreville - Touchette
LL61,Prophetstown - Port
LL64,Putnam - Ralph E. Daniels
LL65,Putnam - Edgar Read
LL66,Ransom - Egland
LL69,Ramsey - Brewer
LL74,Rochelle - Maple Hurst Farms
LL75,Rock City - Chester Wyss
LL77,Kampsville - Herrens Bess Hollow
LL78,Rockford - Lz Fairwinds
LL79,Rockford - Severson
LL80,Rockford - Darrington
LL81,Rockford - Estates
LL83,Rockford - Javon Bea Hospital-Rockton
LL84,Rockford - Center
LL87,Rockton - Compass Rose
LL88,Rockton - Harry D Fenton
LL89,Rockton - Llc
LL90,Rockton/Belvidere - Mc Curdy Strip
LL91,Rock City - Hillman
LL94,Roscoe - Mc Curdy
LL95,Roselle - Clarke
LL97,Round Lake - Rockenbach
LL98,Rutland - John W Meils
LLBG,Tel Aviv - Ben Gurion
LLBS,Beersheva - Be'Er Sheva
LLEK,Rehovot - Tel Nov Air
LLER,Eilat - Ramon
LLES,Ein Shemer
LLET,Eilat
LLEY,Sapir - Ein Yahav
LLFK,Katzrin - Fiq
LLHA,Haifa
LLHB,Beersheba - Hatzerim Air
LLHS,Hatzor
LLHZ,Herzliya
LLIB,Rosh Pina - Ben Ya'Akov
LLKS,Kiryat Shmona
LLMG,Afula - Megiddo
LLMR,Mitzpe Ramon
LLMZ,Masada - Bar Yehuda
LLNV,Beersheba - Nevatim Air
LLOV,Eilat - Ovda
LLRD,Haifa - David Air Base
LLRM,Beersheba - Ramon Air Base
LLSD,Tel Aviv - Sde Dov
LLYT,Yotvata
LMML,Luqa
LOAA,Ottenschlag
LOAB,Dobersberg
LOAD,Voeltendorf
LOAG,Krems
LOAL,Leopoldsdorf
LOAN,Wiener Neustadt East
LOAR,Altlichtenwarth
LOAS,Spitzerberg
LOAT,Eisenstadt - Trausdorf
LOAU,Stockerau
LOAV,Bad Voslau
LOGF,Fuerstenfeld
LOGG,Punitz
LOGI,Trieben
LOGK,Kapfenberg
LOGL,Lanzen - Turnau
LOGM,Mariazell
LOGO,Niederoeblarn
LOGP,Pinkafeld
LOGT,Timmersdorf
LOGW,Weiz - Unterfladnitz
LOIH,Hohenems / Dornbirn
LOIJ,St. Johann In Tirol
LOIK,Kufstein - Langkampfen
LOIR,Reutte - Hoefen
LOKF,Feldkirchen - Ossiacher See
LOKG,Ferlach - Glainach
LOKH,Friesach - Hirt
LOKL,Lienz - Nikolsdorf
LOKM,Mayerhofen
LOKN,Notsch Im Gailtal
LOKW,Wolfsberg
LOLC,Scharnstein
LOLE,Eferding
LOLF,Freistadt
LOLG,St. Georgen Am Ybbsfelde
LOLH,Hofkirchen
LOLK,Ried - Kirchheim
LOLM,Micheldorf
LOLO,Linz Ost
LOLS,Schaerding / Suben
LOLT,Seitenstetten
LOLU,Gmunden
LOLW,Wels
LOSM,Mauterndorf
LOWG,Graz
LOWI,Innsbruck
LOWK,Klagenfurt Am Worthersee
LOWL,Linz Apt
LOWS,Salzburg
LOWW,Vienna
LOWZ,Zell Am See
LOXN,Wiener Neustadt West
LOXT,Langenlebarn - Brumowski Air
LOXZ,Zeltweg - Hinterstoisser Air Base
LP77,Lp77
LPAR,Lpar
LPAV,Aveiro
LPAZ,Vila Do Porto - Santa Maria
LPBG,Braganca
LPBJ,Beja
LPBR,Braga
LPCB,Castelo Branco
LPCH,Chaves Apt
LPCO,Coimbra
LPCR,Corvo
LPCS,Cascais
LPCV,Lpcv
LPEV,Evora
LPFL,Santa Cruz Das Flores
LPFR,Faro Apt
LPGR,Santa Cruz Da Graciosa
LPHR,Horta
LPIN,Lpin
LPJF,Leiria
LPJO,Alijo
LPLA,Lajes
LPLZ,Lousa
LPMA,Madeira
LPMF,Monfortinho
LPMI,Mirandela
LPMO,Montargil
LPMR,Lpmr
LPMT,Montijo
LPMU,Mogadouro
LPOT,Ota
LPOV,Lpov
LPPD,Ponta Delgada - Joao Paulo Ii
LPPI,Pico Island
LPPM,Lppm
LPPR,Porto - Francisco De Sa
LPPS,Vila Baleira - Porto Santo
LPPT,Lisbon Portela
LPPV,Lppv
LPSC,Lpsc
LPSI,Lpsi
LPSJ,Velas - Sao
LPSO,Ponte De Sor
LPSR,Santarem
LPST,Lpst
LPTN,Lptn
LPVL,Maia - Vilar Da Luz
LPVR,Lpvr
LPVZ,Viseu
LQBI,Bihac
LQBK,Banja Luka
LQBZ,Banja Luka - Zaluzani
LQJL,Tuzla Jegin
LQLV,Livno
LQMO,Mostar
LQPD,Prijedor
LQSA,Sarajevo
LQTZ,Tuzla Intl
LQVI,Visoko
LR79,Ianca
LR80,Fetesti
LR82,Boboc
LRAR,Arad Intl
LRBC,Bacau
LRBM,Baia Mare - Tautii Magheraus
LRBS,Bucharest - Baneasa
LRBV,Brasov
LRCK,Constanta - Mihail Kogalniceanu
LRCL,Cluj
LRCS,Caransebes
LRCT,Campia Turzii
LRCV,Craiova
LRIA,Iasi
LROD,Oradea
LROP,Bucharest - Henri Coanda
LRSB,Sibiu
LRSM,Satu Mare
LRSV,Suceava
LRTC,Tulcea
LRTM,Targu Mures
LRTR,Timisoara
LRTZ,Tuzla Romania
LS00,Zachary - Whitehead
LS02,Hammond - North
LS03,Opelousas - Oghs Main
LS04,Mangham - Bobby Jones Flying
LS06,New Roads - Hospital
LS07,Shreveport - Center
LS08,Theriot - Marmande
LS09,Crowley - A J Patrol
LS10,Westlake - Reynolds
LS11,Lake Providence - East
LS12,Buras - Bastian Bay
LS13,Carencro - Omni
LS14,Thornwell - Lyon
LS15,Monroe - Bailey Air
LS16,Jigger - Circle G
LS18,Welsh - Ag Aviation
LS20,Monroe - Oliair
LS21,Duson - Sievers
LS22,Greensburg - Hospital
LS23,Lafayette - Hospital
LS24,New Orleans - Touro Infirmary
LS25,Slaughter - Annison Private
LS26,Loranger - Goose Landing
LS27,Alexandria - Rapides Rmc Hospital
LS28,Ecaille - Barataria Bay
LS29,Bossier City - Horseshoe
LS30,Monroe - Hospital
LS31,Intercoastal City - Fresh Water Bayou
LS32,Baton Rouge - Andre Smith Aviation
LS34,Breaux Bridge - Bordelon
LS35,St Francisville - Nauga
LS36,Iowa - Light Plane Flyers
LS37,Sulphur - West
LS38,New Iberia - Richard'S
LS39,Watson - Country Bend
LS40,Ama - St Charles
LS41,Blanchard - Tater Patch
LS42,Crowley - Acadia General Hospital
LS43,Gray - Ultralightport
LS44,Kaplan - Ken Guidry
LS45,Killona - Waterford 3
LS46,Elizabeth - Wc
LS48,Napoleonville - Assumption Comunity Hospital
LS49,Plaquemine - Simpson
LS50,Ferriday - 1
LS51,Slidell - Northshore
LS52,Venice Base
LS53,Ville Platte - Mercy
LS54,Zachary - Brian
LS56,Grand Isle - Medicant Island
LS57,La Place - River Parish Hospital
LS58,Lake Charles Christus
LS59,Houma - Daneco Landing Strip
LS63,Opelousas - Oghs
LS64,Gibson - Dist 8 Emerg
LS67,Marksville - Avoyelles Hospital
LS68,Abbeville - Ken Guidry Nr
LS69,Benton - L J Earnest
LS70,Jennings - Lake Air Service
LS71,Raceland
LS72,Welsh - Aerolite Aero Park
LS74,Lake Charles - Utec
LS75,Cameron Shore
LS76,Covington - Hickham
LS77,Slaughter - Magnolia
LS78,Shreveport - Groundlevel
LS79,Urania - Hardtner Medical Center
LS82,Killona - Entergy Waterford 3
LS83,"Newellton - Delta Dusters, Llc"
LS84,Buras - Matidora
LS85,Metairie - East
LS86,Hammond - Le Blanc
LS87,Buras - Triumph Air Strip
LS88,Eunice - Kreswell
LS89,St Francisville - Sara
LS90,Monroe - Center
LS91,Arnaudville - Tim Bullard
LS92,Robert - Koenig
LS93,Gibson - Greenwood Plantation
LS94,Krotz Springs
LS95,Glenmora - Mackie Meml
LS96,Jefferson - Ochsner Medical Institutions
LS97,Luling - Myu
LS98,Many - Sabine Medical Center
LSGB,Bex
LSGC,La Chaux-De-Fonds - Les Eplatures
LSGE,Lsge
LSGG,Geneva Cointrin
LSGK,Saanen
LSGL,Lausanne
LSGN,Neuchatel
LSGP,La Cote
LSGR,Lsgr
LSGS,Sion
LSGT,Lsgt
LSGY,Yverdon-Les-Bains
LSMA,Alpnach
LSMD,Zurich - Dubendorf
LSME,Lsme
LSMF,Lsmf
LSMI,Lsmi
LSMJ,Turtman
LSML,Lodrino
LSMM,Lsmm
LSMP,Payerne
LSPA,Lspa
LSPD,Lspd
LSPF,Schaffhausen
LSPG,Lspg
LSPH,Winterthur
LSPK,Lspk
LSPL,Lspl
LSPM,Quinto - Ambri
LSPN,Lspn
LSPO,Lspo
LSPU,Lspu
LSPV,Lspv
LSTA,Raron
LSTB,Lstb
LSTO,Lsto
LSTR,Lstr
LSTS,Lsts
LSTZ,Lstz
LSXV,Lsxv
LSZA,Lugano
LSZB,Bern
LSZC,Buochs
LSZE,Lsze
LSZF,Lszf
LSZG,Lszg
LSZH,Zurich
LSZI,Lszi
LSZJ,Lszj
LSZK,Lszk
LSZL,Lszl
LSZM,Bale/Mulhouse Apt
LSZN,Lszn
LSZO,Lucerne - Luzern-Beromunster
LSZP,Lszp
LSZQ,Bressaucourt
LSZR,Altenrhein
LSZS,Lszs
LSZT,Lommis
LSZU,Lszu
LSZV,Lszv
LSZW,Thun
LSZX,Lszx
LTAB,Ankara - Guvercinlik
LTAC,Ankara - Esenboga
LTAD,Ankara - Etimesgut Air
LTAE,Ankara - Air Base
LTAF,Adana
LTAG,Adana - Incirlik Air Base
LTAH,Afyonkarahisar - Afyon
LTAI,Antalya
LTAJ,Gaziantep
LTAK,Iskenderun
LTAL,Kastamonu
LTAN,Konya
LTAO,Malatya Tulga
LTAP,Amasya
LTAQ,Samsun Samair
LTAR,Sivas
LTAS,Zonguldak
LTAT,Malatya Erhac
LTAU,Kayseri
LTAV,Sivrihisar
LTAW,Tokat
LTAY,Denizli - Cardak
LTAZ,Nevsehir
LTBA,Istanbul - Ataturk
LTBC,Alasehir
LTBD,Aydin - Cildir
LTBE,Bursa Apt
LTBF,Balikesir Merkez
LTBG,Bandirma
LTBH,Canakkale
LTBI,Eskisehir
LTBJ,Izmir - Adnan Menderes
LTBK,Ltbk
LTBL,Izmir - Cigli
LTBM,Isparta
LTBN,Kutahya
LTBO,Usak
LTBP,Yalova
LTBQ,Ltbq
LTBR,Bursa Yenisehir
LTBS,Dalaman
LTBT,Ltbt
LTBU,Tekirdag
LTBV,Bodrum - Imsik
LTBW,Istanbul Hezarfen
LTBX,Umraniye - Samandira Air Base
LTBY,Eskisehir - Anadolu University
LTBZ,Altintas - Zafer
LTCA,Elazig
LTCB,Ordu - Ordu–Giresun
LTCC,Diyarbakir
LTCD,Erzincan
LTCE,Erzurum
LTCF,Kars Apt
LTCG,Trabzon
LTCH,Sanliurfa Apt
LTCI,Van
LTCJ,Batman
LTCK,Mus
LTCL,Siirt
LTCM,Sinop
LTCN,Kahramanmaras
LTCO,Agri
LTCP,Adiyaman
LTCR,Mardin
LTCS,Sanliurfa Gap
LTCT,Igdir
LTCU,Ltcu
LTCV,Ltcv
LTCW,Hakkari
LTDA,Hatay
LTFA,Izmir - Kaklic
LTFB,Selcuk
LTFC,Isparta - Suleyman Demirel
LTFD,Balikesir Korfez
LTFE,Bodrum Intl
LTFG,Gazipasa
LTFH,Samsun Carsamba
LTFJ,Istanbul - Sabiha Gokcen
LTFK,Gokceada - Imroz
LTFM,Istanbul Apt
LTFO,Rize - Rize–Artvin
LTXE,Antalya - Karain
LUBL,Strymba - Balti
LUBM,Marculesti
LUCH,Cahul
LUCL,Lucl
LUKK,Chisinau
LUTR,Tiraspol
LVGZ,Lvgz
LW75,Brazda
LWOH,Ohrid
LWSK,Skopje
LXGB,Gibraltar
LY87,Ly87
LYBE,Belgrad - Belgrade
LYBJ,Belgrade - Lisicji Jarak
LYBO,Bor Apt
LYBR,Berane
LYBT,Batajnica
LYKI,Kikinda
LYKV,Kraljevo - Ladevci
LYNI,Nis
LYNK,Niksic
LYNS,Novi Sad - Cenej
LYPG,Podgorica
LYPO,Podgorica - Cemovsko Polje
LYPT,Batlava
LYSM,Sremska Mitrovica - Veliki Radinci
LYSP,Smederevska Palanka - Rudine
LYSU,Subotica
LYTR,Lytr
LYTV,Tivat
LYUZ,Uzice - Ponikve
LYVA,Valjevo - Divci
LYVR,Lyvr
LYZR,Zrenjanin
LZDB,Dubnica Nad Vahom
LZHL,Holic
LZIB,Bratislava - M. R. Stefanik
LZKC,Kamenica Nad Cirochou
LZKS,Senec - Kralova
LZKZ,Kosice
LZLU,Lucenec
LZMA,Martin Glider
LZMC,Malacky
LZNI,Nitra
LZPE,Prievidza
LZPP,Piestany
LZPT,Partizanske - Male Bielice Glider
LZPW,Presov
LZSE,Senica
LZSK,Svidnik
LZSL,Sliac
LZSV,Spisska Nova Ves
LZTN,Trencin
LZTR,Boleraz - Letisko
LZTT,Poprad
LZZI,Zilina
M00,Augusta
M01,Memphis - Spain
M02,Dickson
M04,Covington Muni
M05,Caruthersville
M06,Havre De Grace
M08,Bolivar - William L Whitehurst
M10,Mountainair
M11,Crystal Springs - Copiah County
M12,Steele
M13,Poplarville
M15,Linden - James Tucker
M16,East Gull Lake - Steam Boat Bay
M17,Bolivar
M18,Hope Muni
M19,Newport Rgnl
M20,Leitchfield
M21,Greenville - Muhlenberg County
M22,Russellville - Bill Pugh Fld
M23,Newton - James H Easom
M24,Wiggins - Dean Griffin Meml
M25,Mayfield
M26,Drummond
M27,Waldron
M28,Hayti - Mid Continent
M29,Clifton - Hassell
M30,Metropolis
M32,Lake Village Muni
M34,Kentucky Dam
M35,Seeley Lake - Lindey'S Landing
M36,Brinkley - Frank Federer Meml
M37,Drew - Ruleville
M38,Hazel Green
M40,Aberdeen/Amory - Monroe County
M41,Holly Springs
M42,Russian Flat
M43,Prentiss
M44,Houston Muni
M45,Markleeville - Alpine County
M46,Colstrip
M47,Hale - Sage Lake
M48,Houston Meml
M49,Waubun - Jolly Fisherman
M50,Boardman
M51,Starkville - Oktibbeha
M53,Humboldt Muni
M54,Lebanon Muni
M55,Vernon - Lamar County
M56,Grand Marais - Gunflint Lodge
M57,Rangeley
M59,Richton
M60,Augusta - Woodruff County
M61,Ishpeming - Edward F Johnson
M62,Hamilton - Rotorcraft
M64,Meade - Jenkinson
M66,Hillsboro - Alfred Schroeder
M69,Deerwood - Birch Lake
M70,Pocahontas Muni
M71,Moscow Mills - Greensfield
M72,New Albany
M73,Almyra
M74,Bald Knob
M75,Malta
M77,Nashville - Howard County
M78,Malvern
M79,Rayville - John H Hooks
M80,Tallulah - Scott
M83,West Point - Mccharen
M85,Gideon
M86,Pullman - Walle
M90,Mendota - William Robert Johnston
M91,Springfield Robertson
M93,Mc Kinnon - Houston
M94,Mattawa - Desert Aire
M95,Fayette - Richard Arthur
M99,St Johns - Shady Lane
MA01,Foxborough - Gillette Stadium
MA02,Framingham - Msp Ghq
MA03,Attleboro - Sturdy Meml Hospital
MA07,Westport - Friends Ultralightport
MA09,Dudley - Mojarr
MA10,Somerville - Chambers
MA11,Aquinnah - Dog Fish Bar
MA12,Marstons Mills
MA13,Gloucester - Nugent
MA15,Gloucester - Pond Road
MA16,Holden - Marshall
MA17,Boston Tailwind
MA18,Sheffield - Cmelak
MA19,Berlin Lndg
MA20,Beverly Hospital
MA22,Boston - The Beat
MA23,Osterville - North Bay
MA25,Brewster - Long Pond
MA26,Brimfield - Dell
MA29,Bourne - Camp Edwards
MA30,Charlton - Dresser Hill
MA31,Fall River - Charlton Meml Hospital
MA32,Worcester - Atlantic Trade
MA33,Ipswich - Sagamore Hill
MA35,Amesbury - Hat Factory
MA36,Ipswich - Snow
MA37,Falmouth Hospital
MA39,Boston - Hospital
MA40,Gardner - Diesel Dogs
MA41,Hopkinton - Princess Lane
MA42,Gloucester - G
MA43,Granville - Morehaven
MA44,Oak Bluffs - Trade Wind
MA45,Hanover - Simmons
MA46,Ntl Guard Army
MA47,Chicopee
MA48,Lexington - Raytheon
MA49,Peabody - Metro-Swift
MA50,Marlboro Compaq
MA51,North Dartmouth - Richie'S
MA52,Maynard - Sids
MA53,Ware
MA55,Muskeget Island
MA57,Natick - Office
MA6,Halifax - Monponsett Pond
MA62,Oak Bluffs - Marthas Vineyard Hospital
MA63,Pembroke - Sherman-Pvt
MA64,Pembroke - Pheasant
MA65,Rochester - Island Air Service
MA66,Boston - Tufts Medical Center
MA67,Agawam - Tgp
MA68,Massachusetts Mutual
MA70,Sudbury Apt
MA72,Tuckernuck Island
MA74,Tyngsboro - Larson'S
MA75,Uxbridge - Sky Glen
MA77,Washington - Blueberry Hill
MA78,Plymouth - Russell Mill
MA79,Westfield - Digital
MA80,Westfield - Mundale
MA81,Westminster - Digital
MA83,Webster - Hubbard
MA86,Windsor - Kendalls Lndg Area
MA87,Boston Cape
MA88,Worthington - Albert Farms
MA89,New Braintree - B&B Farm
MA93,Burlington - Bay Bank Ii
MA94,Worcester - Parker
MA95,West Springfield - Bear Hole
MA97,Sutton - Waters
MA98,Newburyport - Anna Jaques Hospital
MA99,Taunton - Princess House
MBAC,Big Ambergris Cay
MBGT,Cockburn Town - Jags Mccartney
MBMC,Middle Caicos
MBNC,Bottle Creek And Whitby - North
MBPI,Pine Cay
MBPV,Providenciales
MBSC,Cockburn Harbour - South
MBSY,Salt Cay
MD00,Pocomoke City - Fair'S
MD01,Dameron - Wingfield
MD02,Leonardtown - St
MD03,Chesapeake City - Woodstock
MD04,Cambridge - Rossneck
MD05,Welcome - Finagin
MD06,Tompkinsville - Pilots Cove
MD07,Kitzmiller
MD08,Havre De Grace - Gregory May
MD09,Queen Anne - Meadow Brook
MD1,Massey
MD10,Baltimore Police
MD11,Chestertown - Wright
MD12,Emmitsburg - Bell
MD13,Towson - 2
MD14,Benedict - Robinson
MD17,Butler - Tinsley Airstrip
MD18,Cambridge - Horn Point
MD19,Chestertown - Hybarc Farm
MD20,Taneytown - Makoutz
MD21,Centreville - Ashland Landing Farm
MD22,Deale
MD23,Church Hill - Kennersley
MD24,Clarksville - Haysfield
MD25,Columbia - Hospital
MD26,Westminster - Alyssa Taylor
MD27,Eagle Harbor - Chalk Point Generating
MD28,Easton - Ewing
MD29,Easton - Meml Hospital
MD31,Forest Hill
MD32,Fort Detrick (Frederick)
MD33,Cambridge - Dorchester General Hospital
MD35,Hebron - Spring Hill
MD37,Laurel - Citizens Bank Headquarters
MD39,Indian Head - Buds Ferry
MD41,Denton - Gary
MD42,Keymar
MD43,Lakeshore - Mountain Road
MD45,Leonardtown - Hampton
MD46,Dayton - Glenair
MD47,Lisbon - Barnes
MD48,Long Green
MD49,Salisbury - Peninsula
MD50,Lusby - Chesapeake Ranch
MD51,Chestertown - Chester River Hospital
MD52,Crisfield - Mccready Meml Hospital
MD53,Salisbury - Mac Kinnis
MD55,Nanjemoy - Holly Springs Farm
MD56,New Windsor - Three J
MD57,Pocomoke City - Beverly
MD58,Olney - Norwood
MD59,Chestertown - Silver Hill
MD61,Rising Sun - Lynch'S Landing
MD62,Church Hill
MD63,Chestertown - Cromwell Farm
MD64,St Michaels - Asplundh
MD65,Cumberland Western
MD66,Chestertown - Smith
MD68,Stevenson - Berg'S
MD69,Still Pond - Harris
MD70,Sudlersville - Flying Acres
MD71,Baltimore University
MD72,Fort Washington
MD73,Unionville - Happy Landings Farm
MD74,Unionville - Good Neighbor Farm
MD75,Urbana - Stolcrest
MD76,Westminster - Carroll Hospital Center
MD77,Comus - Flying M Farms
MD78,Woodbine
MD79,Worton - Nuodex Inc
MD80,Mardela Springs - Barren Creek
MD81,Edgewater - South River
MD82,Cambridge - Ragged Island
MD83,La Plata - Ty-Ti-To
MD84,Newburg - Nyce
MD85,Ridgely - Carmean
MD88,Pylesville - Links
MD91,Church Hill - Saxon Farms
MD93,Cecilton - Hexton Farms
MD94,Farmington
MD95,Finksburg - Reservoir
MD96,Easton - Shore
MD97,La Plata - Lanseair Farms
MD99,Westernport - Moran
MDAB,Arroyo Barril
MDAD,Azua
MDAN,Cotui Angelina
MDBA,Consuelo
MDBC,La Romana Cacata
MDBE,La Romana Lechuga
MDBG,Higuey
MDBH,Barahona - Maria Montez
MDBL,Boca Chica
MDBM,San Pedro De Macoris
MDCR,Cabo Rojo
MDCY,Samana Catey
MDCZ,Costanza - Constanza Dom Re
MDDJ,Dajabon
MDER,La Vega - El Ranchito
MDES,Valverde - Penuela Esperanza
MDHN,Barahona - Juancho Enriquillo
MDJB,La Isabela
MDJI,Mdji
MDLL,Mdll
MDLM,San Cristobal - Los Montones
MDLR,La Romana - Casa De Campo
MDMA,La Romana - Magdalena Cuya
MDMC,Monte Cristi
MDPC,Punta Cana
MDPM,Monte Cristi - Piloto
MDPO,Samana Portillo
MDPP,Puerto Plata - Gregorio Luperon
MDSA,San Juan De La Maguana
MDSB,Sabana De Mar
MDSD,Santo Domingo - Las Americas
MDSI,San Isidro
MDST,Santiago - Cibao
MDWO,Monte Cristi - Walterio
ME00,Fort Fairfield
ME01,East Raymond - Crescent Lake
ME02,Bangor Eastern
ME03,Brownville - Webber Jones
ME04,Clayton Lake - Ilco Landing Area
ME05,Portage - Allen St Peter
ME06,Charlotte - Flying Ed
ME07,Bar Harbor - Acadian
ME08,Bingham - Gadabout Gaddis
ME09,Raymond - Panther Pond
ME11,Hartford - Cooper
ME12,Livermore - Brettuns Pond
ME14,Camden - Bald Mountain
ME15,Blue Hill
ME16,Limestone - Loring
ME17,Roxbury - Thomas
ME18,Chesuncook Forestry
ME19,Clayton Lake
ME2,Cutler
ME20,Fairfield - Bob-Mar
ME21,Chebeague Island
ME22,Rockwood - Avery
ME23,Farmington - Franklin Meml Hospital
ME24,Appleton - Ben
ME25,Fort Kent - Sunrise Farms
ME26,Greenville - Ragmuff
ME27,Glenburn - Double A
ME28,Cumberland - Forest Lake
ME29,Skowhegan - Redington-Fairview General Hospital
ME3,Ashland - Bradford Camps
ME30,Greenville Forestry
ME32,Sangerville - Tailwind Farm
ME33,Harpswell - Farr
ME34,Jefferson - Robinson Ridge
ME35,Levant - B
ME36,Mount Vernon Apt
ME37,Bridgton
ME38,Mars Hill
ME39,Greene - Rocky Ridge
ME40,Mars Hill
ME41,North Haven - Witherspoons Landing Strip
ME42,Brunswick - Mid Coast Hospital
ME43,Dover-Foxcroft - Hospital
ME44,Boothbay - Rigby
ME45,Kennebunkport - Goosefair
ME46,Kennebunkport - Back Acres
ME47,Hartland - Payne
ME48,Fort Kent Northern
ME49,Greenville - Hospital
ME5,Swans Island - Banks
ME50,Millinocket Rgnl
ME51,Standish - Douglass
ME52,Machias - Down
ME55,Vinalhaven
ME56,Waldoboro - Kimberly
ME57,North Berwick - Bauneg Beg
ME59,Maine Helicopters
ME6,Wales
ME60,Belgrade - Sunny Hill
ME61,Berwick - Salmon Falls
ME62,Pittsfield - Thompson Meml
ME63,Rumford
ME64,West Lebanon - Skydive New England
ME65,West Bath - Miara
ME66,Scarborough - Scottow Bog Flightpark
ME67,Van Buren - Morrill
ME68,Newport Sky
ME69,Sabattus - Cliffords
ME70,Cambridge - Greenfield Hill
ME71,Weld - Webb Lake
ME72,Pittston Farm - Headquarters
ME74,Newburgh - Miller'S
ME75,Durham - Margerison-Kincer
ME76,Rockport - Center
ME77,Cranberry Isles
ME78,Monhegan Island
ME79,Willimantic - Two Falls
ME80,Gray - Dry Pond
ME81,Monhegan - 4 Winds
ME83,Limerick - Pickerel Pond
ME84,Andover - Perrys Landing
ME85,Dover Foxcroft - Riverside
ME86,Ashland - Libby Camps
ME87,Sanford Southern
ME88,Perry - Morrison'S
ME89,Acton - Buzzy'S
ME90,Waterboro Center - Little Ossipee Lake
ME91,Gorham - Webster
ME92,Jay - Hilltop
ME93,Old Orchard Beach - Beaulieu
ME94,York Hospital
ME95,Lewiston - Site
ME96,Gorham - Clark
ME98,Long Island
MECT,Liberia - Catsa
MFN,Willow - Minuteman Lake
MG13,El Achiotal - Inta Northeast
MGBN,Morales - Bananera
MGCB,Coban
MGCQ,Chiquimula
MGCR,Carmelita
MGCT,Coatepeque
MGDL,Dos Lagunas
MGES,Esquipulas
MGGT,Guatemala City - La Aurora
MGHT,Huehuetenango
MGLL,La Libertad
MGML,San Marcos - Malacatan
MGMM,Melchor De Mencos
MGPB,Puerto Barrios
MGPC,Paso Caballos
MGPG,Playa Grande
MGPP,Poptun
MGQC,Santa Cruz Del Quiche
MGQZ,Quezaltenango
MGRA,Rabinal
MGRB,Rubelsanto
MGRD,Rio Dulce - Las Vegas
MGRT,Retalhuleu
MGSJ,Puerto San Jose
MGSM,San Marcos Apt
MGTK,San Benito - Mundo Maya
MGUX,Uaxactun
MGZA,Zacapa
MHAC,Acensa
MHAG,Buena Vista - Sur Agropecuaria
MHAH,Ahuas
MHAL,Mhal
MHAM,Amapala Island
MHAN,San Luis
MHAP,Apala
MHAR,Archaga
MHAS,Siguatepeque - Alas Del Socorro
MHAU,Tasajeras - Hacienda Ulua
MHAY,Araslaya
MHAZ,Cacao - Aserradero Azacualpa
MHBA,Barbareta Island
MHBE,San Bernardo
MHBL,Brus Laguna
MHCA,Catacamas
MHCB,Cocobila
MHCC,Concepcion Apt
MHCG,Comayagua - Shaoguan
MHCI,Chiquerito
MHCL,Marcala - Colon
MHCM,Choloma
MHCO,Mhco
MHCP,Cochino Pequeno Island
MHCR,La Union - Carta
MHCS,Coyoles
MHCU,Cauquira
MHDU,Mocoron - Durzona
MHEA,Olanchito - El Arrayan
MHEC,Mhec
MHEI,El Guanacaste - La America
MHEL,El Paraiso Apt
MHEN,La Canoa - Aserradero El Encino
MHEZ,Lerida - La Esperanza
MHFA,La Lima - Finca San Antonio
MHFC,Fort Cay
MHFD,Agua Blanca - Finca 12
MHFN,San Fernando Apt
MHGA,Chumbagua
MHGB,Esquias - Guayabillas
MHGC,Catacamas - Grupo Carnol
MHGE,El Aguacate
MHGG,Santiago De Puringla
MHGR,Donel - Sangrelaya
MHGS,El Molino - Gracias
MHGY,El Zapato - Guayape
MHHE,Punuare - La Herradura
MHHG,La Lima - Hacienda Galeras
MHHO,Horcones - Agua Caliente
MHIC,Del Cisne Island
MHIN,Minas De Oro
MHIR,Iriona
MHIZ,La Puerta - Izapan
MHJC,Jocon
MHJE,Rio Platano - Nueva Jerusalen
MHJI,Jicalapa
MHJO,Mhjo
MHJQ,Caleras/El Triunfo - Joya Del Quebracho
MHJU,Jutigalpa
MHLA,Candelaria - La Alondra
MHLC,La Ceiba - Goloson
MHLE,La Esperanza Apt
MHLF,Mhlf
MHLG,Monjaras - La Grecia
MHLI,Mhli
MHLJ,Coyoles - Las Lajas
MHLM,La Mesa - Ramon Villeda Morales
MHLN,Limon Apt
MHLP,Mapulaca
MHLS,Laguna Seca
MHLT,Moroceli - Llanos Del Tigre
MHLU,San Luis Pajon - Luz Y Vida
MHLV,Las Vegas
MHLZ,El Agua - La Estanzuela
MHMA,Mhma
MHMI,Vallecillo - Las Minitas
MHML,Monte Libano
MHMM,Malera
MHMN,Monica
MHMO,San Marcos De
MHMP,Agua Blanca - Marcos Perez
MHMS,Siksatara - Las Marias
MHMT,Manto
MHNA,Nacaome
MHNB,Apala - Noveno Batallon
MHNC,Choluteca Apt
MHNJ,Guanaja - La Laguna
MHNS,Mhns
MHNV,Nueva Ocotepeque
MHOT,Copon - Ocotales
MHPA,Barra Del Patuca
MHPC,Palacios
MHPI,Buena Vista - Agropecuaria Piedra De
MHPL,Puerto Lempira
MHPR,Comayagua - Tegucigalpa Palmerola
MHPS,El Encinal - Desvio Potrerillos
MHPV,Manga - El Porvenir
MHPY,Farallones - Payasito
MHRA,Mhra
MHRD,Rus Rus Ii
MHRH,Mhrh
MHRJ,Apala - Rancho Jamastran
MHRO,Roatan Island - Juan Manuel Galvez
MHRR,Rus Rus I
MHRS,Santa Rosa De Copan
MHRU,Copan
MHRY,Raya
MHSC,Comayagua - Air
MHSI,Sico
MHSJ,Oropoli - San Jose
MHSL,El Hato - San Lorenzo
MHSN,Sinaloa
MHSR,Mhsr
MHSX,Mhsx
MHSZ,Choluteca - Santa Barbara
MHTA,Tamara
MHTB,Tuntuntara - La Katabila
MHTE,Tela
MHTG,Tegucigalpa - Toncontin
MHTI,Tipimunatara - Tipimuratara
MHTJ,Trujillo
MHTM,Santa Maria Apt
MHTO,Tocoa
MHUC,Auca
MHUG,Canchias - Guanacastal
MHUH,Uhi
MHUL,Sulaco
MHUO,La Union
MHUT,Utila Island
MHUY,Cucuyagua
MHVE,Coyolillo - Villa Hermosa
MHVG,Villa Guadalupe
MHWA,Wampusirpi I
MHWD,Wampusirpi Ii
MHWP,Waplaya
MHWR,Warunta
MHWS,Wasma
MHWW,Wawina
MHYR,Mhyr
MHYX,Puerto Lempira - Yaxu
MHZA,Azacualpa
MI00,Mount Clemens - Mclaren Macomb Hospital
MI01,Avoca - Fasel
MI02,Britton - Brablec Farms
MI04,Flint Mclaren
MI05,Clio - Cromptons Strip
MI06,Port Huron Lake
MI07,Dearborn
MI09,Schoolcraft - Prairie Ronde
MI1,Clare - Farms
MI10,Dewitt - Hoerners Corners
MI11,Charlotte - Crippen
MI12,Ida - Rado'S Crossing
MI13,Sheridan - Minikey
MI14,Ann Arbor - Pad
MI15,Fair Haven - Wards Long Acres
MI16,Ironwood Aspirus
MI17,Blissfield - Joyce Binns
MI18,Flushing - Cedarville
MI19,Custer - Thorn
MI20,Chelsea - White O'Morn
MI21,Frontier - A.C. Miller
MI22,Niles - Crump
MI23,Bridgeport - Scott/Saginaw Valley
MI24,East Jordan - Wilson Township
MI25,Bridgman - Myers
MI26,Parkers Corners - Cloud 9
MI27,Howell - Haigh
MI28,St Johns - Archer Meml Fld
MI29,Whitmore Lake - Gooding
MI30,Alba - Air Park North
MI31,Reed City - Nartron
MI32,Ann Arbor - Ummc
MI33,Wayne Beaumont
MI35,Litchfield - Claucherty
MI36,Maple City - Ricks Helipad
MI37,Watersmeet - Mcguffins Landing
MI38,Laurium - Aspirus Keweenaw
MI39,Hudsonville - Mitch Veenstra
MI4,Drummond Island - Lapoint
MI40,Dearborn - Fairlane Plaza
MI41,St. Clair - Crystal
MI43,L'Anse - Hospital
MI44,Mount Pleasant - D J
MI45,Luzerne - Lost Creek
MI46,South Lyon - Heliflite
MI47,Climax - Coldbrook
MI48,Petersburg - Ham-A-Lot
MI49,Hillsdale Hospital
MI50,Ann Arbor - Cs Mott
MI51,Zeeland Corewell
MI52,Clinton - Markham
MI53,Newport - Mills
MI54,Monroe - Helifarm
MI55,Lewiston - Twin Lakes
MI56,Leland - Dune Bird
MI57,Romeo - Eagle
MI58,Barton City - Raymond
MI60,Fife Lake - Tannehill
MI61,Wyandotte
MI62,Alpena - Mymichigan Medical Center
MI63,Grand Rapids Trinity
MI64,Richland Pad
MI65,Delton - Mc Helipad
MI66,Michigan Speedway
MI67,Bailey - Tyrone
MI68,Baroda
MI69,Naubinway - Hiawatha Sportsmans Club
MI70,Macon - Carl
MI71,Mears - Silver Lake
MI72,Buchanan - Nelson
MI73,Mason - Potato Pond
MI74,Detroit - Wdiv-Tv Channel 4
MI75,Kewadin - Torchlake
MI76,Fennville - Reading
MI77,Galien Township - Exclusive Landing Area
MI78,Grandville - Weller
MI79,Vanderbilt - Jcm
MI8,Sault Ste Marie Intl
MI80,Greenville - Wabasis Lake
MI81,Farmington Hills - Express
MI82,Hudsonville - Harry'S
MI83,Chesaning - Maple Grove
MI84,Mattawan - Kerby
MI85,Coldwater - Company
MI86,North Muskegon - Midget
MI87,Watervliet Corewell
MI88,Burnips - Bakers
MI89,Schoolcraft - Perry
MI90,Union - Baldwin Lake
MI91,Union City - Wsr
MI92,Mason - Toms Helipad
MI93,Caledonia - Galloway Landings
MI94,Traverse City - Tc Helicopter
MI95,Cassopolis - Taylors Flight Park
MI96,Detroit Border
MI97,Grand Rapids - Corewell Health Butterworth
MI98,Fibre - Dowd
MI99,Richmond - Robertson
MKBS,Ocho Rios - Boscobel Aerodrome
MKJP,Kingston - Norman Manley
MKJS,Montego Bay - Sangster
MKKJ,Ken Jones
MKNG,Negril
MKTP,Tinson Pen
MLIP,Mili Island
MLLJ,Guanacaste - La Javilla
MM10,Mm10
MM11,Mm11
MM12,Mm12
MM13,Mm13
MM14,Mm14
MM16,Mm16
MM17,Mm17
MM20,Mm20
MM21,Mm21
MM22,Mm22
MM23,Mm23
MM25,Mm25
MM27,Mm27
MM28,Mm28
MM29,Mm29
MM30,Mm30
MM31,Mm31
MM32,Mm32
MM36,Mm36
MM37,Mm37
MM38,Mm38
MM39,Mm39
MM41,Mm41
MM42,Mm42
MM44,Mm44
MM47,Mm47
MM48,Mm48
MM50,Mm50
MM51,Mm51
MM53,Mm53
MM54,Mm54
MM56,Mm56
MM61,Mm61
MM63,Mm63
MM64,Mm64
MM65,Mm65
MM66,Mm66
MM67,Mm67
MM68,Mm68
MM69,Mm69
MM72,Mm72
MM73,Mm73
MM75,Mm75
MM77,Mm77
MM79,Mm79
MM80,Mm80
MM81,Mm81
MM82,Mm82
MM84,Mm84
MMAA,Acapulco - Juan N Alvarez
MMAL,Mmal
MMAN,Mman
MMAS,Aguascalientes - Jesus Teran
MMBT,Huatulco
MMCA,Mmca
MMCB,Mmcb
MMCC,Ciudad Acuna
MMCE,Ciudad Del Carmen
MMCG,Mmcg
MMCH,Mmch
MMCL,Culiacan - Federal De Bachigualato
MMCM,Chetumal
MMCN,Ciudad Obregon
MMCO,Mmco
MMCP,Campeche - Alberto Acuna Ongay
MMCS,Ciudad Juarez - Abraham Gonzalez
MMCT,Mmct
MMCU,Chihuahua - Roberto Fierro
MMCV,Ciudad Victoria - Pedro Jose Mendez
MMCY,Celaya - Rogelio Castillo
MMCZ,Cozumel
MMDA,Ciudad Constitucion Apt
MMDM,Ciudad Mante
MMDO,Durango - Guadalupe Victoria
MMEP,Tepic - Amado Nervo
MMES,Mmes
MMGL,Guadalajara - Don Miguel Hidalgo
MMGM,Guaymas - Jose Maria Yanez
MMGR,Guerrero Negro
MMGT,Guanajuato
MMHC,Mmhc
MMHO,Hermosillo - Ignacio P. Garcia
MMIA,Colima - Lic
MMIM,Mmim
MMIO,Saltillo - Plan De Guadalupe
MMIT,Mmit
MMJA,Xalapa - El Lencero
MMJC,Mmjc
MMLC,Lazaro Cardenas
MMLM,Los Mochis - Valle Del Fuerte
MMLO,Silao - Del Bajio
MMLP,La Paz - Manuel Marquez De
MMLT,Loreto
MMMA,Matamoros - General Servando Canales
MMMD,Merida - Licenciado Manuel Crescencio
MMMG,Mulege
MMML,Mexicali - Rodolfo Sanchez
MMMM,Morelia - Francisco J. Mujica
MMMT,Minatitlan
MMMV,Mmmv
MMMX,Mexico City - Licenciado Benito Juarez
MMMY,Monterrey - Mariano Escobedo
MMMZ,Mazatlan - Rafael Buelna
MMNG,Mmng
MMNL,Nuevo Laredo - Quetzalcoatl
MMOX,Oaxaca - Xoxocotlan
MMPA,Poza Rica - El Tajin
MMPB,Puebla - Hermanos Serdan
MMPC,Mmpc
MMPE,Puerto Penasco
MMPG,Mmpg
MMPL,La Ribera - Punta Colorada
MMPN,Mmpn
MMPP,Mmpp
MMPQ,Mmpq
MMPR,Puerto Vallarta - Licenciado Gustavo Diaz
MMPS,Puerto Escondido
MMQT,Queretaro
MMRX,Reynosa - Lucio Blanco
MMSC,Mmsc
MMSD,San Jose Del Cabo - Los Cabos
MMSF,Mmsf
MMSL,Cabo San Lucas
MMSM,Santa Lucia - Felipe Angeles
MMSP,San Luis Potosi - Ponciano Arriaga
MMSZ,Mmsz
MMTA,Tlaxcala
MMTB,Tuxtla Gutierrez - Teran Air Base
MMTC,Torreon - Francisco Sarabia
MMTG,Tuxtla Gutierrez - Angel Albino Corzo
MMTJ,Tijuana - Abelardo L. Rodriguez
MMTL,Tulum - Felipe Carrillo Puerto
MMTM,Tampico - Francisco Javier Mina
MMTN,Mmtn
MMTO,Toluca - Mateos
MMTP,Tapachula
MMTU,Mmtu
MMTX,Mmtx
MMUN,Cancun
MMVA,Villahermosa - Carlos Rovirosa Perez
MMVR,Veracruz - Heriberto Jara
MMZC,Zacatecas - Leobardo C. Ruiz
MMZH,Ixtapa
MMZM,Mmzm
MMZO,Manzanillo - Playa De Oro
MMZP,Mmzp
MN00,Hackensack - Webb Lake
MN01,Ada - Hammars Farm
MN02,Excelsior - Lake Minnewashta
MN03,Buffalo Hospital
MN04,Chaska - Lake Pierson
MN05,Bemidji - Jordan
MN06,Angus - Pulkrabek Landing
MN07,Anoka - Allina-Mercy Hospital
MN08,Eagle Lake - Eagles Nest Aerodrome
MN09,Burnsville - Crystal Lake
MN10,Minneapolis - Abbott Northwestern Hospital
MN11,Benson - Lorenz
MN12,Laporte - Robco
MN13,Bemidji - Moberg Air
MN14,Blue Earth - United Hospital District
MN15,Elko - Smith
MN16,Virginia Essentia
MN17,Brainerd - Jackson
MN18,Brainerd - Barrett
MN19,Delano - Brandt
MN20,Grand Rapids Itasca
MN23,Littlefork - West
MN24,Lino Lakes - Surfside
MN25,Mahnomen Health
MN27,Edina - Fairview Southdale Hospital
MN28,Cosmos - Lux Strip
MN29,Eveleth - Mathieu Landing
MN31,Litchfield - Aerodrome
MN32,Oronoco - Nietz Airstrip
MN33,Duluth - St
MN34,Austin - System
MN35,Duluth - Wild Rice
MN37,Wayzata
MN38,Owatonna Allina
MN39,Winona Health
MN40,Elk River - Meadowvale
MN41,Silver Lake - Timmers Landing
MN42,Erskine - Lake Air Strip
MN43,Mora - Welia Health
MN44,Garfield - Angen
MN45,Farmington - Jennrich
MN46,North Mankato - Farms
MN47,Princeton - Cameron'S
MN48,Duluth - St
MN49,Montgomery - Tuma
MN50,Gatzke - Arthur
MN51,Stacy - Bowers
MN52,Hibbing - Gospel Ranch
MN53,Windom Area
MN54,Deer River Essentia
MN55,Hastings - Sandy Flats
MN56,Rochester - Methodist/Charlton Building
MN57,Hinckley - Bush
MN58,Hastings - Sky Meadow
MN59,Faribault - District One Hospital
MN60,Herman - Air Strip
MN61,Mcgregor - Jackson
MN62,Hutchinson - Quast
MN63,Jordan - Stocker
MN64,Olivia - Renville County
MN65,Litchfield - Meeker Meml Hospital
MN66,Loretto - Ingleside
MN67,Lydia - Sky Park
MN68,Princeton - Pfau Airstrip
MN69,Maple Plain
MN71,Glenwood - Bakko Aviation
MN72,Paynesville Centracare
MN73,Cohasset - Turtle Bay
MN74,Minnesota Lake - Flyers
MN75,Mcgregor - Krezowski
MN76,Prior Lake - Marty'S Tranquility
MN77,Moorhead - Jerger'S
MN78,Melrose Hospital
MN79,Kabetogama
MN80,Mound - The Pass
MN81,East Grand Forks - T
MN82,Glencoe Health
MN83,International Falls Intl
MN84,Benson
MN85,Onamia - Swiderski
MN86,Park Rapids - Estates
MN87,Ham Lake - Cooks Landing
MN88,Searles - Landeplatz
MN89,Perham - Aerovilla
MN90,Luverne Sanford
MN91,Princeton - Reynolds
MN92,Proctor - Lennartson
MN93,Monticello - Centracare Health
MN94,Onamia - Mille Lacs
MN95,Rothsay - Velo Airstrip
MN96,International Falls Intl
MN97,Fosston - Essentia Hospital
MN98,Belview - Donner
MN99,Two Harbors Harbor
MNAL,Alamicamba
MNAM,Altamira Apt
MNBC,Boaco
MNBL,Bluefileds - Bluefields
MNBR,Los Brasiles
MNBZ,Bonanza - San Pedro
MNCE,Mnce
MNCH,Chinandega
MNCI,Corn Island
MNCT,Chinandega - Corinto
MNDM,Dos Montes
MNEP,La Esperanza Apt
MNES,Esteli
MNFC,Punta Huete
MNFF,El Bluff
MNHG,Hato Grande
MNJG,Jinotega
MNJU,Juigalpa
MNKW,Karawala
MNLN,Leon Fanor
MNMA,Macantaca
MNMG,Managua - Augusto C. Sandino
MNMR,Montelimar
MNNG,Nueva Guinea
MNPC,Puerto Cabezas
MNPP,El Papalonal
MNRS,Rivas
MNRT,La Rosita
MNSC,San Carlos
MNSI,Siuna
MNWP,Waspam
MO00,Shell Knob - Turkey
MO01,Strafford - Cuinche
MO02,Lake Ozark
MO03,Lesterville - Ameren Taum Sauk
MO04,Golden - Bel-Voir Acres
MO05,Kansas City - Hsd
MO06,Shell Knob - Landing
MO07,Jonesburg - Adventures Aloft
MO08,Sedalia - Homan
MO09,Lewistown - Sharpe Farms
MO1,Richland Muni
MO10,West Plains - Airevac Elevated
MO11,Perry - Barron Aviation
MO12,Chesterfield - St Lukes Hospital
MO13,Anderson - Farms
MO14,Fair Grove - Marshall
MO15,Fair Grove - C2K
MO16,Avilla - Baugh Flight Park
MO17,Watson - Garst
MO18,Rogersville - Bill Lee Meml
MO19,Centertown
MO2,Springfield - Ranch
MO20,Nevada Medical
MO21,Kansas City - Center
MO22,Carl Junction - Asbell Fld
MO23,California - Phillips
MO24,Craig - Lonesome Sky
MO25,Barnard - Sky
MO26,Kearney - Peterson Farm
MO27,Cameron - Ccc
MO28,Blue Springs
MO29,Pleasant Hill - Inter-State
MO3,Stockton Lake
MO30,Gravois Mills - Harbour
MO31,Rogersville - Robert Jones
MO32,Golden - Table Rock
MO33,Carthage - Barlet
MO34,Everton - Ellingsen
MO35,Eolia - Harvey
MO36,Foristell - Riddle'S Roost
MO37,Harrisonville - Ridgeview Ranch
MO38,Branson Helicopters
MO39,Silex - Baldwin
MO40,Salem Meml Hospital
MO41,Troy - Landing Pad
MO42,Sunrise Beach - Lomo 4
MO43,Montgomery City - Wilkins
MO44,St Charles Ssm
MO45,Montgomery City - Sky-Vu
MO46,Louisana - Walker
MO47,Mexico - Air Ambulance
MO48,Owensville - Red Oak
MO49,Joplin - Five Mile
MO5,Van Buren - Bollinger-Crass Meml
MO50,Cape Girardeau - Center
MO51,Weston - Schaback Strip
MO52,Missouri Baptist Hospital
MO53,Bethany - Meadows
MO54,Dudley
MO55,St Louis Ssm
MO56,Theodosia - Lost Mine
MO57,East Prairie - Henderson
MO58,Fairdealing - Ranch
MO59,Lee'S Summit Medical
MO60,St. Louis
MO61,Prairie Hill - Bowen
MO62,Sheridan - Hibbs Farm
MO63,Kansas City - Luke'S
MO64,Kimberling City
MO65,Kirbyville - Misty Meadows
MO66,Ozark - Linden Air
MO67,Poplar Bluff - Hayes
MO68,Fair Grove - Eads Ridge
MO69,Kansas City - Baptist Medical Center
MO7,St Louis Downtown
MO70,Maryville - Mosaic Medical Center
MO71,Holt - Block Air Village
MO72,Van Buren - Flying 'J' Ranch
MO73,Williamsville - Rolling Shoals Farm
MO74,Columbia - Cedar Creek
MO75,Montrose - Brownsberger
MO76,Saint Robert - Life Line 2
MO77,Ava - Arnika Ranch
MO78,Belle - Stickle Cattle Farms
MO79,Belleview - Sky Ranch Ii
MO8,Brookfield North
MO80,Mountain Grove - Oak Ridge
MO81,Bismarck - Dove Airstrip
MO82,Gorin - Howard
MO83,Green City - Widmark
MO84,Viburnum
MO85,Marshfield - Wells
MO86,Bellflower - Sanctuary
MO87,Oak Grove - Powis
MO88,Hatton - Feutz
MO89,Hillsboro - Christian Outreach Airfield
MO9,Miller - Kingsley
MO91,St Louis - Barnes Jewish Hospital
MO92,Bridgeton - Louis
MO93,Hawk Point - Keeven Air Ranch
MO94,Trimble - Starr
MO95,Lockwood - Coose
MO96,Centerville - Ray Johnson Inc
MO97,Wentzville - St
MO98,Cleveland - Williams
MO99,Climax Springs - Miller
MOS,Elim - Moses Point
MP00,Pedasi - Cap Justiniano Montenegro
MP01,Finca Jagua
MP02,Dos Canos - Finca 45
MP03,Guarumal - La Cabezona
MP17,Changuinola - Finca 67
MP18,Penonome
MP21,Nueva California - Alvaro Berroa
MP22,Ingenio Santa Rosa
MP23,Calzada Larga
MP24,La Paz - Chame
MP26,Punta Cocos
MP27,Guabito - Deborah
MPBO,Isla Colon - Bocas Del Toro
MPCE,Chitre - Alonso Valderrama
MPCH,Changuinola - Cap Manuel
MPDA,David - Enrique Malek
MPEJ,Colon - Enrique Adolfo Jimenez
MPFS,Fort Sherman
MPHO,Panama City - Howard
MPJE,Jaque
MPLP,La Palma - Ramon Xatruch
MPMG,Albrook - Marcos A. Gelabert
MPNU,Los Santos - Augusto Vergara
MPOA,Puerto Obaldia
MPPA,Panama City - Howard Pacifico
MPSA,Santiago - Ruben Cantu
MPSM,Rio Hato - Scarlett Martinez
MPTO,Tocumen
MPVR,El Porvenir
MPWN,Wannukandi - San Blas
MPZL,La Dalia - Finca 32
MRAD,Quepos - Aerodamas
MRAJ,Miramar - Aranjuez
MRAM,Amubri
MRAN,La Fortuna/San Carlos - Arenal
MRAO,Roxana - Aerotortuguero
MRAR,Turrialba - Atirro
MRAT,San Carlos Apt
MRBA,Punta Arenas - Buenos Aires
MRBB,Siquirres - Babilonia
MRBC,Pococi - Barra
MRBM,Guacimo - Bremen
MRBN,Limon - Bataan
MRBO,Quepos - Boca Naranjo
MRBP,Pococi - Barra De Parismina
MRBT,Mrbt
MRCA,Guapiles - Codela
MRCC,Corredores - Coto 47
MRCE,Golfito - Carate
MRCH,Puntarenas - Chacarita
MRCI,Bagaces - Ciruelas
MRCL,Liberia - Coyolar
MRCO,Filadelfia - El Cerrito
MRCR,Nicoya - Carrillo
MRCV,Nicoya - Cabo Velas
MRCZ,Carrizal
MRDC,Guapiles - Duacari
MRDD,Limon - Don Diego
MRDK,Puntarenas - Drake Bay
MRDM,Chorotega - Dos Marias
MRDO,Puntarenas - Dieciocho
MREC,Siquirres Apt
MRED,San Carlos - Sol
MREO,Ticaban - El Ceibo
MRER,Ron Ron
MRET,Parrita - Esterillos Finca
MRFD,Puntarenas - Finca Delicias
MRFI,Puntarenas - Sur
MRFL,Brasilito - Flamingo
MRFP,San Carlos - Frutez Pital
MRFS,Puntarenas - 63
MRGA,Garza
MRGF,Golfito
MRGP,Pococi - Guapiles
MRGT,Alajuela - Guatuso
MRHG,Sarapiqui - Hacienda Rancho Grande
MRHH,San Carlos - Hacienda Homuha
MRHO,Sarapiqui - Hacienda Rio Cuarto
MRHP,Canas - Hacienda La Pacifica
MRHS,Pococi - Hacienda La Suerte
MRIA,Nandayure - Islita
MRIS,San Carlos - Las Islas
MRJO,Jaco
MRLA,Guanacaste - La Zampona
MRLB,Liberia - Daniel Oduber Quiros
MRLC,Los Chiles
MRLE,Puntarenas - Laurel
MRLF,Liberia - La Flor
MRLG,Upala - La Garroba
MRLI,Parrita - La Ligia
MRLL,Siquirres - Las Lomas
MRLM,Limon Intl
MRLN,Nicoya - La Guinea
MRLP,Canas - Las Piedras
MRLT,Las Trancas
MRLV,Liberia - La Cueva
MRLY,Parrita - La Yolanda
MRLZ,Guanacaste - La Zopilota
MRMA,Abangares - Monte Alto
MRMC,La Cruz - Murcielago
MRMJ,Canas - Mojica
MRNC,Guanacaste
MRNS,Nicoya - Nosara
MROC,San Jose - Juan Santamaria
MRPA,Nandayure - Palo Arco
MRPB,Puntarenas - J. W. Berteus
MRPC,Paso Canoas
MRPD,Limon - Pandora
MRPJ,Puerto Jimenez
MRPL,Portalon
MRPM,Palmar Sur
MRPN,Liberia - Pelon Nuevo
MRPO,Puntarenas - Punta Banco
MRPP,Paquera - Playa Pajaros
MRPS,Santa Cruz - Penas
MRPT,Nicoya/Guanacate - Agropecuaria Playa Caletas
MRPV,San Jose - Tobias Bolanos
MRPY,Puntarenas - Playa Ballena
MRQA,Florencia - Quebrada Azul
MRQP,Quepos
MRRF,Rio Frio / Progreso
MRRH,Santa Cruz - Rancho Humo
MRRN,Puntarenas - Rancho Nuevo
MRRX,Limon - Roxana Farms
MRSA,Limon - San Alberto
MRSB,San Carlos Apt
MRSC,Santa Cruz Apt
MRSF,Perez Zeledon - Santa Fe
MRSG,Limon - Santa Clara De
MRSH,Talamanca - Shiroles
MRSI,Perez Zeledon - General
MRSL,Salama
MRSM,Orotina - Santa Marta
MRSO,Guapiles - Guacimo
MRSP,San Pedro
MRSQ,San Carlos - Sarapigui
MRSR,Playa Samara
MRST,Puntarenas - San Agustin
MRSV,Coto Brus - San Vito De
MRSX,Sixaola
MRTB,Pococi - Ticaban
MRTG,Canas - Taboga
MRTL,Nicoya - Talolinga
MRTM,Santa Cruz Apt
MRTR,Nicoya - Tambor
MRUP,Upala
MRYT,Guacimo - Yucatica
MRZP,Zapotal
MS00,Olive Branch - Double O Ranch
MS01,Cleveland - Bolivar County Hospital
MS02,Pascagoula 3
MS03,Shelby - Christmas Flying Service
MS04,Steens - Hopper
MS05,Greenville - Delta
MS06,Linwood
MS07,Jackson - Echelon
MS08,Pisgah - Harrell
MS09,Alligator - Glidwell Flying Service
MS10,Belzoni - Turner
MS11,Brandon - Mohr Farm
MS13,Glen Allan - Eifling Farms
MS14,Ashland - John Farese Airpark
MS15,Greenville - Country Club
MS16,Greenwood Hospital
MS17,Gulfport - Meml Hospital
MS18,Corinth - Dilworth
MS20,Brandon - Port
MS21,Inverness - Lester
MS22,Itta Bena - Murphey Flying Service
MS23,Woodville - Forest Home
MS24,Edwards - Joe Sanford Fld
MS25,Leland - Huntley
MS26,Lucedale - Ranch
MS27,Hurley - Aerohead
MS28,Lorman - Alcorn State University
MS29,Canton - Pace Airstrip
MS30,Greenville - Abide
MS31,Batesville - Panola Medical Center
MS32,Meridian - Andersons Hospital
MS33,Charleston - Browns
MS34,Onward - Reality Plantation
MS35,Rolling Fork - Wade
MS36,Canton - Supplejack
MS37,Benoit - West
MS38,Swan Lake - Flautt
MS39,Taylorsville - Smith County
MS40,Tchula - Inc
MS41,Tutwiler - Flying Y Service
MS42,Mississippi
MS43,Vicksburg - Whitaker
MS44,Minter City - Fighting Bayou
MS45,Yokena - Bhllc
MS46,Jackson - Hospital
MS47,Mccomb - Southwest
MS48,Picayune - George Ford
MS49,Liberty - Park
MS50,Monticello - Clay
MS52,Okolona - Leuth Flying Service
MS53,Poplarville - Wolf River Ranch
MS54,Coffeeville - Burney Farms
MS55,Red Banks - Schloss Adlers
MS56,Amory - Gilmore Meml Hospital
MS57,Woodville - Commnty
MS58,Florence - Tullos
MS59,Hermanville - Moon
MS61,Picayune - Ellis
MS62,Valley Park - Frisbee Lndg
MS63,Smithville - Rye
MS64,Hernando - Vaiden Landing
MS65,Walls - Inc
MS66,Biloxi - Kennedy
MS68,Mantachie - Lamb'S
MS69,Star - Falcon
MS70,Philadelphia - Mc Lain Calico
MS71,Pocahontas - Slobovia Outernational
MS72,Pascagoula - Singing River Hospital
MS74,Picayune - Lee
MS75,Glen Allan - Lewis
MS76,Calhoun City - Wade
MS77,Inverness - Lang Flying Service
MS78,Pascagoula 1
MS80,Bruce - Hasting
MS81,Hattiesburg - Forrest General Hospital
MS82,Gulfport - Shade Tree
MS83,Harrisville - Alton
MS84,Petal - Beaman
MS85,Shaw - Skelton
MS86,Glen Allan - Oglesby Farms Inc.
MS87,Pascagoula - Ben L
MS88,Poplarville - Oreck
MS89,Gulfport Jail
MS9,Hernando - Eagles Ridge
MS90,Flowood
MS91,Jackson - Adjutant General Office
MS92,Dundee - Paul'S Flying Svc
MS93,Mc Neil - Hooper Skylark
MS94,Clarksdale - Nwmrmc
MS95,Merigold - Dorr
MS96,Philadelphia - Barrett
MS98,Lucedale - Farmco
MS99,Bay St. Louis - Rocking T Ranch
MSAC,San Miguel - La Aramuaca
MSBS,Barrillas - Barillas
MSCD,Ceiba Doblada
MSCH,La Chepona
MSCM,Corral De Mulas
MSCN,Jiquilisco - Casas Nuevas
MSCR,Jiquilisco - La Carrera
MSES,Espiritu Santo
MSET,Canoguero - El Tamarindo
MSJC,El Jocotillo
MSLC,La Cabana
MSLD,San Francisco Gotera - Los Comandos
MSLG,San Salvador - La Gloria
MSLM,Las Mesas
MSLP,Santa Clara - El Salvador
MSPT,Suchitoto - El Platanar
MSRC,Metapan - El Ronco
MSSA,Santa Ana - El Palmer
MSSJ,Corral De Mulas - San Juan
MSSM,San Miguel - El Papalon
MSSN,San Ramon
MSSS,San Salvador - Ilopango
MSZT,Barra De Santiago - El Zapote
MT01,Geraldine - Owen Bros
MT02,Devon - Hellinger
MT03,Lakeside
MT04,Lustre - Olfert
MT05,Ekalaka - Laird Ranch
MT06,Helena - Duncan
MT07,Rexford - Moose Country
MT08,Zortman
MT09,Opheim - Floyd Ranch
MT10,Kalispell - Riverside
MT11,Tampico - Etchart
MT12,Butte - Smith
MT13,Billings - Ostlunds
MT14,Somers - Marco Bay
MT15,Helena - Fort Harrison Aaf
MT16,Big Sky - High Alpine
MT17,Great Falls - Agfertilizers
MT18,Columbia Falls - Torres
MT19,Ronan - Hoversland
MT20,Wibaux - Hollstein Ranch
MT21,Lincoln - Lander'S
MT22,Philipsburg - Fjb Airstrip
MT23,Missoula - St Patrick Hospital
MT24,Townsend - Clover Crest
MT25,Billings - St
MT26,Kalispell - Danford
MT27,Great Falls - Columbus Hospital
MT28,Kalispell Hospital
MT29,Miles City - Sunday Creek
MT3,Winifred - Knox Ridge
MT30,Conner - Trapper Creek Strip
MT31,Lewistown Central
MT32,Stevensville - Ckye
MT33,Ulm - Bair
MT34,Clarkston - Ponderosa
MT35,Helena - St
MT36,Three Forks - Ottertail Lake
MT37,Kalispell - Sanders
MT38,Poplar - Swank
MT39,Seeley Lake - Black Canyon Ranch
MT40,Billings - Husky Ranch
MT41,Whitehall - Jefco Skypark
MT42,Three Forks - Hasskamp
MT43,Basin - Klies Air Strip
MT44,Missoula Unit
MT45,Ekalaka - Castleberry
MT46,East Helena - M4 Strip
MT47,Lakeview - Metzel Creek
MT48,Livingston - Flying Y Ranch
MT49,Great Falls - Horner
MT50,Alzada - Lanning Ranch
MT51,Frazer - Zerbe
MT52,Huson - Nine Mile
MT53,Kalispell - Carson
MT54,Kalispell - Weaver
MT55,Billings Clinic
MT56,Billings - Flying Dog
MT57,Billings - Landing Pointe
MT58,Haxby / Fort Peck - Nelson
MT59,Corvallis - King Copters
MT60,Polebridge - Langton Airstrip
MT61,Somers - Taylor Homestead
MT62,Twin Bridges - Jefferson River
MT63,East Helena - Dog Leg
MT64,Superior - Mineral County Hospital
MT65,Lewistown - Smithfield
MT66,Florence - Parcel Six Ranch
MT67,Philipsburg - Hospital
MT68,Cameron - Montfort Ranch
MT69,Thompson Falls - Littlebear
MT70,Great Falls - Benefis Healthcare
MT71,Bozeman - Edsall
MT72,Corvallis - Hedditch
MT73,Stanford - Wolf Creek
MT74,Ekalaka - Sikorski Ranch
MT75,Billings Limited
MT76,Great Falls - Smith Farms
MT77,Highwood - Peterson Ranch
MT78,Plains - Hospital
MT79,Roy - Sand Creek Wildlife
MT80,Wolf Point - Vine
MT81,Alberton - Ranch
MT82,Philipsburg - Wildcat
MT83,Helena - Ten Mile
MT84,Big Arm - Candylands
MT85,Opheim - Redfield Ag Strip
MT86,Helena - Bar E
MT87,Peerless - Oglesby Farms Inc
MT88,Marion - Campbell Ranch
MT89,Kalispell - Sands
MT90,Wolf Point - J B
MT92,Reed Point - Garoutte Ranch
MT93,Deer Lodge - Larner
MT94,Big Sky - Ousel Falls
MT95,Kalispell - Sky Ranch
MT96,Helena - Ram Ranch Runway
MT97,Noxon - Frampton
MT98,Trout Creek
MT99,Red Lodge - Ccmh
MTCA,Les Cayes
MTCH,Cap Haitien
MTF,Fairbanks - Metro
MTJA,Jacmel
MTJE,Jeremie
MTPP,Port-Au-Prince - Toussaint Louverture
MTPX,Port-De-Paix
MTRH,Trojes
MU00,Paris - Meml
MU01,Blue Eye - Dogwood Canyon
MU02,Warrenton - C E F
MU03,Dayton - Leo'S Angus Ranch
MU04,Malden - Broadwater
MU05,St Louis - Arch
MU06,Atlanta - Shorten
MU07,Adrian - Angle Bar M
MU08,Lee'S Summit
MU09,Burlington Junction - Hester
MU10,Cape Girardeau - Southeast Health
MU11,Climax Springs - Eagle'S Landing
MU12,Springfield - Childress Airstrip
MU13,Parnell - Wray
MU14,Belle - Pepper
MU15,Fredericktown - Madison Medical Center
MU16,Jamesport - Spillman
MU17,Richmond - Hospital
MU18,Warrenton - Stark
MU19,Bolivar - Cherokee
MU20,Odessa - Robbins
MU21,Bay - Miller Farm
MU22,Fredericktown - Joseph Scott
MU23,Columbia - White Cloud Flying
MU24,Cedarcreek - Lantern
MU25,Houston - Piney Bend
MU26,Belton - Robinson
MU27,Lockwood - Woodfield
MU28,Cassville Mercy
MU29,Poplar Bluff - Hospital
MU30,O'Fallon - Progress
MU31,Osborn - Saunders
MU32,Columbia - Sugar Branch
MU33,Hurdland - Harrison
MU34,Round Spring - Haven Wood
MU35,Arkoe - Tallen
MU36,Bagnel - Eagle'S Roost
MU37,Columbia - Clinics
MU38,Milan
MU39,Springfield - Van'S
MU40,Paris - Lake Village
MU41,Purdy - Ingram
MU42,Lees Summit - St Lukes
MU43,St. Joseph - Mosaic Life Care
MU44,Houston - Texas
MU45,Missouri Delta
MU46,Belton - Arrowhead
MU47,Cairo - Nemo Coal Company
MU48,Gainesville - Sunburst Ranch
MU49,Huntsville - Riley Brancus Ranch
MU50,Moberly - Riley House
MU52,St Louis - Hospital
MU53,Kennett - Twin Rivers
MU54,Brookfield - John J
MU55,Appleton City - Bauer Pgi
MU56,Broseley - Brown
MU57,Conway - Flib
MU58,Kansas City - Va Medical Center
MU59,Springfield - Center
MU60,Warrensburg Western
MU61,Belton
MU62,Drexel - Hilltop
MU63,Elkland - Blumenstetter
MU64,Jefferson City - Center
MU65,Farmington - Lakeside
MU68,Hermann - Eu-Wish
MU69,Collins - Peterman
MU70,Ozark - Skyview
MU71,Weston - Vandahl
MU72,Villa Ridge - Maune Flightpark
MU73,Highlandville - Spencer
MU75,Jefferson City - Mary
MU76,Portageville - Farm
MU77,Fayette - Aero Britton
MU78,Waynesville - Taylor
MU79,Portageville - #1
MU83,New Haven - Air Port Hudson
MU84,Lone Jack - Michael Farm
MU85,Oak Grove - Thomas
MU86,Houston - Taus River Ranch
MU88,Poplar Bluff - Yarbro
MU89,Troy - Woodland Airstrip
MU90,Lees Summit - Falcon
MU91,Osage Beach - Lake
MU92,Kirksville - Northeast
MU94,Wheatland - Galmey
MU96,St Louis - South
MU97,Lexington Muni
MU98,Eagle Rock - Eagles Nest
MU99,Rolla - Walnut Glen Farm
MUAT,Antilla
MUBA,Baracoa - Gustavo Rizo
MUBE,El Caribe
MUBO,Batabano
MUBR,Cayo Santa Maria - Las Brujas
MUBY,Bayamo - Carlos Manuel De
MUCA,Ciego De Avila - Maximo Gomez
MUCB,Caibarien
MUCC,Cayo Coco - Jardines Del Rey
MUCD,Ciego De Avila
MUCF,Cienfuegos - Jaime Gonzalez
MUCL,Cayo Largo Del Sur - Vilo Acuna
MUCM,Camaguey - Ignacio Agramonte
MUCO,Colon
MUCU,Santiago - Antonio Maceo
MUCV,Las Clavellinas
MUCY,Cayajabo
MUFL,Florida
MUGA,Florida - Central
MUGM,Guantanamo Bay Naval Station - Leeward Point
MUGT,Guantanamo - Mariana Grajales
MUGV,Yaguajay - Guardalavaca
MUHA,Havana - Jose Marti
MUHG,Holguin - Frank Pais
MUIV,Nuevitas
MUKW,Matanzas - Kawama
MULB,Havana - Ciudad Libertad
MULM,Pinar Del Rio - La Coloma
MUMA,Maisi
MUMG,Managua
MUMH,Matahambre
MUMJ,Mayajigua
MUMO,Moa - Orestes Acosta
MUMT,Matanzas
MUMZ,Manzanillo - Sierra Maestra
MUNB,San Nicolas Bari
MUNC,Nicaro
MUNG,Nueva Gerona - Rafael Cabrera
MUPA,Punta Alegre
MUPB,Havana - Playa Baracoa
MUPR,Pinar Del Rio
MUSA,San Antonio De Los Banos
MUSC,Santa Clara - Abel Santamaria
MUSG,Sagua La Grande
MUSJ,Pinar Del Rio - San Julian Air
MUSL,Playa Santa Lucia - Joaquin De Aguero
MUSN,Isla De La Juventud - Siguanea
MUSS,Sancti Spiritus
MUTD,Trinidad - Alberto Delgado
MUTI,Manati
MUVR,Varadero - Juan Gualberto Gomez
MUVT,Las Tunas - Hermanos Ameijeiras
MWCB,Cayman Brac - Gerrard Smith
MWCL,Little Cayman - Edward Bodden
MWCR,Georgetown - Owen Roberts
MX86,Mx86
MY00,Truman - Sieg'S Farm
MY01,Warren - Roan
MY03,Sleepy Eye - Braun'S
MY04,Taunton - Koch
MY06,Fulda - Ramerth
MY07,Wolverton - Nord
MY10,Spring Grove - Deters Farms
MY11,Taopi - Gilgenbach
MY12,Trosky - Dykstra Acreage
MY13,Saginaw - Swan
MY15,Pierz - Kastanek
MY17,Hastings - Ries Farms Runway
MY18,Lino Lakes Air
MY19,Murdock - Schwenk
MY21,Kollar'S Shoreview Marine
MY24,Park Rapids - Falk Private
MY25,Foxhome - Knapp Personal Use
MY26,Minnesota
MY27,Detroit Lakes - St
MY28,Harris - Pinetree
MY29,Lake Park - Kaiser'S Airstrip
MY35,Afton - Walker
MY37,Eyota
MY38,Tower - Irons Point
MY42,Gonvick - Mathis
MY43,Holloway - Moyer
MY44,Willmar - Rice Meml Hospital
MY46,Nicollet - Hay Shakers
MY47,Sartell - Guggenberger
MY49,Bear River - Anderson
MY50,Frontenac
MY52,Coates - Turkey
MY54,Bemidji Cloverleaf-East
MY55,My55
MY56,Hibbing - Robertson
MY57,Holdingford - Fedor
MY58,Holloway - Home-Base
MY59,Euclid - Gasper
MY60,Richville - Hagen
MY62,"Jenkins - Ultraflyte, Inc"
MY63,Bemidji - Moberg Air
MY64,Felton - Schjeldrup
MY65,Minneapolis - Clinics
MY66,Onamia - North
MY68,Wheaton - Johnsons Aero Repair
MY71,Georgetown - Mueller
MY72,Isle
MY74,Princeton - Fairview Northland
MY76,Tower - Johnson'S Sea Landing
MY77,Robbinsdale - North
MY78,Stacy - Sunrise
MY79,St Paul Children'S
MY80,Ceylon - Rosenberg
MY82,Forest Lake - Du Fresne
MY84,New Ulm Medical
MY87,St Cloud Hospital
MY88,Rushmore - Henning/Boldt
MY89,Pine City - Pavek Personal
MY90,North Branch
MY91,Alexandria - Douglas County Hospital
MY92,Braham - Grohnke
MY93,Perham - Johnston
MY94,Cloquet - Country Haven
MY95,Crown - Swanson
MY96,Faribault - Bahnsen
MY97,Farmington - Nielsen
MY98,Felton - Pake
MY99,Hawley - Johnston
MYA0,Mores Island
MYAB,Mangrove Cay - Clarence A Bain
MYAF,Fresh Creek
MYAK,Congo Town
MYAM,Marsh Harbour - Leonard M Thompson
MYAN,Nicholls Town - San Andros
MYAP,Spring Point
MYAS,Sandy Point
MYAT,Treasure Cay
MYAW,Myaw
MYAX,Myax
MYBC,Mybc
MYBG,Bullocks Harbour
MYBS,South Bimini
MYCA,Arthurs Town
MYCB,New Bight
MYCC,Cat Cay
MYCH,Hawks News
MYCI,Colonel Hill
MYCP,Pitts Town
MYCS,Cay Sal
MYCX,Cutlass Bay
MYEB,Black Point
MYEF,George Town - Exuma
MYEG,George Town
MYEH,North Eleuthera
MYEL,Lee Stocking
MYEM,Governors Harbour
MYEN,Myen
MYER,Rock Sound
MYES,Staniel Cay
MYEY,Hog Cay
MYGD,Deep Water Cay
MYGF,Freeport - Grand Bahama
MYGM,Grand Bahama - Auxiliary
MYGW,West End
MYIG,Matthew Town
MYK,May Creek
MYLD,Deadmans Cay
MYLS,Stella Maris
MYMM,Abrahams Bay - Mayaguana
MYNN,Nassau - Lynden Pindling
MYPI,Nassau
MYRD,Myrd
MYRP,Port Nelson
MYSM,Cockburn Town - San Salvador
MYX4,Big Whale Cay
MYX5,Cistern Field
MYX7,Rudder Cut Cay
MYX8,Darby Island
MYXC,Long Island - Hog Key
MYXD,Leaf Cay
MYXH,Sampson Cay
MYZ2,Cape Eleuthera
MYZ3,Little Whale Cay
MZBZ,Belize City - Philip S. W.
MZPL,Mzpl
N01,Mosquero
N03,Cortland
N05,Hackettstown
N06,Laurel
N07,Lincoln Park
N08,Farmville - Flanagan
N09,Thomaston - Northfield
N12,Lakewood
N13,Bloomsburg Muni
N14,Lumberton - Flying W
N15,Kingston
N16,Centre Hall Airpark
N17,Vaughn
N18,Arno Atoll - Tinak
N19,Aztec
N20,Arno Atoll - Ine
N22,Jacksonville - Sky Manor
N23,Sidney Muni
N24,Questa
N25,Gallupville - Blue Heron
N26,Pinehurst - Derby Aerodrome
N27,Towanda - Bradford
N29,Magdalena
N30,Honesdale - Cherry Ridge
N35,Punxsutawney Muni
N36,Wotje Atoll
N38,Wellsboro - Grand Canyon
N39,Candler - Meyers
N40,Pittstown - Sky Manor
N41,Waterbury - Mount Tobe
N43,Easton - Braden
N45,Wallkill - Kobelt
N46,Wingate - U S
N47,Pottstown Muni
N48,Horsham
N49,Stagecoach - Rose Quartz Ranch
N51,Readington - Solberg/Hunterdon
N52,Waxhaw - Jaars-Townsend
N55,Jabor Jaluit Atoll
N56,Great Valley
N57,Toughkenamon - New Garden
N58,Fernley - Samsarg
N59,Smith - Rosaschi Air Park
N61,Liberty - Hinshaw Greenacres
N63,Walnut Cove - Meadow Brook
N66,Oneonta - Albert S
N68,Chambersburg - Franklin County
N69,Stormville
N71,Mount Joy/Marietta - Donegal Springs
N72,Warwick
N74,Centre Hall - Penns Cave
N79,Shamokin - Northumberland County
N81,Hammonton
N82,Wurtsboro
N83,Oak Ridge - And
N85,Pittstown - Alexandria
N86,Reno - Spanish Springs
N87,Robbinsville - Trenton
N88,Julian - Kecks
N89,Ellenville - Joseph Y Resnick
N92,Maiden - Laneys
N94,Carlisle
N95,Carlisle Barracks
N96,Bellefonte
N97,Thomasville - Hiatt
N98,Boyne City
NA01,Reynolds - Jenson
NA02,Reynolds - Saure
NA03,Russell - Boll Brothers Airstrip
NA05,Sheldon - Kraig Farms
NA06,Sheyenne - Bouret Ranch
NA07,Souris - Kornkven Airstrip
NA10,Starkweather - Anderson Private
NA12,Turtle Lake - Johnson
NA13,Velva - Linrud Airstrip
NA17,West Fargo - Jacob Gust
NA18,Williston - Hought Airstrip
NA20,Wyndmere - Hudson'S Strip
NA21,Wyndmere - Thompson Private
NA22,Rhame - Vernon Miller Private
NA25,Bantry - Holen Aerial Spray
NA30,Burlington - Behrens Airstrip
NA32,Eldridge - Johnson Airstrip
NA33,Esmond - Ripplinger Strip
NA38,Maddock - Strip
NA39,Makoti - Dorbrinski
NA44,New Rockford - Georgeson Farm Strip
NA49,Rugby - Paul Airstrip
NA54,Westfield - Moser Airstrip
NA55,Barney - Hager Strip
NA56,Barney - Moffet Airstrip
NA60,Grandin - Dakota
NA61,Grassy Butte - Tachenko Strip
NA63,Grenora - Storseth Airstrip
NA65,Hoople - Anderson Strip
NA67,Neche - Horsley Airstrip
NA70,Sheyenne - Smith Airstrip
NA71,Tappen - M Bodvig Airstrip
NA73,Upham - Welstad Farms Airstrip
NA75,Bremen - Lill Strip
NA77,Rhame - Mc Gee Strip
NA79,Turtle Lake - Philbrick Pvt Airstrip
NA81,Buxton - Central
NA84,Eldridge - L Seckerson Airstrip
NA86,Luverne - Johnson Pvt Airstrip
NA88,Regan
NA89,Scranton - Holzman Airstrip
NA90,Underwood - Strip
NA92,Alamo - Roy Lohse
NA98,Scranton - Dilse Airstrip
NA99,Walcott - Bakko Airstrip
NC00,Sanford - Moretz Riverside Landing
NC01,Hertford - Activity
NC02,Harris - Boomerang
NC03,High Point - Darr
NC04,Boone - Watauga Medical Center
NC05,Huntersville - Bradford
NC06,Banner Elk River
NC07,Banner Elk - Hospital
NC08,Hayesville - Tusquittee Landing
NC09,Statesville - Stoneriver
NC10,Macon - Nocarva
NC11,Apex - Deck
NC12,Aurora - Lee Creek
NC13,Ramseur - Yorks Fld
NC14,Boone Inc
NC15,Statesville - Raeford Rhyne Airpark
NC16,Brevard
NC17,Cedar Island - Wolf
NC18,Ahoskie - Rat Landing
NC19,Concord - Propst
NC2,Taylorsville
NC20,New Bern - Canaan Air
NC21,Weddington - Aero Plantation
NC22,Dunn - Charles Fld
NC23,Smithfield - Johnston Meml Hospital
NC24,Charlotte - Delta Air
NC25,Gold Hill
NC26,Catawba - Long Island
NC27,Lenoir - Lower Creek
NC28,Elizabeth City - Meadstown Airstrip
NC29,China Grove - Bradley
NC30,Mooresville - Miller Air Park
NC31,Thomasville - Quiet Acres
NC32,Clemmons - Rivercliff
NC33,Marion - Mission Hospital Mcdowell
NC34,Chapel Hill - Miles
NC35,North Wilkesboro - Mouse
NC36,Grandy - Cotton Gin
NC37,Reidsville - Mountain View Aerodrome
NC38,Hickory - Propst
NC39,Kannapolis - Enochville
NC40,Roxboro - Holeman
NC41,Concord - Hendrick Motorsports
NC42,Yadkinville - Piney Ridge
NC43,Supply - Bear Pen
NC44,Angier - Barclaysville
NC45,Enfield
NC46,Salisbury V
NC47,Raleigh - Joint Force Hq
NC48,Wallace - Safe
NC49,Grimesland - Boyd
NC50,Jefferson - Skyland
NC51,Roanoke Rapids - Ecu Health
NC52,Morganton - Silver Creek
NC53,Murphy - Tusquitee
NC54,Atlantic - Jackson Private
NC55,Pineville - Carowinds
NC56,Kittrell - Deer Run
NC57,New Bern - Carolinaeast Medical Center
NC58,Taylorsville - Gryder-Teague
NC59,Taylorsville - Alexander County
NC60,Concord - Center
NC61,Moyock - Nc61
NC62,Troy - Birds Nest
NC63,Winston Salem - Robertson
NC64,Kannapolis - Barringer
NC65,Atkinson - Yonder
NC66,Scotland Neck - Ventosa Plantation
NC67,Asheville - Six Oaks
NC69,Clinton - Twin Oak
NC70,Fairmont - Mckee
NC71,Parkton - Rockin A
NC72,Princeton - Hinton
NC73,Sladesville - Hodges Farm
NC74,Liberty - Causey
NC75,Harmony - Schneider Haven Airstrip
NC76,Tryon - Rondo
NC77,Concord - Chalfant
NC78,Whiteville - Columbus
NC79,Mount Pleasant - Bear Creek
NC81,Apex - Cox
NC82,Dublin Fld
NC83,Fayetteville - Center
NC84,Hobgood - Ellis
NC85,Clinton - Sampson
NC86,White Oak - Rocking A Farm
NC87,Havelock - Dogwood Farm
NC88,Nags Head - Outer Banks
NC90,Charlotte - Wbtv
NC91,Greenville - Center
NC92,Durham - Duke University
NC93,Salisbury - South River
NC94,Elizabethtown - Bladen County Hospital
NC95,Asheville - Mission Hospitals
NC96,Dunn - Betsy Johnson
NC97,Shelby - Dirt Dobber'S
NC99,Garner - Bagwell
NCAI,Aitutaki
NCAT,Atiu Island - Enua
NCMG,Mangaia Island
NCMH,Manihiki Island
NCMK,Mauke Island
NCMN,Manuae
NCMR,Mitiaro Island
NCPK,Ncpk
NCPY,Penrhyn Island - Tongareva
NCRG,Avarua - Rarotonga
ND01,Amenia - Nelson
ND02,Aneta - Ricketyback
ND05,Watford City - Mchs Hospital
ND07,Absaraka - Punton Private
ND08,Anamoose - Gator
ND09,Dazey - Bryn
ND10,Dickinson - Kadrmas
ND11,Bismarck - Armory
ND12,Hazelton - Snyders
ND14,Fordville
ND16,Halliday - Frei Private
ND18,Glenburn - Judy Strip
ND19,Sutton - Stokka
ND20,Hatton - Gensrich
ND21,Fort Yates - Standing Rock Hospital
ND22,Garrison - Fischer
ND23,Fargo Sanford
ND24,Inkster
ND25,Watford City - Prop Wash
ND26,Alexander - Gajewski
ND27,Harvey - Center
ND28,Cando - Center
ND29,Belfield - Swenson
ND30,Bismarck - Sanford Health Bismark
ND32,Cooperstown - Dakota Rgnlmedical Center
ND33,Dawson Mediport
ND34,Epping - Moen
ND35,Lucca - Lindemann
ND36,Minot - Sundre
ND38,Minot - Blu Skyz
ND40,Medina - Rau
ND41,Strasburg - Voller
ND42,Sawyer - Warren
ND43,Minot - Flying S Ranch
ND44,Underwood
ND45,Fargo Essentia
ND46,Bismarck - St Alexius Med-I-Port
ND47,Enderlin - Geske
ND48,Fargo - Sanford Health
ND49,Wyndmere - Krause Private
ND50,Hazen - Sakakawea Medical Center
ND52,West Fargo - True
ND53,Ayr - Pueppke
ND54,Robinson - Whitman
ND55,Ypsilanti - Sperr
ND59,Buffalo - Grieve
ND60,Arvilla - Douglas Portage
ND62,Taylor - Brands
ND64,Sheyenne - Rue Ranch
ND65,Center - Letzring
ND68,Wheatland - Vining
ND72,Harvey - Lonetree Airstrip
ND73,Amenia - Peterson
ND74,Amenia - Smith Pvt
ND75,Anamoose - Pete
ND76,Arthur - Turner
ND78,Ayr - Wilcox Farm
ND80,Baldwin - Spitzer
ND81,Cavalier - Site
ND82,Ray - Y-Rock
ND83,New Rockford - Allmaras Aviation
ND84,New Rockford - Skaar Farm
ND85,Hazelton - Humann Private Airstrip
ND86,Grendra - Peterson
ND87,Garrison - Indian Hill Resort
ND89,Clementsville - Mutschler
ND90,Cogswell/Brampton/ - Dahl Pvt
ND92,Turtle Lake - Ll Landing
ND96,Bismark - Sauter
ND98,Lincoln - Cloud Nine
ND99,Hickson - Ellig
NE01,Guide Rock - Schutte
NE02,Pender Community
NE03,Valentine - Cherry County Hospital
NE04,Guide Rock - Ely
NE05,Firth - Cherry
NE06,Lynch - Woolf Brothers
NE08,Lamar - Larrabee Farm
NE09,Norfolk - Simpson
NE11,Omaha - Durands Sky Ranch
NE12,Franklin - Center Creek
NE14,Ogallala
NE15,Maywood - Frontier
NE16,Gothenburg Meml
NE17,St. Paul - Walts Aerial Service
NE18,Seward - Krutz
NE19,Broadwater - Ag Air
NE20,Steinauer - Bernadt
NE21,Oxford - Clyde
NE22,North Platte - Great Plains
NE24,Gretna - Bresette
NE25,North Platte - Orr
NE26,Ashland - Treadway Air
NE27,Abie
NE29,Minden - Cavanaugh
NE30,Holdrege - Olson
NE31,Battle Creek - B.C. Air
NE32,Alliance - Med-I-Port
NE33,Arthur Muni
NE34,Sidney - Fehringer Aerodrome
NE35,Chester - Sutton
NE36,Anselmo - Werner Ranch
NE37,Columbus - Loseke Airstrip
NE38,Prosser - Aknux
NE39,Davey - Warbonnet Ag Strip
NE40,Denton Airfield
NE41,Scottsbluff - Rgnl
NE42,Lincoln - Dream
NE43,Morse Bluff - Musiel
NE44,Elgin - Koinzan
NE45,Ansley - Krause
NE46,Greeley Muni
NE48,Omaha - Center
NE49,Gretna - Koke
NE50,Hartington - Sudbeck
NE51,Royal - Dennys Playground
NE52,Falls City - Community Medical Center
NE53,Alliance - Stuhlmiller
NE54,Howells - Dostal-Bradley
NE56,Valley - Werner
NE57,Liberty - Thomas
NE59,Lincoln - Pester
NE60,Lincoln - Center
NE62,Madison - Ochsner
NE64,Hershey Flying
NE65,Milford - Roth
NE67,Hoskins - Falk Air
NE68,Norfolk - Faith
NE69,Weeping Water - Browns
NE71,Omaha - Immanuel Medical Center
NE73,Ewing - Creekview
NE75,Dakota City - Kristijanto Airstrip
NE76,Grand Island - Center
NE77,Kearney Medical
NE78,Norfolk - Kohles
NE79,Roca - Mueller
NE80,Roca - Hausmann
NE81,Spencer - Huffy'S
NE82,Murray - Nolte Farms
NE83,Henderson - Boardman
NE84,Aurora - Meml Hospital
NE85,Spalding - Glaser
NE86,Sutton - Traudt
NE87,Superior - Rempe Private
NE88,Valparaiso - Novotny/Tonar Farms
NE89,O'Neill - Bar Lazy B
NE90,Hastings - Mary Lanning
NE92,Wymore - Thomsen
NE94,Friend - Feik
NE95,Culbertson - Frenchman
NE99,Arthur - Hawkins Ranch
NFCI,Cicia
NFCS,Nfcs
NFFA,Nffa
NFFN,Nadi
NFFO,Malolo Lailai Island
NFFR,Nffr
NFKB,Kaibu Island
NFKD,Vunisea
NFMA,Mana Island
NFMO,Moala
NFNA,Nausori
NFNB,Bureta - Levuka
NFND,Nfnd
NFNG,Ngau
NFNH,Laucala Island
NFNK,Lakeba Island
NFNL,Nfnl
NFNM,Matei
NFNO,Koro Island
NFNR,Rotuma
NFNS,Savusavu
NFNU,Nfnu
NFNV,Vatukoula
NFNW,Wakaya Island
NFOL,Ono-I-Lau
NFSW,Yasawa Island
NFTE,Eua Island - Kaufana
NFTF,Nuku'Alofa - Fua'Amotu
NFTL,Lifuka
NFTO,Angaha - Mata'Aho
NFTP,Niuatoputapu - Kuini Lavenia
NFTV,Vava'U Island
NFVB,Vanua Balavu
NFVL,Vatulele
NGAB,Abaiang
NGBR,Beru
NGFU,Funafuti
NGKT,Kuria
NGMA,Maiana
NGMK,Marakei
NGMN,Makin Island
NGNU,Nikunau
NGON,Onotoa
NGTA,Tarawa - Bonriki
NGTB,Abemama Atoll
NGTE,Ngte
NGTM,Tamana Island
NGTO,Nonouti
NGTR,Arorae Island
NGTS,Tabiteuea South
NGTU,Butaritari Atoll
NGUK,Buariki
NH01,Dover - Bellamy River
NH02,Alton - Puzzo-Lakewood
NH03,Hudson - Granite
NH04,Milford - Ciardelli
NH05,Mont Vernon - Seacoast Helicopters
NH06,Salem - Farms
NH07,Loudon - Cooper Farm
NH08,North Stratford - Marbina Woods
NH09,Seabrook
NH11,Warren - Swain Hill
NH12,Manchester - Evans
NH13,Concord Hospital
NH14,Greenfield - Parker
NH15,Barnstead - Locke Lake
NH16,Brookline
NH17,Mason - Zim
NH18,Center Ossipee - Chickville
NH19,Plainfield - Air-Wood
NH20,Sanbornton - Ward
NH21,Jackson - Abbott
NH22,Lancaster
NH23,Woodsville - Cottage Hospital
NH24,Grafton - Prescott Hill
NH25,Pembroke - Tsam
NH26,Bedford - Dragonwings
NH27,Wolfeboro - Huggins Hospital
NH28,Hillsboro Ford
NH29,Plainfield - Hollander'S
NH30,Moultonborough - Avery Point
NH31,Wolfeboro - Mountain View
NH32,Exeter - Bentley
NH33,Pembroke - Brigham
NH34,Manchester - Brady Sullivan Elm
NH36,Lancaster - Weeks Medical Center
NH37,Nashua - Center
NH38,Albany - Dolittle
NH39,Walpole - Frank D Comerford
NH40,New London - Eagles Nest
NH42,Nashua - C S S
NH43,Nottingham - Murphy-Sherwood Park
NH44,Bedford - Dean Kamen
NH45,Hampton - Foss
NH46,New Boston - Austin'S Landing
NH47,Peterborough - Monadnock Community Hospital
NH48,Manchester - Elliot Hospital
NH49,Woodstock - Bradley
NH50,Atkinson - Gordon Brown
NH51,Jackson - Wickson
NH53,Merrimack - Norden Systems
NH54,Derry - Parkland Medical Center
NH55,Derry - Chopper One
NH56,Dover - Wentworth-Douglass Hospital
NH57,Exeter Hospital
NH58,Franklin - D W
NH60,New Boston - Meml
NH61,Chester - New Poverty Flats
NH63,Derry - Weston Street
NH64,Tuftonboro - Mirror Lake
NH65,Bedford - Dean Kamen Ii
NH66,Kingston - Pleasant View
NH67,Brentwood - Winterwood
NH68,New Durham - Merrymeeting Lake
NH69,West Ossipee - Windsock
NH70,North Conway - Forbes
NH73,Center Ossipee - Meader'S
NH74,Loudon - Crowley
NH76,Mason Airfield
NH77,Meredith - Smiling Jack
NH78,Pelham - Steck Farm
NH79,West Epping - Falcon
NH80,Wilton - Shanklin
NH81,Franklin Concord
NH82,Lebanon - Center
NH83,Dunbarton - Chiefs Hut
NH84,Northwood
NH85,North Conway - Sutton
NH86,Henniker - Intervale
NH87,Plymouth - Blue Light
NH88,Goffstown - Park
NH91,Hales Location - Cheney
NH92,Littleton
NH93,Pelham - Sean
NH94,Milford - Spring Creek
NH96,Wentworth
NH97,Claremont - Valley
NH98,Candia - Brady
NH99,New London
NIN,Ninilchik
NIUE,Alofi - Niue
NJ00,Ridgefield Park
NJ01,Camden - Campbell Soup
NJ02,Camden Tower
NJ03,Newark - Prudential Center
NJ04,Atco - At&T Cedarbrook
NJ05,Neptune - Center
NJ06,Shiloh - B J Farms
NJ08,Cape May Court House - Club
NJ09,Belvidere - Matthews
NJ10,South Brunswick - Dayton
NJ12,Bloomfield State
NJ16,Califon - Sliker Strip
NJ17,Camden - Cooper Kelemen
NJ19,Browns Mills - Center
NJ20,Chatsworth - Coyle
NJ22,Hackensack
NJ24,Burlington County - Warren Grove Range
NJ25,Clarksboro - Hollingshead
NJ26,Clifton - Hoffmann-La Roche Inc
NJ27,Long Valley - Wrnj
NJ28,Colts Neck - Nws Earle
NJ29,Cranbury - South County
NJ30,Salem - Paruszewski Farm Strip
NJ38,East Orange - Martens Stadium
NJ40,Tinton Falls - Hovtown
NJ41,Andover - Hudson Farm
NJ44,Elizabeth - Liberty Hall
NJ46,Englishtown - Farms
NJ47,Flemington - Teeny
NJ48,Atlantic City Golden
NJ49,Flemington - Bradford
NJ50,Flemington - The Landing
NJ51,Florham Park
NJ52,Folsom
NJ53,Fords - Helispot
NJ54,Fort Lee - George Washington Bridge
NJ55,Fort Monmouth - Greely Helipad
NJ57,Atlantic City - Steel Pier
NJ58,Bargaintown - Nordheim Flying K
NJ59,Freehold - Ekdahl
NJ60,Freehold - Cuddihy Landing Strip
NJ61,Frenchtown - Malone
NJ62,New Lisbon - Lz 1 Nldc
NJ63,Frenchtown - Eagles
NJ64,Glassboro - Reeder
NJ65,Great Meadows - John E Rogers
NJ66,Hackettstown Medical
NJ69,Hammonton - Ideal Mfg Corp
NJ71,Holmansville
NJ72,Holmdel - Hop Brook Farm
NJ73,Holmdel State
NJ74,Salem Airfield
NJ75,Jamesburg - Werner Private
NJ76,Edison - Hq 78Th Division
NJ77,Franklin - Warren
NJ79,Lambertville - Goat Hill
NJ81,Vineland - Free Spirit
NJ84,Bridgeton - Hidden Acres Farm
NJ87,Newark - University Hospital Rooftop
NJ89,Manahawkin - Center
NJ92,Newark - St
NJ95,Milford - Herr
NJ96,Minotola - Als Landing Strip
NJ97,Mount Laurel - Nj Turnpike Authority
NJ98,Montague - Zitone
NJ99,Holmdel - Vonage
NK01,Carthage - Countryman'S Landing Strip
NK04,Constantia - Shepard
NK05,Danby - Tom N' Jerry
NK06,Germantown - S.O.P.
NK07,Goshen - Big Island
NK08,High Falls - Sheeley'S Farm
NK09,Burdett - Eagle Ridge
NK11,Saranac Lake - Troop B Headquarters
NK12,Corning - Canaan
NK13,Wynantskill - Snyder'S Lake
NK14,Little Falls Ems
NK15,Inlet - Seventh Lake
NK16,Gouverneur - Hendricks
NK17,Gansevoort - August
NK18,Riverhead - Center
NK19,Clarence Center - Potoczak
NK23,Bloomingburg - Tetz Landing
NK24,Montour Falls - Tilden
NK25,Lockport - Cambria
NK26,Old Forge
NK27,Springville - Hedge Hop
NK29,Margaretville
NK30,Brooklyn - Jamaica Bay
NK31,Albion - Dawn Patrol Aviation
NK32,Albany - Ny Arng
NK33,Albany - T
NK35,Moravia - Mariwill
NK37,Mineola - Island
NK39,New York - One Police Plaza
NK40,North Tarrytown - Regeneron Campus
NK43,Albany - Jerry Phibbs
NK47,Hornell - Saint James Hospital
NK48,Greenport - Eastern Long Island
NK49,Owego
NK50,Amsterdam - St
NK51,Chittenango - Luther
NK52,Elmira - Connelly
NK53,Sullivanville - Dodge/Coppola/Wheeler
NK54,Erin - Matejka
NK55,Camillus - Department
NK56,Hopewell Junction - Fishkill Plant
NK58,Hamburg - Gibraltar
NK61,Schenectady - Center
NK63,Warsaw - Health
NK64,Albany - Amch
NK67,Port Jefferson - Mather Hospital
NK68,Hancock - White Birch
NK71,Marcellus
NK72,Ithaca - Henion Pvt
NK74,Aurora - Match Mate
NK75,Massena - Thomas E Perdue
NK76,Geneva - Grammar
NK77,Niagara Falls Meml
NK78,Ossining - Institute
NK79,Slate Hill - Lewis Landing
NK81,Arcade - Roberts Roost
NK82,Constantia - Engineers
NK83,Quaker Street - Nettie'S Place
NK84,White Plains - Corp
NK87,Clarence Center - Merkle
NK89,Monterey - Ultralight Flight Farm
NK90,Ossining - Tli
NK91,Sharon Springs - Boyle'S Landing
NK95,Pine Island - Bastek
NK96,Poughkeepsie - Midhudson
NLWF,Futuna Island - Pointe Vele
NLWW,Wallis Island - Hihifo
NM00,Albuquerque Medical
NM01,Magdalena Rancho
NM02,Moriarty - Biplane Ranch
NM03,Taos - Grant Besley
NM04,Deming - Mimbres Meml Hospital
NM05,Santa Teresa - Cielo Dorado Estates
NM06,Santa Fe - St
NM08,Deming - Solo Ranch
NM09,Columbus - First Aero Squadron
NM1,Zuni - Black Rock
NM10,Albert - Tequesquite Ranch
NM11,Albuquerque - Hospital
NM12,Animas - Thurmond
NM13,Taos - Rancho Milagro
NM14,Clayton - Wedding Cake Ranch
NM15,Los Alamos Medical
NM16,Buckhorn - Sacaton
NM17,Roy - Ray Ranch
NM18,Deming - One Particular Harbour
NM2,Cuba Landing
NM20,Deming - Epic Paramotor
NM21,Santa Fe Presbyterian
NM22,Truth Or Consequences - Sierra Vista Hospital
NM23,Alamogordo - S&J
NM24,Chama - Eastside
NM25,Corona - Lincoln
NM26,Deming - Luna Landing
NM27,Gallup - Sanostee
NM28,Albuquerque - Tower
NM29,Rosebud
NM30,Pie Town - Porcupine Ridge
NM31,Farmington - Exceptional Community Hospital
NM32,Bell Ranch Waggoner
NM33,Bell Ranch Headquarters
NM35,Socorro General
NM36,Rio Rancho - Rust Medical Center
NM37,Truth Or Consequences - Adobe Ranch Private
NM38,Fort Sumner - Double V Ranch
NM39,Albuquerque - Presbyterian Hospital
NM40,Bosque - Flying H
NM41,Pie Town - Happy Mountain
NM42,Clovis - Aero Tech Inc
NM44,Kenna - Bojax Ranch
NM45,Artesia - 1
NM46,Artesia - 2
NM47,Artesia - Ranch
NM48,Ensenada - Esenada
NM49,Willard - Farms
NM50,Albuquerque - Lovelace Westside Hospital
NM51,Chloride
NM52,Nara Visa - Camco Ranch
NM53,Las Vegas - San Miguel Ranch
NM54,Reserve - Rainy Mesa Airstrip
NM55,Glenwood - Whitewater Mesa Ranch
NM56,Ramah - Mystic Bluffs
NM58,Truth Or Consequences - Emergency Operations Center
NM59,Hobbs Covenant
NM60,San Fidel - Acl Hospital
NM61,Logan - Runway Bay
NM62,Farmington - Sjrmc
NM63,Stanley - Big Sky
NM64,Animas - Diamond A Ranch
NM65,Taos - Holy Cross Hospital
NM66,Pie Town - Poco Loco
NM67,Raton - La Mesa Park
NM68,Los Lunas - Valencia County Hospital
NM69,Mimbres - Casas Adobes
NM70,Rodeo
NM71,Three Rivers
NM72,Silver City - Turner Ridgeport
NM73,Mc Alister - Akin And Akin
NM74,Cubero
NM75,Watrous - Doolittle Ranch
NM76,Anton Chico - Park Springs
NM77,Las Cruces - Meml Medical Center
NM78,Columbus - Hacienda Sur Luna
NM79,Organ - Shoestring Ranch
NM80,Quemado
NM83,Hobbs - Industrial
NM84,Capitan - Ranch
NM85,Silver City - Gila
NM86,Playas Air
NM87,Roswell - Jenkins
NM88,Bosque - Skywagon Farm
NM89,Los Lunas - Ranch
NM90,Rodeo - Amigos Del Cielo
NM91,Fence Lake - High Lonesome
NM92,Rowe - Tierra De Dios
NM93,Roswell Rgnl
NM94,Lovington - Hospital
NM99,Gavilan - Murrow
NR00,Fayetteville - Valley
NR01,Cherokee Indian
NR02,Mount Gilead - Jordan
NR03,Highlands
NR04,Taylorsville - Southern Skies
NR06,Mooresville - Hunter Construction
NR07,Burnsville - Yancey Ems Medical
NR08,Rowland - Adams
NR13,Norlina - Daghita
NR15,Southport - Helipad
NR17,Wilson Medical
NR20,Raeford
NR21,Burlington - Hardaway
NR24,Louisburg - Hospital
NR25,Belhaven - Vidant Multispecialty Clinic
NR27,Rocky Mount - Saw Home
NR28,Dunn - Spivey'S Corner Fd
NR30,Harrisburg Hospital
NR32,Holly Ridge
NR33,Reidsville - Warf
NR35,Sanford - Central
NR37,Trenton - Suter
NR40,Bethel - Als
NR42,Cherryville - Laughing Crow
NR44,Morehead City - Carteret Hospital
NR51,Pinetops - Firing Range
NR66,Rocky Mount - Jlw Home
NR68,Lillington - Loop
NR70,Salisbury - Soaring Q Ranch
NR72,Gold Hill - Blackhawk
NR76,Linden - Barker
NR77,Lillington - Johnson
NR80,Gastonia - Caromont Rmc
NR82,Whiteville - Carolina Bay
NR84,Warrenton - Warren Recreational Complex
NR85,Holly Springs Unc
NR88,Carthage - Tobacco Road
NR89,Whitakers - Steve'S Farm
NR91,Lumberton Rescue
NR92,Beaufort - Riviere Ranch
NR94,Lawsonville - Heavenly Acres
NR99,Corolla
NSAS,Ofu Village
NSAU,Asau
NSFA,Apia - Faleolo
NSFI,Apia - Fagali'I
NSFQ,Fitiuta Village
NSMA,Maota
NSTU,Pago Pago
NTAA,Papeete - Faa'A
NTAM,Ntam
NTAR,Ntar
NTAT,Ntat
NTAV,Ntav
NTGA,Ntga
NTGB,Ntgb
NTGC,Ntgc
NTGD,Apataki
NTGE,Ntge
NTGF,Ntgf
NTGH,Hikueru Atoll
NTGI,Ntgi
NTGJ,Ntgj
NTGK,Ntgk
NTGM,Ntgm
NTGN,Napuka Island
NTGO,Tatakoto
NTGP,Ntgp
NTGQ,Pukarua
NTGR,Aratika
NTGS,Auorotini - Marutea
NTGT,Ntgt
NTGU,Ntgu
NTGV,Ntgv
NTGW,Nukutavake
NTGY,Ntgy
NTHE,Ahe Atoll
NTKA,Kauehi
NTKF,Ntkf
NTKH,Fakahina
NTKK,Ntkk
NTKM,Takume
NTKN,Ntkn
NTKO,Ntko
NTKR,Ntkr
NTKT,Katiu
NTMD,Ntmd
NTMN,Ntmn
NTMP,Ua Pou
NTMU,Ua Huka
NTTB,Motu Mute - Bora Bora
NTTE,Tetiaroa
NTTG,Nttg
NTTH,Fare - Huahine
NTTM,Nttm
NTTO,Ntto
NTTP,Nttp
NTTR,Uturoa - Raiatea
NTTU,Nttu
NTTX,Mururoa Atoll
NTUV,Vahitahi
NV00,Pahrump - The
NV01,Overton - Bay Marina
NV02,Austin - O'Toole Ranch
NV03,Gardnerville Carson
NV04,Deeth - Marys River Ranch
NV05,Gerlach - 2
NV06,Gerlach - 1
NV07,Wells - Ranch Irene
NV08,Mountain City - Petan Ranch
NV09,Reno - H Bar H
NV10,Searchlight - Llc
NV11,Owyhee Hospital
NV12,Tuscarora - I-L Ranch
NV13,Carson City - Bailey Ranch
NV14,Montello - Juniper
NV15,Carson City Rgnl
NV16,Boulder City Hospital
NV17,Lemmon Valley - Youngberg Ranch
NV18,Logandale
NV19,Lovelock - Pershing General Hospital
NV20,Elko Rgnl
NV21,Sandy Valley - Sky Ranch
NV22,Elko - Red Rock Ranch
NV23,Sparks - Air Sailing
NV24,North Las Vegas - Emerus
NV25,Henderson - Hospital
NV26,Fallon - Hospital
NV27,Dyer - Circle L Ranch
NV28,Hawthorne - Mt Grant Hospital
NV29,Amargosa Valley
NV30,Fallon - Dixie Valley
NV31,Round Mountain - Airstrip
NV33,Smith Valley - Farias Wheel
NV34,Las Vegas University
NV35,Austin - Hudson
NV36,Pahrump - Desert View Hospital
NV37,Nelson - Eldorado Substation
NV38,Las Vegas - Klas Channel 8
NV39,Nevada Airways
NV40,Las Vegas - Action
NV41,Gerlach - Sulfur
NV42,Jean - Heritage
NV44,Yerington - South
NV45,Beatty - Planet 13 Ems
NV47,Winnemucca - New Farm
NV49,Reno Northern
NV53,Las Vegas - Center
NV54,Pahrump - Flying S Ranch
NV55,Gardnerville - Pinenut
NV56,Las Vegas - Center
NV57,Reno Renown
NV58,Reno - St
NV60,Carson City Tahoe
NV61,Las Vegas - Gilbert Development Corp
NV64,Battle Mountain - Swanson Ranch 3
NV65,Mercury - Desert Rock
NV67,Montello - Pilot Creek Ranches
NV68,Winnemucca - 16 Mile Road
NV69,Sparks Northern
NV72,Wellington - Sweetwater Usmc
NV74,Pahrump - Calvada Meadows
NV77,Reno - Freedom Helipad
NV78,Reno - Remsa/Care Flight
NV80,Lamoille - Ruby 360 Lodge
NV81,Beatty Medical
NV82,Caliente - Dils Medical Center
NV83,Round Mountain - Hadley
NV86,Las Vegas - Adult
NV88,Orovada - Morris Ag Air
NV89,Crescent Valley - Red Owl Ranch
NV91,Sandy Valley - Fly Sin
NV92,Sandy Valley - Fly Sin
NV93,Sandy Valley - Fly Sin
NV95,Las Vegas - Kyle Canyon
NV96,Sparks - Rolling Thunder
NV97,Wellington - Desert Creek
NV98,Pahrump - Caas
NV99,Ely - Post
NVSA,Ablow - Lava
NVSC,Sola
NVSD,Loh/Linua - Torres Airstrip
NVSE,Sangafa
NVSF,Craig Cove
NVSG,Longana
NVSH,Pentecost Island - Sara
NVSI,Paama Island - Tavie
NVSL,Lamap
NVSM,Lamen Bay
NVSN,Maewo Island - Naone
NVSO,Lonorore
NVSP,Norsup
NVSQ,Gaua Island
NVSR,Redcliffe Apt
NVSS,Luganville - Santo Pekoa
NVST,Tongoa Island
NVSU,Ambryn Island - Ulei
NVSV,Valesdir
NVSW,Walaha
NVSX,Malekula Island - Southwest Bay
NVSZ,Olpoi - North
NVVA,Anelghowhat
NVVB,Aniwa
NVVD,Dillon'S Bay
NVVF,Futuna Island Apt
NVVI,Ipota
NVVJ,Forari
NVVK,Lenakel
NVVQ,Quion Hill
NVVV,Port Vila
NVVW,Nvvw
NWWA,Tiga
NWWB,Bourail / Poe
NWWC,Waala
NWWD,Kone
NWWE,Ile Des Pins
NWWF,Voh
NWWH,Houailou - Nesson
NWWK,Koumac
NWWL,Lifou
NWWM,Noumea
NWWO,Ile Ouen - Edmond Cane
NWWP,Poum
NWWQ,Mueo
NWWR,Mare
NWWS,Plaine Des Lacs
NWWT,La Foa - Oua Tom
NWWU,Touho
NWWV,Ouvea
NWWW,Noumea - La Tontouta
NWWX,Canala
NWWY,Ouaco
NX01,Nx01
NY0,Johnstown - Fulton
NY00,Sardinia - Basher
NY01,Knowlesville
NY02,Davenport - Mountain Top
NY03,Shelter Island - Klenawicus Airfield
NY04,Oyster Bay - Clive Holmes Estate
NY05,Esperance - Hogan
NY06,Albion - Gaines Valley Aviation
NY07,Canton - Hurlbut
NY08,Port Jervis
NY09,Newburgh - Middle Hope
NY1,Ghent - Kline Kill
NY10,New Bremen - Duflo
NY11,Macedon - Lakestone Farm
NY12,Auburn Community
NY13,Lyons - D'Amico
NY14,Ellenville - Kingdom
NY15,Lakeville
NY16,East Palmyra - Oak Ridge
NY17,Plattsburgh - Adirondack
NY18,Ithaca - Neno
NY19,Elbridge - Walls
NY20,Fort Plain - Nellis
NY21,Webster - Dewitt
NY22,New York - Bennett
NY23,Mohawk - Mac
NY24,Niagara Falls - Colonial
NY25,Camillus
NY26,Herkimer - Sky-Ranch
NY27,South Dayton
NY28,Jordan - Anthonson
NY29,Watkins Glen - Schuyler
NY30,Monticello - Hilltop
NY31,Phoenix - Rabbit Lane
NY32,Ithaca - Cayuga Medical Center
NY33,Palmyra - Hidden Hills Ranch
NY34,Cameron - Randall'S Roost
NY35,New Paltz - Stanton
NY36,Saranac Lake - Adirondack Medical Center
NY37,Galway
NY38,Oyster Bay - Johanson Estate
NY39,Sinclairville - Farm
NY40,Holland - Gentzke Aeronautical Park
NY41,Clyde - Pine View
NY42,Red Creek - Paradise
NY43,Saugerties - Mt View
NY44,Somers
NY45,Southold - Robins Island
NY46,Amenia - Bel-Aire Farms
NY47,Pearl River - Wyeth
NY48,South Kortright - Grace'S Landing
NY49,Niagara Falls - Mesmer
NY50,Perth - Johnson
NY51,Canajoharie - Russell
NY52,Staten Island
NY53,Rome - M & M
NY54,West Kill - Evergreen Mountain
NY55,Ithaca - Grund
NY57,Remsen
NY58,Hankins - Franjo Jo Airways
NY59,Ava - Valenty Mierek
NY60,Beekmantown - Vasile
NY61,Blue Mountain Lake - Eagle Nest
NY62,Verona - Curtis
NY63,Greenwich - Archdale Meadows
NY64,Broadalbin - The Pines
NY65,Broadalbin - Circle K Ranch
NY66,Broadalbin - Lewis
NY67,Manlius - Carter Flight Park
NY68,Richfield Springs
NY69,Cape Vincent - John Gonzales Fld
NY70,Mount Morris - Scott'S Sky Ranch
NY71,Fort Plain - O'Riley
NY72,Manlius - Poolsbrook Aerodrome
NY73,Coventryville - Miller
NY74,Coxsackie - Deer Run
NY75,Bennington - Stol Performance
NY76,Cattaraugus - Neverland
NY77,Delanson - Wandervogel
NY78,Rochester - Naked Acres
NY79,Bliss - Keysa
NY80,South Wales - Aurora
NY81,East Berne - Heldeberg Airstrip
NY82,East Schodack - Alexander Farm
NY83,Essex
NY84,Essex - Richter Aero
NY85,Floyd - Hickory Hollow
NY86,Utica - Wynn Hospital
NY87,Fort Johnson - Amsterdam
NY88,Fort Plain - Hickory Acres
NY89,Jamestown - Goose Creek
NY9,Long Lake Helms
NY90,Medina Meml
NY91,Peterboro - Smithfield
NY92,Marathon - Cochran
NY93,Middletown - Phillipsburg Landing
NY94,Rhinebeck
NY95,Holcomb - Creekside
NY96,Mexico Airdrome
NY97,Morrisonville - Northway
NY99,Brocton - Facility
NZ12,Nz12
NZAA,Auckland Intl
NZAE,Mount Tarawera
NZAG,Nzag
NZAN,Alfredton
NZAP,Taupo
NZAR,Manurewa - Ardmore
NZAS,Nzas
NZBA,Balclutha
NZCB,Centre Bush
NZCH,Christchurch
NZCI,Waitangi - Chatham Islands-Tuuta
NZCS,Nzcs
NZCX,Nzcx
NZDA,Nzda
NZDN,Dunedin
NZDV,Nzdv
NZES,Nzes
NZFF,Nzff
NZFI,Feilding
NZFJ,Nzfj
NZFP,Nzfp
NZFT,Nzft
NZGA,Nzga
NZGB,Claris - Great Barrier Aerodrome
NZGC,Nzgc
NZGM,Nzgm
NZGR,Nzgr
NZGS,Gisborne
NZGT,Glentanner Station
NZGY,Nzgy
NZHA,Hawera
NZHB,Auckland Hobsonville
NZHK,Nzhk
NZHN,Hamilton
NZHP,Nzhp
NZHR,Nzhr
NZHS,Nzhs
NZHT,Nzht
NZIR,Mcmurdo Station Ice
NZKC,Nzkc
NZKD,Kaikoura Island
NZKE,Nzke
NZKF,Nzkf
NZKI,Nzki
NZKK,Kerikeri
NZKM,Nzkm
NZKO,Nzko
NZKT,Kaitaia
NZKY,Nzky
NZLD,Limestone Downs
NZLE,Nzle
NZLX,Alexandra
NZMA,Nzma
NZMC,Nzmc
NZME,Nzme
NZMF,Nzmf
NZMJ,Nzmj
NZMK,Nzmk
NZML,Molesworth
NZMO,Nzmo
NZMR,Murchison
NZMS,Masterton - Hood
NZMT,Martinborough
NZMW,Nzmw
NZMZ,Matakana Island
NZNE,Dairy Flat - North
NZNP,New Plymouth
NZNR,Nznr
NZNS,Nelson Apt
NZNV,Invercargill
NZOA,Nzoa
NZOH,Nzoh
NZOI,Motiti Island
NZOM,Blenheim Apt
NZOP,Nzop
NZOU,Nzou
NZOX,Nzox
NZPA,Nzpa
NZPG,Mcmurdo Station Pegasus
NZPH,Nzph
NZPI,Nzpi
NZPK,Pikes Point
NZPM,Nzpm
NZPN,Picton Aerodrome
NZPO,Nzpo
NZPP,Nzpp
NZQN,Queenstown Intl
NZRA,Nzra
NZRC,Oban - Ryans Creek Aerodrome
NZRI,Rangitata Island
NZRK,Nzrk
NZRO,Rotorua
NZRT,Rangiora
NZRU,Nzru
NZRW,Nzrw
NZRX,Nzrx
NZSD,Stratford Apt
NZSL,Nzsl
NZSP,Nzsp
NZTA,Nzta
NZTE,Nzte
NZTG,Tauranga
NZTH,Nzth
NZTI,Nzti
NZTK,Nztk
NZTL,Nztl
NZTM,Nztm
NZTN,Nztn
NZTO,Tokoroa
NZTS,Taharoa
NZTT,Te Kuiti
NZTU,Nztu
NZTZ,Nztz
NZUK,Twitzel - Pukaki
NZUN,Nzun
NZVL,Nzvl
NZVR,Taihape
NZWB,Blenheim - Woodbourne
NZWD,Mcmurdo Station - Williams
NZWF,Nzwf
NZWJ,Nzwj
NZWK,Nzwk
NZWL,Nzwl
NZWM,Nzwm
NZWN,Wellington
NZWO,Wairoa
NZWP,Nzwp
NZWR,Nzwr
NZWS,Nzws
NZWT,Nzwt
NZWU,Wanganui
NZWV,Nzwv
NZYP,Nzyp
O02,Beckwourth - Nervino
O05,Chester - Rogers
O06,Oroville Lake
O08,Colusa
O09,Covelo - Round Valley
O12,St Marys Grand
O13,Erick - Haddock
O14,Ninnekah - Skyroads
O15,Turlock Muni
O16,Garberville
O18,Inola - Buzzards Roost
O19,Eureka - Kneeland
O20,Lodi - Kingdon
O21,Hoopa
O22,Columbia
O24,Lee Vining
O26,Lone Pine
O27,Oakdale
O28,Willits - Ells
O29,Imnaha - Pittsburg Landing
O32,Reedley
O33,Eureka - Samoa
O35,Hollis
O37,Orland - Haigh
O38,Owasso - Gundys
O39,Ravendale
O41,Woodland - Watts
O42,Woodlake
O43,Yerington
O44,Lexington - Mc Caslin
O45,Hooker
O46,Weed
O47,Prague
O48,Imnaha - Salmon Bar
O52,Yuba City - Sutter County
O53,Medford
O54,Weaverville - Lonnie Pool
O55,Bieber - Southard
O57,Bridgeport - Bryant
O59,Cedarville
O60,Cloverdale
O61,Cameron Park
O62,Enterprise - Usfs
O65,Okeene - Christman
O68,Imnaha - Sluice Creek
O69,Petaluma
O74,Mount Victory - Elliotts Landing
O79,Sierraville
O81,Tulelake
O85,Redding - Benton
O86,Trinity Center
O88,Rio Vista
O89,Fall River Mills
OA00,Cambridge - Taildragger
OA04,Arcadia - Rutter
OA05,Mc Gonigle - Hogan
OA06,Massillon - Affinity Medical Center
OA07,Rock Creek - Hemlock
OA08,Columbus - Medflight
OA09,London - Madison Health
OA10,Mount Orab - Workman'S
OA11,Anna - Heitman
OA12,Morrow - Buena Vista Farm
OA14,Dennison - Roxford
OA15,Hamilton Fort
OA16,North Bend - Lost Bridge
OA17,Bucyrus
OA18,Cuyahoga Falls - Creekside Ridge
OA19,North Canton - Clover Fields
OA22,Montgomery - Bethesda
OA23,Arcanum - Heins
OA26,Ashville
OA33,Cincinnati Childrens
OA35,Beavercreek - Soin Medical Center
OA51,Watkins - Fighter
OA52,Columbus - Ross Heart Hospital
OA85,Dresden - Riverview
OA86,West Jefferson - Silent P
OABN,Bamiyan
OABT,Bost
OACC,Chakcharan
OADS,Oads
OADY,Oady
OADZ,Darwaz
OAFR,Farah
OAFZ,Faizabad
OAGN,Oagn
OAGZ,Oagz
OAHN,Khwahan
OAHR,Herat
OAIX,Bagram
OAJL,Oajl
OAKB,Kabul
OAKG,Khojaghar
OAKN,Kandahar
OAKS,Khost
OAMN,Oamn
OAMS,Oams
OAOG,Oaog
OAQM,Kron Monajn
OAQN,Qala-I-Naw
OARG,Oarg
OARZ,Oarz
OASA,Sharana
OASD,Oasd
OASG,Oasg
OASH,Oash
OASL,Oasl
OASN,Sheghnan
OATN,Tarin Kowt
OATQ,Taloqan - Talolqan
OAUZ,Oauz
OAYQ,Oayq
OAYW,Oayw
OAZI,Oazi
OAZJ,Zaranj
OBBI,Manama - Bahrain
OBBS,Sitrah - Sheik Isa Air
ODAL,Odal
ODAS,Odas
OE43,Oe43
OE45,Oe45
OE46,Oe46
OE47,Oe47
OE48,Oe48
OE49,Oe49
OE51,Oe51
OE52,Oe52
OE53,Oe53
OE54,Oe54
OE55,Oe55
OE56,Oe56
OEAA,Oeaa
OEAB,Abha
OEAH,Oeah
OEAO,Al-'Ula - Abdul Majeed Bin
OEBA,Oeba
OEBH,Oebh
OEBQ,Oebq
OEDF,Ad Dammam - King Fahd
OEDM,Oedm
OEDR,Oedr
OEDW,Dawadmi
OEGN,Jizan
OEGS,Oegs
OEGT,Oegt
OEHL,Oehl
OEHR,Harad
OEHW,Oehw
OEJB,Jubail
OEJF,King Faisal Navy
OEJN,Jeddah - King Abdulaziz
OEKK,King Khaled Military City
OEKM,Oekm
OEKR,Oekr
OEMA,Medina - Prince Mohammad Bin
OENG,Oeng
OENN,Oenn
OENR,Nariya
OEPA,Qaisumah - Hafr Al Batin
OEPC,Oepc
OEPF,Oepf
OEPI,Oepi
OEPJ,Oepj
OEPK,Oepk
OEPS,Oeps
OERB,Oerb
OERF,Rafha
OERK,Riyadh - King Khaled
OERM,Oerm
OERR,Arar
OERS,Hanak - Red Sea
OERT,Oert
OERY,Riyadh
OESB,Oesb
OESH,Oesh
OESK,Al-Jawf
OESL,Oesl
OETB,Tabuk
OETF,Oetf
OETH,Oeth
OETN,Oetn
OETR,Oetr
OEUD,Oeud
OEUM,Umm Lejj
OEWD,Oewd
OEWJ,Al Wajh
OEYN,Oeyn
OEZL,Zilfi
OG00,Culver - Area
OG01,Corvallis - Dunning Vineyards
OG02,Banks - Rieben
OG03,Astoria - Columbia Meml Hospital
OG04,Adams - Rothrock
OG05,Bend - Sundance Meadows
OG06,Christmas Valley - Table Rock
OG07,Cove
OG08,Helix - Curtis
OG09,Hermiston - Good Shepherd Hospital
OG10,Lebanon - Mt Hope
OG11,Portland - Rose Quarter
OG12,Prineville - Wilson Ranch
OG13,Ruch - Fly By Night
OG14,Seneca - Silvies Valley Ranch
OG15,Sisters - Sage Ranch
OG16,Halsey - Jim'S Airstrip
OG17,Lakeview - Teed'S
OG18,Lawen
OG19,Madras - Farms
OG20,Oregon City - Fairways
OG21,Prineville - Dry Creek
OG23,Sheridan - Poverty Hollow
OG24,Sutherlin - Flying D Ranch
OG25,White City - Firefly Ranch
OG26,Willamina - Roscoes
OG27,Haines - Muddy Creek
OG28,Scio - Ranch
OG29,Sandy - Mc Kinnon
OG30,Oregon City - Aeroacres
OG31,Shady Cove
OG33,Oregon Sky
OG34,Tigard - Meyer Riverside
OG35,Madras - Mountain View Hospital
OG36,Junction City - Munson
OG37,Salem Hospital
OG38,Mcminnville - Center
OG39,Kimberly - Longview Ranch
OG40,Roseburg - Napier Ranch
OG41,Glendale - Nace Family Airstrip
OG42,Pendleton - Quail Fld
OG44,Amity - Miss Kittys Strip
OG45,Baker City - Bald Mountain
OG46,Hillsboro - Tuality Hospital
OG47,Baker City - Three Valleys Ranch
OG48,Coburg - Greer
OG49,Corvallis - Coca Cola
OG50,Harper - Cottonwood Creek Ranch
OG51,Madras - Six Springs Ranch
OG52,Monmouth - Jpm
OG53,Andrews - Wildhorse Valley
OG54,Shaniko Cattle
OG55,Newberg Providence
OG56,Astoria - Station
OG57,Florence - Pier 126
OG58,Central Point - Offices
OG62,Myrtle Creek Muni
OG63,North Plains - Gilbert
OG64,Springfield - River Bend Hospital
OH00,Jackson Holzer
OH01,Columbus - Grant Medical Center
OH02,Columbiana - Eaken'S Landing
OH03,Madison - Woodworth
OH04,Mount Vernon - Knox Community Hospital
OH05,Akron Cleveland
OH06,Napoleon - Henry County Hospital
OH07,Marlboro - Sunset Strip
OH08,Norwalk - Fisher-Titus Medical Center
OH09,Howard - One Shot
OH10,Jamestown Miami
OH11,West Chester
OH12,Geneva - Old Hickory
OH13,Minerva - Bulick
OH14,Jeffersonville - Medflight 9
OH15,Minerva
OH16,Georgetown - Southwest
OH17,Troy Kettering
OH18,Sycamore - Freefall
OH19,North Creek - Hiltner
OH20,Newark - Flyers Park
OH21,Galion - Horning
OH22,Kidron - Stoltzfus
OH23,Ohio O'Bleness
OH24,Orrville - Markley Farm
OH25,Delaware - Grady Meml Hospital
OH26,Thompson - Birdland
OH27,Cleveland Fairview
OH28,Leesburg - Donner
OH29,Petersburg
OH30,Amelia - Whalen
OH31,Miamisburg - Sycamore Hospital
OH32,Alliance - Gray
OH33,Cortland - Gustavus
OH34,Ansonia - Leis
OH35,Hallsville - Mission
OH36,Zanesville - Riverside
OH37,Cincinnati - Mercy Anderson
OH38,Belpre - Blue Bird
OH39,Berkshire - Pine Lake
OH40,Radnor - Eylesair
OH41,Hillsboro - Bell Air Ranch
OH42,Butler - Hawk'S Nest
OH43,Canal Winchester - Anderson
OH44,Galena - Head
OH45,Bowling Green - Drake
OH46,Brookville - Schaney'S Lair
OH48,Alliance
OH49,Cincinnati - Christ Hospital
OH50,Westlake - Center
OH51,Versailles - Kathamel
OH52,Columbus
OH53,Ohio Bldg
OH54,Ohio State University Hospital
OH55,Barlow - Rod'S Sod
OH56,Johnstown - Warped Wing
OH57,Delaware - Berlin
OH58,Morrow - Cow Chip Creek
OH59,Farmersville - Mc Intosh
OH60,Fort Jennings - Gerker
OH61,Amanda
OH62,Portsmouth Rgnl
OH63,Germantown - Jims
OH64,Germantown - Hummel
OH65,Goshen - Hickory Grove Airpark
OH66,Goshen - Obannon Creek Aerodrome
OH67,Bradford - Sell
OH68,Harrison - Raylene
OH69,Hillsboro - Highland District Medical
OH71,Troy Skypark
OH72,Oak Hill
OH73,Wauseon - Center
OH74,Vinton - Sword Flight Park
OH75,Kenton - Hardin Meml Hospital
OH76,Vermilion - Waterwood
OH77,Wilmington - Lumberton
OH78,Laura - Swigart
OH79,Vermilion
OH80,Lebanon - District Nr 8
OH81,Springfield Medical
OH82,Adams Mills - Graham Farm
OH83,Lima Meml
OH84,Lima - 1
OH85,Marietta
OH86,Bellevue - Colvin
OH87,Centerburg - White Oak
OH88,Baltic
OH89,Marietta - Selby General Hospital
OH90,St Clairsville - Andrew J Ciechomski
OH91,Chillicothe - Adena
OH92,Hopewell - Porter
OH93,Milford Center - Darby
OH94,Old Washington - La Rue
OH95,Circleville - Tailwheel Lane
OH96,Mount Orab - Neals
OH97,Mantua - Carcioppolo
OH98,Findlay - Berg
OH99,Cecil - Strable Landing Strip
OI01,Logan - Lazy-W
OI03,Oi03
OI06,West Milton - Wagner
OI07,Wooster - Varns Farms
OI08,Wooster - Davies Air
OI11,Carrollton - Hibbetts
OI12,Delaware - Fly-A-Way Farm
OI13,Oi13
OI19,Oi19
OI1C,Oi1C
OI20,Oi20
OI21,Chillicothe - Va Hospital
OI22,Elyria - Carroll'S
OI23,Elyria University
OI24,Fredericktown - Kokosing
OI25,Greenfield - Ross
OI26,Oxford - Hillcrest
OI27,Lowell - Checkpoint Charlie
OI28,Mount Gilead - Lanker
OI29,Otway - Yellowbird Farm
OI31,Leroy - Pheasant Run
OI32,Ravenna - Stoney'S
OI34,Spring Valley - Fricke
OI35,Toledo - Scott Park
OI36,Gratis - Farpoint
OI38,East Liberty - Hillview Airstrip
OI39,Frazeysburg - Vensil Farms
OI40,Goshen - Hallelujah
OI41,Hiram - Far View
OI42,New London - D A Chandler
OI44,Oregon - St Charles Hospital
OI45,Richfield - Shootz
OI46,Sharon Center - Sharondale
OI49,Delaware - Flying Acres
OI50,Cleveland - 1St District Police
OI51,Cleveland - 4Th Dist Police
OI52,Jamestown - Lyons
OI53,Toledo - Center
OI55,Wooster - Scheibe
OI56,Kirkersville - Lee
OI57,Hamersville - Mc Kinney
OI58,Canton - Lockeridge
OI59,Chester - Miller
OI60,Mansfield - Gorman
OI61,Columbus - Mount Carmel Health
OI62,Russell - Rataiczak
OI64,Thompson - Bush
OI65,Canton - Aultman Hospital
OI66,Dola - Eibling Circle E
OI67,Mechanicstown - Clain
OI68,Rittman - Hilty
OI69,Painesville - Blackacre Farm
OI72,Blakeslee - Marvin Thiel
OI73,Cedarville - Williamson
OI76,North Lima - Bieber'S
OI77,Fostoria - Mc Ardle
OI78,Fostoria - Diebleys
OI79,Fremont - Promedica Meml Hospital
OI80,Broadview Heights - Limitless Assets
OI81,Austintown - Mollica
OI82,Jackson - Russ
OI83,Mayfield Heights - Cleveland Clinic/Hillcrest Hospital
OI84,Okeana - King Knoll
OI85,Sabina - Beam Farms
OI86,Ravenna - Center
OI87,Sandusky - Firelands
OI88,Greenwich - Mindzak
OI89,Camden - Mite
OI91,Yellow Springs - Hammond
OI92,Bowling Green - Conklin
OI95,Columbus - Nationwide Children'S Hospital
OI97,Westerville - St Ann'S
OI98,Cambridge - Tank
OI99,Celina - Mulholland
OIAA,Abadan
OIAD,Oiad
OIAG,Oiag
OIAH,Oiah
OIAI,Oiai
OIAJ,Omidiyeh
OIAM,Oiam
OIAW,Ahwaz
OIBA,Oiba
OIBB,Bushehr
OIBH,Oibh
OIBI,Asaloyeh
OIBJ,Kangan - Jam
OIBK,Kish Island
OIBL,Bandar Lengeh
OIBN,Borazjan
OIBP,Asalouyeh - Persian Gulf
OIBQ,Oibq
OIBS,Oibs
OIBV,Oibv
OICB,Baneh
OICC,Kermanshah - Shahid Ashrafi Esfahani
OICD,Abdanan
OICG,Ghasre-Shirin
OICI,Ilam
OICK,Oick
OICS,Oics
OICZ,Oicz
OIFE,Hesa
OIFH,Oifh
OIFK,Oifk
OIFM,Isfahan - Esfahan Shahid Beheshti
OIFP,Esfahan - Badr Air
OIFS,Shahrekord
OIFV,Zarrinshahr
OIGG,Rasht - Sardar-E-Jangal
OIHH,Hamadan Apt
OIHM,Malayer
OIHR,Araak - Arak
OIHS,Hamadan Air
OIIA,Oiia
OIIC,Oiic
OIID,Oiid
OIIE,Tehran - Imam Khomeini
OIIG,Oiig
OIII,Tehran - Mehrabad
OIIK,Qazvin
OIIM,Oiim
OIIP,Oiip
OIIQ,Ghom
OIIS,Semnan
OIIU,Oiiu
OIKB,Bandar Abbas
OIKF,Oikf
OIKJ,Oikj
OIKK,Kerman
OIKM,Oikm
OIKP,Havadarya
OIKQ,Oikq
OIKR,Oikr
OIKY,Oiky
OIMB,Birjand
OIMC,Sarakhs
OIMD,Gonabad
OIMH,Torbat-E-Heidarieh
OIMJ,Oimj
OIMM,Mashhad
OIMN,Bojnord
OIMS,Sabzevar
OIMT,Tabas
OIMX,Soga
OINA,Oina
OINB,Babolsar
OINE,Oine
OING,Gorgan
OINH,Oinh
OINI,Ghaem Shahr
OINJ,Amol - Bishe Kola Air
OINM,Mahmood Abad
OINN,Oinn
OINR,Oinr
OINZ,Sari - Dasht-E Naz
OISA,Abadeh
OISD,Darab
OISF,Fasa
OISJ,Oisj
OISL,Lar
OISO,Zargan
OISR,Lamerd
OISS,Shiraz
OISY,Oisy
OITH,Oith
OITK,Khoy
OITL,Ardabil
OITM,Maragheh - Sahand
OITP,Parsabad - Parsabade Moghan
OITR,Urmia
OITS,Saghez
OITT,Tabriz
OITU,Makou
OITZ,Zanjan
OIYB,Bafgh
OIYY,Yazd - Shahid Sadooghi
OIZB,Oizb
OIZC,Chabahar - Konarak
OIZH,Zahedan
OIZI,Oizi
OIZJ,Jask
OIZS,Oizs
OJ38,Zarqa
OJ40,Oj40
OJAI,Amman - Queen Alia
OJAM,Amman
OJAQ,Aqaba
OJHF,Ojhf
OJJR,Ojjr
OJMF,Mafraq - College
OJMN,Ojmn
OK00,Jacktown
OK01,Vera - Skyhaven
OK02,Goldsby - Dick'S
OK03,Elgin Elgin'S
OK04,Eufaula - Canadian River Ranch
OK05,Vinta - Double R Ranch
OK06,Cookson - Snake Creek Wilderness
OK07,Lawton - Djs
OK08,Lawton - Hill Top
OK09,Ardmore Mercy
OK1,Vinita - Stearmans Roost
OK10,Hinton - Canadian River Corrientes
OK11,Comanche - Ksa Orchards
OK12,Walters - Jones Farm
OK13,Mounds - Erroport
OK14,Mountain Park - Walker Family Farm
OK15,Oolagah - Avian Country Estates
OK16,Caney - Flying E Ranch
OK17,Ardmore - Bass Aero
OK18,Adair - Grand Isle
OK19,Oklahoma City - Center
OK20,Claremore - Sageeyah Airfield
OK21,Pryor - Longs
OK22,Shawnee - Bluebird
OK23,Ardmore - Taliaferro
OK24,Lone Grove - Colby
OK25,Haskell - Cherokee Ranch
OK26,Enid - Atwoods
OK27,Roland - Venture Aerodrome
OK28,Ravia - Mcdaniel Aviation
OK29,Marietta - Travis
OK30,Langley - Grandcraft Landing Strip
OK31,Thackerville - Whittington Ranch
OK32,Norman - Thunderbird Landing
OK33,Muskogee East
OK34,Sallisaw - Gustafson
OK35,Talihina - Choctaw Indian Hospital
OK36,Mounds - Duckcreek
OK37,Oologah - Dog Iron Ranch
OK38,Perry - Stillwater Medical
OK39,Forgan - Judy Ranch
OK40,Rush Springs - Double H Ranch
OK41,Tulsa - Police Civic Center
OK42,Talala - Lariat Ranch
OK43,Alva - Logsdon Ranch
OK44,Lenapah - Big Creek Ranch
OK45,Collinsville
OK46,Manchester - Mc Crays
OK47,Manchester - Miller Brothers
OK48,Burneyville - Higgs
OK49,Ponca City - Secrest Ranch
OK50,Beggs - Flysooner
OK51,Hennessey - Enix
OK52,Sallisaw - Center
OK53,Tulsa - Kotv
OK54,Alva - May Ranch
OK55,Luther - Bost Ranch
OK56,Lexington - Sopwith Ldg
OK57,Oklahoma City - Boeing
OK58,Collinsville - Bluestem
OK59,Poteau - Wolf Mountain
OK60,Chickasha - Drifting G Ranch
OK61,Luther - Redbud Power Plant
OK62,Ardmore - Strader Ranch
OK64,Lexington - Green Valley Farms
OK65,Cushing Hospital
OK66,Stillwater - Cottonwood
OK67,Duncan - Ramsak
OK68,Bokchito - 6B
OK69,Bristow - Malinchak Pvt
OK70,Hinton - Niles Canyon Ranch
OK71,Carrier - Tlc
OK72,Chester - Trust Landing
OK73,Henryetta - Hillcrest Hospital
OK74,Ashland - Flying H
OK76,Tulsa - Channel 8
OK77,Hydro - Mound Valley Farm
OK78,Chelsea - Delozier
OK79,Temple
OK80,Ada - Thomas Ranch
OK81,Marlow - Brown Airstrip
OK82,Altus - Scottys
OK83,Waurika - Jefferson County Hospital
OK84,Whittaker Army
OK85,Ardmore - Goddard Ranch
OK86,Stroud Hospital
OK87,Jay - Center
OK88,South Coffeyville - Airstrip
OK89,Marlow - L&L
OK90,Duncan - Rocket Ranch
OK91,Marlow - Malcom Farm
OK92,Wetumka
OK93,Collinsville - Airman Acres
OK94,Collinsville - Sandridge
OK95,Disney
OK96,Wellston - Ives
OK97,Duncan - Ketchum Ranch
OK98,Burns Flat - Lynn
OK99,Drummond - Sheridan
OKAJ,Ahmed Al Jaber Ab
OKAS,Okas
OKDI,Udairi Army
OKKK,Kuwait City
OL02,Echo - West
OL03,Happy Valley
OL04,Tahlequah - Hospital
OL05,Molalla Skydive
OL06,Bristow
OL07,Carnegie Hospital
OL08,Cheyenne - L J Pankey
OL09,Cooperton - Jennings Ranch
OL10,Hydro - Waters Boone
OL11,Durant Alliancehealth
OL12,Perry - Red Rock
OL14,Ketchum - Harbor'S In
OL15,Midwest City Rgnl
OL16,Oklahoma City - Mercy Health Center
OL17,Stilwell Meml
OL18,Watonga - Flying D
OL19,Skiatook - Kourtis Family Farm
OL20,Wagoner - Whitehorn Cove
OL21,Ponca City - Eagles Landing
OL23,Cashion - Jirik
OL24,Luther - Ronka Rhey
OL25,Cleo Springs - Eagle Chief
OL26,Boswell - Goaround
OL27,Marietta - Faith
OL28,Geary - Ranch
OL29,Elgin - Echo Mountain
OL30,Wanette - Flying S Ranch
OL31,Coweta - Red Baron Ranch
OL32,Chouteau - Flat Rock
OL33,Norman Healthplex
OL34,Wilburton Medical
OL35,Mounds - Aviation Acres
OL36,Pawhuska - Trophy Ridge
OL37,Connerville - Cooper Coles Ranch
OL38,Poteau - Bratton
OL39,Stroud - Midway
OL40,Cushing - Patti Air Strip
OL41,Calvin - Lobo
OL42,Spiro - Semper Fi Lndg
OL43,Catoosa Port
OL44,Retrop - Porter
OL45,Oklahoma City - Tornado Allie
OL46,Erick - Reed Aero
OL47,Wewoka - Hallum Ranch
OL48,Haskell - Wingit
OL49,Blanchard - Walnut Creek Landing
OL50,Hollis - Harmon
OL54,Ardmore - Exceptional Community Hospital
OL55,Perkins - Blackberry Hill
OL56,Guthrie - Gk Edwards
OL60,Catoosa - Stol In
OL68,Bristow - B&S Ranch
OL92,Bartlesville - Hi-Way
OL99,Homer - Lookout
OLBA,Beirut
OLKA,Tripoli - Rene Mouawad Air
OLRA,Rayak
OMAA,Abu Dhabi
OMAB,Omab
OMAD,Omad
OMAF,Omaf
OMAH,Omah
OMAJ,Omaj
OMAL,Al Ain
OMAM,Omam
OMAQ,Qarnayn Island
OMAR,Arzanah Island
OMAS,Das Island
OMAZ,Zirku Island
OMBY,Omby
OMDB,Dubai
OMDL,Omdl
OMDM,Dubai - Al Minhad
OMDW,Jebel Ali - Al Maktoum
OMFJ,Omfj
OMRK,Ras Al Khaimah
OMRS,Omrs
OMSJ,Sharjah
OMU9,Pilot Grove - Kollmeyer
OMUQ,Omuq
OOBR,Buraimi
OODQ,Duqm
OOFD,Fahud
OOFQ,Firq
OOGB,Ghaba - Qarn Alam
OOHA,Haima
OOIA,Ibra
OOIZ,Izki
OOKB,Khasab
OOLK,Oolk
OOMA,Masirah
OOMS,Muscat
OOMX,Marmul
OORQ,Al Muladdah - Rustaq
OOSA,Salalah
OOSH,Sohar
OOSQ,Saiq
OOSR,Sur
OOTH,Thumrait
OOYB,Yibal Oilfield
OP10,Chuchra - Thar
OP11,Mir Baz
OP13,Mad Jamu Kholelan
OP14,Belab
OP15,Khandor - Ouzkani
OP16,Khorewah
OP17,Dadu West
OP18,Kot  Addu
OP19,Kundian - Chashma
OP1A,Jam Nida
OP1Y,Hafizabad - Chandhar
OP21,Velhari
OP22,Rajanpur
OP23,Thal
OP25,Gurha Salim
OP26,Khewra
OP27,Rahwali
OP28,Dhingar
OP31,Kashmor
OP32,Khairpur
OP33,Kandhkot
OP34,Nok Kundi
OP35,Juzzak
OP36,Op36
OP37,Pano Aqil
OPAB,Abbottabad
OPBG,Bhagatanwala
OPBL,Khan Bela
OPBN,Bannu
OPBR,Bahawalnagar
OPBW,Bahawalpur
OPCH,Chitral
OPCL,Chilas
OPCT,Nowshera - Chirat
OPDB,Dalbandin
OPDD,Dadu Apt
OPDG,Dera Ghazi Khan
OPDI,Dera Ismael Khan
OPDK,Daharki
OPFA,Faisalabad
OPGD,Gwadar
OPGT,Gilgit
OPIS,Islamabad
OPJA,Jacobabad - Shahbaz Air Base
OPJI,Jiwani
OPKA,Cape Monz
OPKC,Karachi - Jinnah
OPKD,Hyderabad
OPKE,Chore
OPKF,Gharo
OPKH,Khuzdar
OPKK,Karachi - Korangi Creek
OPKL,Kalat
OPKN,Kharan
OPKT,Kohat
OPLA,Lahore - Alama Iqbal
OPLH,Walton Apt
OPLL,Loralai
OPMA,Mangla
OPMF,Muzaffarabad
OPMI,Mianwali
OPMJ,Moenjodaro
OPMK,Mirpur Khas
OPMN,Miram Shah
OPMP,Sindh
OPMR,Karachi - Masroor Air Base
OPMS,Kamra - Minhas Air Base
OPMT,Multan
OPNH,Nawabash - Nawabshah
OPNK,Nushki
OPOK,Okara
OPOR,Ormara Raik
OPPC,Parachinar
OPPG,Panjgur
OPPI,Pasni
OPPN,Pishin
OPPS,Peshawar
OPQS,Qasim
OPQT,Quetta
OPRK,Rahim Yar Khan - Shaikh Zaid
OPRN,Islamabad - Benazir Bhutto
OPRQ,Shorkot - Rafiqui Air
OPRS,Risalpur
OPRT,Rawalakot
OPSB,Sibi
OPSD,Skardu
OPSF,Karachi - Faisal Air Base
OPSK,Mirpur Khas - Sukkur
OPSN,Sehwan Sharif
OPSP,Shekhupura
OPSR,Sargodha - Mushaf Air Base
OPSS,Saidu Sharif
OPST,Sialkot
OPSU,Sui
OPSW,Sahiwal
OPTA,Tarbela
OPTH,Badin - Talhar
OPTT,Taftan
OPTU,Turbat
OPWN,Waana - Wana
OPZB,Fort Sandeman - Zhob
OR00,Beaverton - Flying K Ranch
OR01,Imnaha - Temperance Creek Usfs
OR02,Redmond - River Run Ranch
OR03,Union - Redtail Ranch Airstrip
OR04,Bend - Kennel Airstrip
OR05,Yamhill - Flying M
OR06,Medford - Snider Creek
OR07,Long Creek - Weddle
OR08,Diamond - Barton Lake Ranch
OR09,Fields - Whitehorse
OR10,Frenchglen - Roaring Springs Ranch
OR11,Haines - Jensens Strip
OR12,Homestead - Oxbow
OR13,Dayville - Wiley Creek
OR14,Juntura
OR15,Bend - Horseman
OR16,Arock - Ranch
OR17,Prairie City - Oxbow Ranch
OR18,Adams - Davis
OR19,Grants Pass - Center
OR20,Albany - Hemmingson
OR21,Albany - Miller Airstrip
OR22,Albany - Roppair
OR23,Astoria - Karpens
OR24,Aurora Hts
OR25,Aumsville - Flying E
OR26,Silverton Legacy
OR27,Banks - Chadwick
OR28,Beaverton - Harvey'S Acres
OR29,Beatty - Wild Billy
OR30,Bend - Ranch
OR31,Hillsboro - Sohler'S Holly Hill
OR32,Burns - Hooks Strip
OR33,Crescent Lake - Central
OR34,Sisters - Whippet
OR35,Boring - Ranch
OR36,Brookings - Garvins
OR38,Brooks - Western Helicopter Services
OR39,Corvallis - Flying Tom
OR40,Canby - Dietz
OR41,Canby - Workman
OR42,Prineville - Agape Farm
OR43,Hood River
OR44,Rogue River - Grave-King
OR45,Coburg - West
OR46,Condon - Ajax
OR47,Junction City - Strauch
OR48,Grants Pass - Placer
OR49,Coos Bay
OR50,Corbett - Lehman
OR51,Scio - Gillette
OR52,Corvallis - Venell
OR53,Wapinitia
OR54,Corvallis - Winn
OR55,Corvallis - Good Samaritan Hospital
OR56,Prineville - Weston Ranch
OR57,Creswell - Walker
OR58,Seaside Providence
OR59,Yamhill - Trivelpiece
OR60,Medford - Chamberlain
OR61,Buxton - Apple Valley
OR62,Lewiston - Cache Creek Usfs
OR63,Seaside
OR64,Enterprise - Beach Ranch
OR65,Estacada - Eagle Nest Ranch
OR66,Estacada - Beaver Oaks
OR67,Albany - Mitchell
OR68,Aurora - Columbia Helicopters
OR69,Eugene - Hospital
OR70,Halfway - Pine Valley
OR71,Ballston - Morgan'S
OR72,Boring - Fly Jla
OR73,Glendale - Calvert Peak
OR74,Grants Pass - Winkle Bar
OR75,Brownlee Village
OR76,Estacada - Cider Run
OR77,Aumsville - Beggs Airstrip
OR78,Harrisburg - Daniels
OR79,Redmond - Fallen Rock
OR8,Imnaha - Dug Bar Usfs
OR80,Lostine - Stonebrink
OR81,Hillsboro - Olinger
OR82,Albany - Pair-A-Dice
OR83,Oxbow Village
OR84,Prineville - Pearson Airstrip
OR85,Prineville - Hideaway
OR86,Jefferson - Gilmour Ag Air
OR87,Salem - Blue Skies Farm
OR88,Estacada - Valley View
OR89,Kinzua
OR9,Imnaha - Lord Flat Usfs
OR90,Lafayette Airstrip
OR91,Homestead - Big Bar
OR92,Echo - K2
OR93,Lincoln City
OR94,Brownsville - J & J
OR95,Mc Coy - Vineyard
OR96,Medford - Beagle Sky Ranch
OR97,Sweet Home
OR98,John Day - Odf
OR99,Medford - Center
ORAA,Hit - Al Asad Air
ORAT,Al Habbaniyah
ORBB,Bamarni
ORBD,Balad
ORBI,Baghdad
ORBM,Mosul
ORBR,Bashur
ORER,Arbil - Erbil
ORI,Port Lions
ORKK,Kirkuk
ORMM,Basra
ORNI,Najaf
ORQW,Qayyarah
ORSH,Al Sahra Army
ORSU,Sulaymaniyah
ORTF,Army
ORTI,Al Army
ORTL,Nasiriyah - Ali Air Base
ORUB,Al Cut
ORUQ,Oruq
OS58,Hama - Hamah Air
OS59,Os59
OS61,Os61
OS62,Os62
OS63,Marj Ruhayyil
OS65,Shayrat
OS66,Os66
OS67,Os67
OS68,Saiqal
OS73,Os73
OSAP,Aleppo
OSDI,Damascus
OSDZ,Deir Ez-Zor
OSKL,Kamishly
OSLK,Latakia - Bassel Al Assad
OSPR,Ospr
OTBD,Doha
OTBH,Ar Rayyan - Al Udeid
OTBK,Al Khawr
OTHH,Doha - Hamad
OY75,Oy75
OYAA,Aden
OYAB,Oyab
OYAT,Oyat
OYBA,Oyba
OYBI,Al-Bayda
OYBN,Oybn
OYBQ,Al-Bough
OYGD,Oygd
OYHD,Hodeida - Hodeidah
OYKM,Kamaran
OYMB,Mareb
OYMS,Oyms
OYQN,Qishn
OYRN,Riyan - Mukalla
OYRT,Barat
OYSF,As Salif
OYSH,Sadah
OYSN,Sana'A
OYSQ,Socotra Islands
OYSY,Sayun
OYTZ,Ta'Izz
OYZM,Al-Hazm
P01,Ajo - Eric Marcus
P03,Douglas - Cochise College
P04,Bisbee
P08,Coolidge
P10,Polacca
P13,Globe - San Carlos Apache
P14,Holbrook
P15,Pittsfield - Brokenstraw
P16,Palmyra Island Atoll
P17,Breezewood
P18,Phoenix - Papago Ahp
P19,Chandler - Stellar
P20,Parker - Avi Suquilla
P23,Seligman
P29,Tombstone
P33,Willcox - Cochise County
P34,Mifflintown
P45,Mount Pleasant Scottdale
P52,Cottonwood
P72,Philadelphia - Penn'S Landing
P91,Germansville - Flying M Aerodrome
P96,Jersey Shore
P99,Mount Pleasant - S
PA01,Linesville - Merrys
PA02,Mc Kean - Dillen Personal
PA03,Philadelphia - Of
PA04,Brookville Penn
PA05,Point Pleasant - Monesmith
PA06,Anchorage - Pacer Place
PA07,Newburg - Derick
PA08,Greencastle - Jj & Pk
PA10,Dubois Penn
PA11,Gettysburg Wellspan
PA13,Stroudsburg - St Lukes Monroe
PA14,Gettysburg - Battlefield
PA15,Martins Creek - Couillard
PA16,Pittsburgh - Upmc Shadyside Hospital
PA17,Lawrenceville - Canaan
PA18,Mill Hall - Buzzards
PA19,Elkdale - Strizki
PA20,Erie - Gliderport
PA21,West Middlesex
PA22,Greensburg - West
PA23,Lehighton - Sl Carbon Campus
PA24,Latrobe Excela
PA25,Quaker City - Cuatros
PA26,Allentown - Wxkw
PA27,Allentown - Butz
PA28,Greensburg - Excela Health
PA29,Mount Pleasant - Hospital
PA30,Andreas - East
PA31,Annville - Rover
PA32,Ashland - Center
PA33,Athens - Lars/Private
PA34,Easton - St Lukes Anderson
PA35,Bally - Area 52
PA36,Bedminster - Stefanik
PA37,Mahanoy - Sci
PA38,Connellsville - Penn Highlands Hospital
PA39,Philadelphia - Center
PA40,Benton
PA41,Butler Hospital
PA43,Callery - Foley
PA44,Linglestown - Black Landing
PA45,Bodines - Logue
PA46,Greenville Upmc
PA47,Gettysburg - Cloudbound
PA48,Harrisburg - Spirit
PA49,Greentown - Inc
PA50,Bloomsburg Hospital
PA51,Biglerville - Bowtie
PA52,Union City - Oberlander
PA53,Carbondale - Cosklos Elkview
PA54,Carbondale - Kellachows
PA55,Carlisle - Neiderer
PA56,Cranberry Upmc
PA57,Grove City Medical
PA58,Chambersburg - Rocktop
PA59,Canonsburg - Baker
PA60,Chambersburg
PA61,Collegeville - Kunda
PA62,Philadelphia - Temple University
PA63,Pittsburgh - Wpxi-Tv Evergreen Road
PA65,Coplay - Hi-Vu
PA66,Greencastle - Cumberland Valley Airstrip
PA67,Canonsburg Allegheny
PA68,Nazareth - Bugs
PA69,Dillsburg - Vogelsong
PA70,Downingtown - Fetters Construction
PA71,Dushore - Dwight'S Delight
PA72,East Berlin - Circle W
PA73,East Prospect - D.Evans Farm
PA74,Elizabethville/Halifax - Gusler
PA75,Elkland - Baker
PA76,Wilkes Barre - Rosenzweig
PA77,Erwinna
PA78,Philadelphia - Lot
PA79,Erwinna - Farms
PA80,Fountain Hill - Luke'S
PA81,Fayetteville - 5 Lakes
PA82,Fleetville - Grayce Farms
PA83,Newburg
PA84,Thomasville - Level Acres Farm
PA85,Frederick - Drewniany-Springmeadow
PA86,Frystown - Krill Personal Use
PA87,Breinigsville
PA88,Farmington - Nemacolin
PA89,East Berlin - Ben
PA91,Kane
PA92,Hamburg - Pvt
PA93,Brick Church Village - Cherokee
PA94,Sharon Health
PA95,Harrisburg - Turnpike Nr 1
PA97,Warren General
PAAD,Deadhorse - Point Thomson Airstrip
PAAK,Atka
PAAL,Cold Bay - Port Moller
PAAM,Dutch Harbor - Force
PAAN,Fairbanks - Gold King Creek
PAAP,Port Alexander
PAAQ,Palmer Muni
PAAT,Attu - Casco Cove Cgs
PABA,Barter Island
PABE,Bethel
PABG,Beluga
PABI,Delta Junction Ft Greely - Allen Aaf
PABK,Pabk
PABL,Buckland
PABM,Big Mountain
PABN,Nabesna - Devils Mountain Lodge
PABP,Deadhorse - Badami
PABR,Utqiagvik - Meml
PABT,Bettles
PABU,Kaktovik - Force
PABV,Birchwood
PACA,Cape Spencer
PACD,Cold Bay
PACE,Central
PACH,Chuathbaluk
PACI,Chalkyitsik
PACJ,Crooked Creek
PACK,Chefornak
PACL,Clear
PACM,Scammon Bay
PACR,Circle City
PACS,Cape Sarichef
PACV,Cordova - Smith
PACX,Coldfoot
PACY,Yakataga
PACZ,Cape Romanzof
PADE,Deering
PADG,Red Dog
PADK,Adak Island
PADL,Dillingham
PADM,Marshall Don
PADQ,Kodiak
PADU,Unalaska
PADY,Kongiganak
PAED,Elmendorf Afb
PAEE,Eek
PAEG,Eagle
PAEH,Cape Newenham
PAEI,Eielson Afb
PAEL,Elfin Cove
PAEM,Emmonak
PAEN,Kenai
PAEW,Mertarvik
PAFA,Fairbanks
PAFB,Fairbanks/Ft Wainwright - Ladd Aaf
PAFE,Kake
PAFK,Farewell Lake
PAFL,Farewell Lake - Tin Creek
PAFM,Ambler
PAFR,Fort Richardson (Anchorage) - Bryant Aaf
PAFS,Nikolai
PAFV,Five Mile
PAFW,Farewell
PAGA,Galena - Edward G Pitka
PAGB,Galbraith Lake
PAGG,Kwigillingok
PAGH,Shungnak
PAGK,Gulkana
PAGL,Golovin
PAGM,Gambell
PAGN,Angoon
PAGQ,Big Lake
PAGS,Gustavus
PAGT,Nightmute
PAGX,Grayling
PAGY,Skagway
PAGZ,Granite Mountain
PAHC,Holy Cross
PAHE,Tahneta Pass Lodge
PAHL,Huslia
PAHN,Haines
PAHO,Homer
PAHP,Hooper Bay
PAHU,Hughes
PAHV,Healy
PAHX,Shageluk
PAHY,Hydaburg
PAIG,Igiugig
PAII,Egegik
PAIK,Kiana - Bob Baker
PAIL,Iliamna
PAIM,Utopia Creek - Indian Mountain Lrrs
PAIN,Mckinley Park Mc
PAIW,Wales
PAJC,Chignik
PAJN,Juneau
PAJO,Hinchinbrook - Johnstone Point
PAJV,Sutton - Jonesville Mine
PAJZ,Koliganek
PAKA,Tatitlek
PAKC,Coffman Cove
PAKD,Kodiak Muni
PAKF,False Pass
PAKH,Akhiok
PAKI,Kipnuk
PAKK,Koyuk
PAKL,Kulik Lake
PAKN,King Salmon
PAKO,Nikolski
PAKP,Anaktuvuk Pass
PAKT,Ketchikan Intl
PAKU,Kuparuk - Ugnu
PAKV,Kaltag
PAKW,Klawock
PAKX,Port Alsworth - Wilder Runway
PAKY,Karluk
PALB,Larsen Bay
PALG,Kalskag
PALH,Anchorage - Lake Hood
PALJ,Port Alsworth
PALN,Lonely
PALP,Nuiqsut - Alpine Airstrip
PALR,Chandalar Lake
PALT,Tuluksak
PALU,Cape Lisburne
PAMB,Manokotak
PAMC,Mc Grath
PAMD,Middleton Island
PAMH,Minchumina
PAMK,St Michael
PAML,Manley Hot Springs
PAMM,Metlakatla
PAMO,Mountain Village
PAMR,Anchorage - Merrill
PAMX,Mccarthy
PAMY,Mekoryuk
PANA,Napakiak
PANC,Anchorage Intl
PANI,Aniak
PANN,Nenana
PANO,Nondalton
PANR,Funter Bay
PANT,Annette
PANU,Nulato
PANV,Anvik
PANW,New Stuyahok
PAOB,Kobuk
PAOC,Portage Creek
PAOH,Hoonah
PAOM,Nome
PAOO,Toksook Bay
PAOR,Northway
PAOT,Kotzebue - Ralph Wien
PAOU,Nelson Lagoon
PAPB,St George
PAPC,Port Clarence
PAPE,Perryville
PAPG,Petersburg James
PAPH,Port Heiden
PAPK,Napaskiak
PAPM,Platinum
PAPN,Pilot Point
PAPO,Point Hope
PAPR,Prospect Creek
PAQH,Quinhagak
PAQT,Nuiqsut
PARC,Arctic Village
PARS,Russian Mission
PARY,Ruby
PASA,Savoonga
PASC,Deadhorse
PASD,Sand Point
PASH,Shishmaref
PASI,Sitka Rocky
PASK,Selawik
PASL,Sleetmute
PASM,St Mary'S
PASN,St Paul Island
PASO,Seldovia
PASP,Sheep Mountain
PAST,Summit
PASV,Sparrevohn
PASW,Skwentna
PASX,Soldotna
PASY,Shemya - Eareckson As
PATA,Tanana - Ralph M Calhoun
PATC,Tin City
PATE,Teller
PATG,Togiak Village
PATJ,Tok
PATK,Talkeetna
PATL,Takotna - Tatalina Lrrs
PATM,Taylor Mountain Mine
PATQ,Atqasuk
PATW,Cantwell
PAUK,Alakanuk
PAUM,Umiat
PAUN,Unalakleet
PAUO,Willow
PAUT,Akutan
PAVA,Chevak
PAVC,King Cove
PAVD,Valdez Pioneer
PAVE,Venetie
PAVL,Kivalina
PAWB,Beaver
PAWD,Seward
PAWG,Wrangell
PAWI,Wainwright
PAWM,White Mountain
PAWN,Noatak
PAWR,Whittier
PAWS,Wasilla
PAWT,Wainwright As
PAXK,Paxson
PAYA,Yakutat
PAZK,Eureka - Skelton
PCIS,Abariringa - Canton
PEC,Pelican
PFAK,Akiak
PFAL,Allakaket
PFCB,Chenega
PFCL,Clarks Point
PFCR,Crooked Creek Donlin
PFEL,Elim
PFKA,Kasigluk
PFKK,Kokhanok
PFKO,Kotlik
PFKP,Point Baker
PFKT,Brevig Mission
PFKU,Koyukuk
PFKW,Kwethluk
PFMP,Rampart
PFNO,Noorvik - Robert/Bob/Curtis Meml
PFNU,Nuiqsut - Oooguruk Island
PFSH,Shaktoolik
PFSV,Stevens Village
PFTK,Taku Lodge
PFTO,Tok Junction
PFWS,South Naknek
PFYU,Fort Yukon
PFZK,Akiachak
PG1,Levant - Griffin
PGM,Port Graham
PGRO,Rota Island - Benjamin Taisacan Manglona
PGSN,Saipan Island - Francisco C Ada
PGUA,Andersen Afb
PGUM,Guam
PGWT,Tinian Island - Francisco Manglona Borja
PHBK,"Kekaha,Kauai - Barking Sands Pmrf"
PHDH,Mokuleia - Kawaihapai
PHHF,Tern Island - French Frigate Shoals
PHHI,Wahiawa - Wheeler Aaf
PHHN,Hana
PHJH,Lahaina - Kapalua
PHJR,Kapolei - Kalaeloa
PHKO,Kailua-Kona
PHLI,Lihue
PHLU,Kalaupapa
PHMK,Kaunakakai - Molokai
PHMU,Kamuela - Waimea-Kohala
PHNG,Kaneohe
PHNL,Honolulu - Daniel K Inouye
PHNP,Ford Island Auxiliary Landing Navy
PHNY,Lanai City
PHOG,Kahului
PHPA,Hanapepe - Port Allen
PHSF,Bradshaw Army
PHTO,Hilo Intl
PHUP,Hawi - Upolu
PKMA,Enewetak
PKMJ,Majuro Atoll - Amata Kabua
PKRO,Roi-Namur - Dyess Aaf
PKSA,Kaieteur Falls
PKWA,Kwajalein - Bucholz Aaf(Kwajalein Kmr)(Atoll
PLCH,Banana - Cassidy
PLFA,Tabuaeran Island
PLPA,Palmyra Island Atoll
PLWN,Teraina - Washington
PMDY,Midway Atoll - Henderson
PN00,Sassamansville - Crosswinds
PN01,Dorseyville - Cedar Run
PN02,East Brady - Offutt Acres
PN03,Abington
PN04,Ebensburg - Strittmatter
PN06,Edinboro - Carlson
PN08,Chambersville - Davis
PN09,Coudersport - Upmc Cole
PN10,Ulster - Cash Creek
PN11,Enon Valley - Reno
PN12,Sweet Valley
PN13,Sigel - Flying
PN14,Ren Frew - Misty Hill Farm
PN15,Coudersport - Greeley
PN16,Evans City - Pabst
PN17,Stewartstown - Marsteller
PN18,Fairview Evergreen
PN19,Foxburg - Hunts Cove
PN20,Reading - Car Tech
PN21,Troy - Mc Clure
PN22,Bradford - Area
PN23,Pittsburgh University
PN24,Freeport - Snider
PN25,Freeport - Lindsay
PN26,Pittsburgh - St Clair Hospital
PN28,Doylestown - Campbell'S
PN29,Stevens
PN30,Cassville - Schrenkel
PN31,Grove City - Sagulla
PN32,Indiana Medical
PN33,Gettysburg - Air Methods
PN34,Coatsville - Piasecki Heliplex
PN35,Harrisonville - Flying R
PN36,Home - Ruffner
PN37,Hookstown - Fino
PN38,Culmerville
PN39,New London - Founding Fathers
PN40,North East - Moorhead
PN42,Indiana - Practice Football
PN43,Montrose - Tigertown
PN44,North Wales - Merck/Upper Gwynedd
PN45,Wilkes-Barre - Center
PN46,Apollo - River Hill Aviation
PN47,Sellersville - Grand View Hospital
PN48,Germansville - Bullfly Ultralightport
PN49,Kittanning - Dunbar
PN50,Shoemakersville - Skyline Airstrip
PN52,Cochranville - Mike'S
PN53,Loretto - Strohmier
PN54,Columia Cross Roads - Akm
PN55,Mc Clellandtown - Skala
PN56,Catawissa - Maciejewski Farm
PN57,Marion Center
PN58,Waynesboro - Bittner/Whitsel
PN59,Kittanning - Stitt
PN60,Lehighton - Motola'S Paving
PN62,Midway - Cataney
PN63,Sanatoga - Limerick Generating Station
PN64,Huntingdon - Hilling
PN66,New Alexandria - Dunlea
PN68,New Galilee - Jackson
PN69,Malvern - Altemose
PN70,Port Royal - Kint Farm
PN71,Richfield - Jansen Vineyards
PN72,Strongstown - Rocky Hollow
PN73,Orbisona/Rockhill - Beers Farm
PN74,Troy Guthrie
PN75,Wilkes-Barre General
PN76,Seneca - Upmc Northwest
PN78,Pittsburgh - Rooftop
PN79,Pittsburgh - Passavant Hospital
PN80,Pittsburgh - West
PN82,Whitehall - Dvs
PN83,Cressona
PN84,Portersville - Lake Arthur
PN85,State College - Linden Hall Landing
PN86,Minersville - 1
PN89,Ridgway
PN90,Roulette - Ranch-Aero
PN91,Sabinsville - Sharretts
PN94,Wiconisco
PN95,Scenery Hill - Horne
PN98,Berlin - Dream
PN99,Sharon - Lackawannock
PO1,Poplar
PODC,Dahl Creek
POKA,Tununak
POKW,Waterfall
POLI,Oliktok Point
POOH,Hoonah
POWS,Steamboat Bay
PPCT,Takotna
PPDM,Diomede
PPIT,Nunapitchuk
PPIZ,Point Lay
PPNU,Nuiqsut - Otp
PPWR,Port Walter
PR02,Toa Alta - Prasa La Plata
PR03,Fajardo
PR04,Humacao - Squibb
PR06,Culebra - Hill
PR07,Las Piedras - Boqueron
PR09,Mayaguez - Sabalos Ward
PR10,Cabo Rojo - Boqueron
PR11,Puerto Nuevo - Rexach Office Building
PR13,San Juan - Two
PR14,Jayuya - Orama-Iayuya
PR15,Lajas - Parguera
PR16,San Juan - Banco Popular Center
PR17,San Juan - Prasa-Barbosa
PR19,Orocovis
PR20,Adjuntas
PR21,Guaynabo - Fort
PR23,Aibonito - Baxter
PR24,Boqueron - Cullingford
PR25,Lajas
PR26,Fajardo - Villa Marina
PR27,San Juan - The Vanderbilt Residences
PR28,Isabela - R H
PR29,Mayaguez - Villamil Mall
PR30,San Juan - Prtc Office Building
PR31,Humacao - Unicentro
PR33,Bayamon
PR34,San Juan
PR41,San Lorenzo - Palacio Santa Ana
PR42,San Juan - Pedras
PR68,Hato Rey - Mora Development Corp
PR93,San Lorenzo
PR99,San Juan - Puerto
PRNO,Prno
PS00,Dauphin - Tallman West
PS01,Croydon - Sterling
PS02,Newville - Heberlig
PS03,Perkasie - Path
PS05,Albion - G & N
PS06,Beaver Springs - Snook
PS07,Coaldale - Hospital
PS08,Dover - Lazy B Ranch
PS11,Burnham - Mc Cardle Farm
PS12,Weatherly - Grover
PS13,Ridley Park - Boeing
PS15,Altoona - Vicars Private
PS16,Philadelphia - Holy Redeemer Hospital
PS17,Kennett Square - Marlboro Corporate Park
PS18,Bradford - Pecora
PS20,Pine Grove - Fairview Farm
PS21,Dalmatia - Flying Eagle
PS22,Hazleton Lehigh
PS23,Thompsontown
PS25,Gettysburg - Captain'S Folly
PS27,Addison - Juergensen
PS29,Solebury - Sugan Pond
PS34,Worcester - North
PS35,York - Stone
PS37,Muncy Geisinger
PS38,Birdsboro - Pottstown - Bert
PS39,Clymer - Downes
PS40,Eckley - Tri-County
PS41,Farrell - Upmc-Horizon Hospital/Shenango Campus
PS42,Ulysses - Hoopes Family Farm
PS43,Volant - Barnes Farmland
PS44,Bellwood - Operations Center
PS45,Red Lion - Mission Destiny
PS46,Dublin - Graystrip
PS47,Ebensburg - Hamilton Hill
PS48,Larksville Borough
PS49,Garrett - Hartman
PS50,Harford - Msm
PS52,Johnstown - Farms
PS53,Patton - Inc.
PS54,Perkasie - Gunden
PS55,Philadelphia - Core States 1St
PS56,Gettysburg - Morris
PS57,State College - Center
PS58,Lancaster - Center
PS59,Dickson City
PS61,Tidioute
PS64,Cambridge Springs - Morton'S
PS65,Chester - Crozer
PS66,Clarion - Parker-Cramer
PS67,Claysville - Uphill
PS68,Doylestown - Buckingham
PS69,Flinton - Barnhart
PS70,Friedensburg - Cider
PS71,Langhorne - Center
PS72,Lionville - Haig-K
PS73,Mackeyville - Poverty
PS74,Nazareth - Hahn
PS78,Pittsburgh Center
PS80,Quakertown - Robbins Nest
PS81,Sayre - Robert Packer Hospital
PS82,Springbrook - Lazy J Ranch
PS83,Upper Merion Township - Glaxosmithkline Llc
PS87,Ellsworth/Bentleyville - Home Safe
PS91,Johnstown - Center
PS92,Lebanon - Va Medical Center
PS95,Pottsville - Mazzuca
PS98,Smicksburg - Travis
PS99,Tamaqua - West Penn Township
PTKK,Weno Island - Chuuk
PTPN,Pohnpei Island
PTRO,Babelthuap Island - Palau
PTSA,Kosrae
PTYA,Yap Island
PWAK,Wake Island
PYL,Perry Island
R03,Alkali Lake
R33,Waldport - Wakonda Beach State
R47,Leipsic - Ruhes
R49,Republic - Ferry County
RBLA,Sierra Blanca
RC0,Clinton - Rock Creek
RCAY,Gangshan Afb
RCBS,Shang-I - Kinmen
RCCM,Rccm
RCDC,Pingtung South
RCDI,Longtan Township
RCFG,Nangang Island - Matsu Nangan
RCFN,Taitung City Apt
RCGI,Lyudao
RCGM,Taoyuan City
RCKH,Kaohsiung City
RCKU,Chiayi City
RCKW,Hengchung - Hengchun
RCLG,Taichung City Apt
RCLM,Rclm
RCLY,Orchid Island - Lanyu
RCMQ,Taichung City Apt
RCMT,Beigan Island
RCNN,Tainan City
RCPO,Hsinchu City
RCQC,Makung City
RCQS,Taitung City - Chihhang Air Base
RCSQ,Pingtung North
RCSS,Taipei City
RCTP,Taiwan
RCWA,Wang-An
RCYU,Hualien City
RDV,Red Devil
RHST,Rhst
RI01,Warwick - Hospital
RI02,Cumberland - Grayrock Ridge
RI07,Tiverton - Wing-Over Farm
RI08,Wakefield - South
RI11,Greene - Riconn
RI13,West Kingston - Foxridge Farm
RI20,Cranston - Mystery Farm
RI21,Newport - Goat Island
RI23,Westerly Hospital
RI25,Rhode Island Hospital
RI26,Woonsocket - Landmark Medical Center
RI28,Glocester - Plouffe Landing
RI30,Charlestown - East
RJ04,Rj04
RJAA,Tokyo - Narita
RJAF,Matsumoto
RJAH,Omitama - Hyakuri
RJAK,Rjak
RJAM,Rjam
RJAN,Rjan
RJAW,Rjaw
RJAZ,Kozushima
RJBB,Osaka - Kansai
RJBD,Shirahama
RJBE,Kobe
RJBH,Hiroshima Hiroshimanishi
RJBK,Rjbk
RJBT,Tajima
RJCA,Rjca
RJCB,Obihiro - Tokachi
RJCC,Chitose / Tomakomai
RJCH,Hakodate
RJCJ,Rjcj
RJCK,Kushiro
RJCM,Ozora - Memanbetsu
RJCN,Nakashibetsu
RJCO,Sapporo - Okadama
RJCR,Rjcr
RJCT,Rjct
RJCW,Wakkanai
RJDA,Rjda
RJDB,Iki
RJDC,Yamaguchi
RJDK,Kamigoto
RJDM,Rjdm
RJDO,Rjdo
RJDT,Tsushima
RJDU,Rjdu
RJEB,Monbetsu
RJEC,Asahikawa
RJEO,Rjeo
RJER,Rishiri
RJFA,Rjfa
RJFC,Rjfc
RJFE,Goto - Fukue
RJFF,Fukuoka
RJFG,Rjfg
RJFK,Kagoshima
RJFM,Miyazaki
RJFN,Rjfn
RJFO,Oita
RJFR,Kitakyushu
RJFS,Saga
RJFT,Kumamoto
RJFU,Nagasaki
RJFY,Rjfy
RJFZ,Rjfz
RJGG,Tokoname - Chubu Centrair
RJKA,Amami
RJKB,Rjkb
RJKI,Rjki
RJKN,Tokunoshima
RJNA,Nagoya
RJNF,Fukui
RJNG,Gifu
RJNH,Rjnh
RJNK,Kanazawa - Komatsu
RJNO,Okinoshima - Oki
RJNS,Rjns
RJNT,Toyama
RJNW,Wajima - Noto
RJNY,Rjny
RJOA,Hiroshima Apt
RJOB,Okayama
RJOC,Izumo
RJOE,Rjoe
RJOF,Rjof
RJOH,Yonago
RJOI,Iwakuni Corps Marine
RJOK,Kochi
RJOM,Matsuyama
RJOO,Osaka
RJOR,Tottori
RJOS,Tokushima
RJOT,Takamatsu
RJOW,Masuda - Iwami
RJOY,Yao
RJOZ,Rjoz
RJSA,Aomori
RJSC,Yamagata
RJSD,Rjsd
RJSF,Fukushima
RJSH,Rjsh
RJSI,Rjsi
RJSK,Akita
RJSM,Misawa
RJSN,Niigata
RJSO,Ominato - Jasdf
RJSR,Odate
RJSS,Sendai
RJST,Ishinomaki - Matsushima Air
RJSU,Rjsu
RJSY,Shonai
RJTA,Rjta
RJTC,Tokyo - Tachikawa
RJTE,Rjte
RJTF,Tokyo - Chofu
RJTH,Hachijojima
RJTJ,Tokyo - Iruma Air
RJTK,Rjtk
RJTL,Rjtl
RJTO,Izu Oshima
RJTQ,Miyakejima
RJTR,Rjtr
RJTT,Tokyo
RJTU,Rjtu
RJTY,Fussa - Yokota
RK1,Kavik River
RK13,Rk13
RK14,Rk14
RK15,Rk15
RK16,Rk16
RK17,Rk17
RK18,Rk18
RK19,Rk19
RK20,Rk20
RK21,Rk21
RK22,Rk22
RK24,Rk24
RK25,Rk25
RK27,Rk27
RK28,Rk28
RK29,Rk29
RK31,Rk31
RK32,Rk32
RK33,Rk33
RK34,Rk34
RK35,Rk35
RK36,Rk36
RK37,Rk37
RK38,Rk38
RK39,Rk39
RK40,Rk40
RK41,Rk41
RK42,Rk42
RK43,Rk43
RK44,Rk44
RK48,Rk48
RK49,Rk49
RK50,Rk50
RK52,Rk52
RK58,Rk58
RK5M,Rk5M
RK60,Rk60
RK6D,Rk6D
RK6O,Rk6O
RK82,Rk82
RKD1,Masan - G 802
RKJB,Rkjb
RKJJ,Gwangju
RKJK,Kunsan
RKJU,Jeon Ju
RKJY,Yeosu
RKNC,Chun Chon City - A-306
RKND,Rknd
RKNN,Rknn
RKNW,Wonju
RKNY,Sokcho / Gangneung - Yangyang
RKPC,Jeju City
RKPD,Rkpd
RKPE,Jinhae
RKPK,Busan - Gimhae
RKPS,Sacheon
RKPU,Ulsan
RKRA,Rkra
RKRB,Rkrb
RKRG,Rkrg
RKRK,Rkrk
RKRN,Rkrn
RKRO,Rkro
RKRP,Rkrp
RKSG,Rksg
RKSI,Incheon
RKSM,Rksm
RKSO,Rkso
RKSS,Seoul - Gimpo
RKSW,Rksw
RKTE,Rkte
RKTH,Pohang
RKTI,Rkti
RKTL,Rktl
RKTN,Daegu
RKTP,Seosan
RKTU,Cheongju
RKTY,Rkty
RKUC,Rkuc
RKUL,Rkul
ROAH,Naha
RODE,Rode
RODN,Rodn
ROIG,Ishigaki
ROKJ,Rokj
ROKR,Kerama
ROMD,Romd
ROMY,Miyako City
RORA,Aguni
RORE,Rore
RORH,Hateruma
RORK,Rork
RORS,Rors
RORT,Rort
RORY,Rory
ROTM,Rotm
ROYN,Royn
RP12,Rp12
RP13,Rp13
RP15,Rp15
RP16,Rp16
RP17,Rp17
RPEN,Rpen
RPLA,Rpla
RPLB,Olongapo City - Subic Bay
RPLC,Angeles City - Diosdado Macapagal
RPLE,Rple
RPLH,Rplh
RPLI,Laoag City
RPLJ,Jomalig
RPLK,Daraga - Legazpi Bicol
RPLL,Manila - Ninoy Aquino
RPLN,Palanan
RPLO,Cuyo
RPLP,Legazpi City
RPLR,Carmen
RPLS,Cavite City - Sangley Point Air
RPLT,Itbayat
RPLU,Rplu
RPLV,Rplv
RPLX,Corregidor
RPLY,Alabat Island
RPLZ,Rplz
RPMA,Surallah - Valley
RPMB,General Santos City
RPMC,Cotabato City - Awang
RPMD,Davao City - Francisco Bangoy
RPME,Butuan City - Bancasi
RPMF,Rpmf
RPMG,Dipolog City
RPMH,Rpmh
RPMI,Rpmi
RPMJ,Rpmj
RPML,Cagayan De Oro City
RPMM,Malabang
RPMN,Rpmn
RPMO,Ozamiz City - Labo
RPMP,Pagadian City
RPMQ,Rpmq
RPMR,Rpmr
RPMS,Surigao City
RPMU,Mapun - Cagayan De Sulu
RPMV,Ipil
RPMW,Rpmw
RPMY,Malaybalay City
RPMZ,Zamboanga City
RPNS,Del Carmen - Siargao
RPSB,Rpsb
RPSD,Taytay Airport
RPSG,Rpsg
RPSM,Rpsm
RPSP,Panglao
RPSV,Rpsv
RPUB,Baguio City - Loakan
RPUD,Daet
RPUE,Lucena
RPUF,Rpuf
RPUG,Rpug
RPUH,San Jose
RPUI,Iba
RPUJ,Castillejos
RPUK,Calapan City
RPUL,Rpul
RPUM,Rpum
RPUN,Naga
RPUO,Basco
RPUQ,Vigan City
RPUR,Baler - Juan C. Angara
RPUS,Rpus
RPUT,Tuguegarao City
RPUU,Bulan
RPUV,Virac
RPUW,Gasan - Marinduque
RPUX,Plaridel
RPUY,Cauayan City
RPUZ,Rpuz
RPVA,Tacloban City - Daniel Z. Romualdez
RPVB,Bacolod City
RPVC,Calbayog City
RPVD,Dumaguete City - Sibulan
RPVE,Malay - Godofredo
RPVF,Catarman
RPVG,Guiuan
RPVH,Hilongos
RPVI,Iloilo City
RPVJ,Masbate - Moises R. Espinosa
RPVK,Kalibo
RPVL,Mansalay - Wasig
RPVM,Lapu-Lapu City - Mactan Cebu
RPVO,Ormoc City
RPVP,Puerto Princesa City
RPVR,Roxas City
RPVS,San Jose - Evelio Javier
RPVT,Tagbilaran City
RPVU,Romblon
RPVV,Coron - Francisco B. Reyes
RPVW,Borongan City
RPVY,Rpvy
RPXX,El Nido
S00,Opheim
S01,Conrad
S03,Ashland Parker
S04,Condon Usfs
S05,Bandon
S09,Hot Springs
S10,Chelan Lake
S12,Albany Muni
S16,Copalis
S17,Graniteville - Twin Lakes
S18,Forks
S19,Mc Cormick
S20,Goldendale
S21,Sunriver
S23,Ione
S24,Fremont - Sandusky County
S25,Watford City
S27,Kalispell City
S28,Dunseith - Intl
S30,Lebanon State
S31,Lopez
S32,Cooperstown Muni
S33,Madras
S34,Plains
S35,Okanogan
S36,Kent - Norman Grier Fld
S37,Smoketown
S39,Prineville
S40,Prosser
S42,Springer
S43,Snohomish - Harvey
S44,Plains Muni
S45,Gleneden Beach - Siletz Bay State
S49,Vale - Miller Meml
S50,Auburn Muni
S51,Klamath Glen - Andy Mc Beth
S52,Winthrop - Methow Valley State
S59,Libby
S60,Kenmore
S64,Stanford
S66,Homedale
S68,Orofino
S69,Lincoln
S70,Othello Muni
S71,Chinook - Edgar G Obie
S72,St Maries - Jack A Buell
S73,Kamiah
S75,Payette
S76,Coeur D'Alene - Brooks
S77,Coeur D'Alene - Magee
S78,Emmett
S81,Indian Creek
S82,Kooskia
S83,Kellogg - Shoshone County
S84,Cottonwood Muni
S85,Culbertson - Big Sky
S87,Weiser
S88,Skykomish
S89,Craigmont
S90,Elk City
S92,Fish Lake
S93,Cle Elum
S94,Colfax - Center
S95,College Place - Martin
S97,Brewster - Anderson Fld
SA01,Cachi
SA02,Cafayate
SA03,Villa Minetti
SA05,Bell Ville
SA06,Saladillo - Santa Rita
SA07,Buta Ranquil - El Porton
SA10,Presidencia Roca - Estancia Don
SA11,Campo Arenal
SA12,Quemu Quemu
SA13,Tandil - Estancia La Estrella
SA15,Kaiken - Lago Fagnano North
SA16,La Puntilla Apt
SA17,Rio Cuarto
SA19,Puerto Deseado West
SA20,Neuquen - Loma La Lata
SA21,Colonia Veinticinco De Mayo
SA22,Salta - Santa Victoria
SA23,Apostoles
SA24,Calilegua
SA25,Canadon Seco
SA26,Bella Vista
SA27,Puerto Rosales
SA28,Trenque Lauquen Apt
SA29,Choele Choel
SA30,Colonia Catriel
SA31,San Nicolas Los
SA33,Comandante Luis Piedrabuena
SA34,Trelew
SA35,Andalgala
SA36,Saladillo
SA38,Las Lajas
SA39,Jujuy
SA40,San Juan
SA41,El Colorado
SA42,Santa Maria Apt
SA44,Londres/Belen
SA45,Frias
SA46,Fiambala
SAAA,San Antonio De Areco
SAAC,Concordia - Comodoro Pierrestegui
SAAG,Gualeguaychu
SAAI,Veronica - Punta Indio
SAAJ,Junin
SAAK,Isla Martin Garcia
SAAM,Puerto Ibicuy/Mazuraca - Mazaruca
SAAN,Pergamino
SAAP,Parana - Urquiza
SAAR,Rosario - Islas Malvinas
SAAU,Villaguay
SAAV,Santa Fe - Sauce Viejo
SABE,Buenos Aires - Jorge Newbery
SABP,Coronel Pringles
SACA,Santa Isabel - Cordoba - Cap D. Omar
SACC,La Cumbre
SACD,Cordoba - Coronel Olmedo
SACE,Santa Isabel - Cordoba - Militar
SACI,Pilar
SACL,Laguna Larga
SACM,Villa General Mitre
SACN,Ascochinga
SACO,Cordoba - Ambrosio Taravella
SACP,Chepes
SACQ,Monte Quemado
SACS,Villa De Soto
SACT,Gobernador Gordillo - Chamical
SACV,Villa De Maria De Rio Seco
SADF,San Fernando Apt
SADG,Monte Grande
SADJ,General Sarmiento - Mariano Moreno
SADL,La Plata
SADM,Moron Apt
SADO,Campo De Mayo
SADP,El Palomar
SADQ,Quilmes
SADR,Merlo
SADS,San Justo - Argentino
SADZ,La Matanza
SAEA,General Acha
SAEK,Laprida
SAEL,Las Flores
SAEM,Miramar
SAET,Trenque Lauquen
SAEZ,Ezeiza - Ministro Pistarini
SAFR,Rafaela
SAFS,Sunchales
SAFT,El Trebol
SAFV,Venado Tuerto
SAHC,Chos Malal
SAHE,Lafontaine - Caviahue
SAHI,Cipoletti
SAHR,General Roca - Arturo H. Illia
SAHS,Rincon De Los Sauces
SAHV,Victorica
SAHZ,Zapala
SAMA,General Alvear
SAMC,Cristo Redentor
SAME,Mendoza - El Plumerillo
SAMH,Valle Hermoso
SAMI,San Martin Apt
SAMJ,Jachal
SAML,Punta De Vacas
SAMM,Malargue - Comodoro D.R. Salomon
SAMP,La Paz
SAMQ,Mendoza
SAMR,San Rafael - Santiago Germano
SAMS,San Carlos Apt
SAMU,Uspallata
SANC,Catamarca
SANE,Santiago Del Estero - Vicecomodoro Angel D.
SANH,Rio Hondo - Las Termas
SANI,Tinogasta
SANL,La Rioja - Almonacid
SANO,Chilecito
SANR,Sanr
SANT,San Miguel De Tucuman - Benjamin Matienzo
SANU,San Juan - Domingo Faustino Sarmiento
SANW,Ceres Apt
SAOC,Rio Cuarto - Area De Material
SAOD,Villa Dolores
SAOE,Rio Tercero
SAOI,Villa Maria Del Rio Seco
SAOL,Laboulaye
SAOM,Marcos Juarez
SAOR,Villa Reynolds
SAOS,Merlo - Valle Del Conlara
SAOU,San Luis - Ojeda
SARC,Corrientes
SARD,Resistencia City
SARE,Resistencia Intl
SARF,Formosa Apt
SARG,General Paz - Caa Cati
SARI,Puerto Iguazu
SARL,Paso De Los Libres
SARM,Monte Caseros
SARP,Posadas - Jose De San
SARS,Presidencia Roque Saenz Pena - Termal
SARV,Villa Angela
SASA,Salta - Martin Miguel De
SASJ,San Salvador De Jujuy - Gobernador Horacio Guzman
SASL,Salar De Cauchari
SASM,Metan
SASO,Oran
SASQ,La Quiaca
SASR,Rivadavia
SAST,Tartagal - Enrique Mosconi
SATC,Clorinda
SATD,El Dorado Apt
SATG,Goya
SATI,Bernardo De Irigoyen
SATK,Las Lomitas - Alferez Armando Rodriguez
SATM,Mercedes
SATO,Obera
SATR,Reconquista
SATU,Curuzu Cuatia
SAVA,Piedra Del Aguila
SAVB,El Bolson
SAVC,Comodoro Rivadavia - E. Mosconi
SAVD,El Maiten
SAVE,Esquel - Antonio Parodi
SAVH,Las Heras
SAVJ,Ingeniero Jacobacci - H. R. Bordon
SAVM,Sarmiento - Lago Musters
SAVN,San Antonio Oeste - Exupery
SAVP,Paso De Los Indios
SAVQ,Maquinchao
SAVR,Alto Rio Senguerr - D. Casimiro Szlapelis
SAVS,Sierra Grande
SAVT,Rawson - Almirante Marco Andres
SAVV,Viedma / Carmen De Patagones - Gobernador Castello
SAVY,Puerto Madryn - El Tehuelche
SAWA,El Calafate - Lago Argentino
SAWB,Seymour Island - Marambio
SAWC,El Calafate
SAWD,Puerto Deseado Apt
SAWE,Rio Grande - Hermes Quijada
SAWG,Rio Gallegos - Civil N. Fernandez
SAWH,Ushuahia - Malvinas Argentinas
SAWJ,San Julian - Vazquez
SAWL,Tolwin (Lago Fagnano)/Observatorio Met(Tais)
SAWM,Rio Mayo
SAWO,Ushuahia - Estacion Aeronaval
SAWP,Perito Moreno
SAWR,Gobernador Gregores
SAWS,Chubut - Jose De San
SAWT,El Turbio - 28 De Noviembre
SAWU,Santa Cruz Apt
SAWZ,Sawz
SAYB,Sayb
SAYE,Hope Bay - Esperanza Base
SAYJ,South Shetland Archipielago- King George Island - Jubany Airbase
SAYO,Laurie Island - Orcadas Base
SAYS,Says
SAZA,Azul
SAZB,Bahia Blanca - Comandante Espora
SAZC,Coronel Suarez - Brigadier D.H.E. Ruiz
SAZD,Dolores
SAZE,Pigue
SAZF,Olavarria
SAZG,General Pico
SAZH,Tres Arroyos
SAZI,Bolivar Apt
SAZJ,Benito Juarez
SAZK,Cerro Catedral
SAZL,Santa Teresita
SAZM,Mar Del Plata - Astor Piazzola
SAZN,Neuquen - Presidente Peron
SAZO,Necochea
SAZP,Pehuajo - Pedro Zanni
SAZQ,Rio Colorado
SAZR,Santa Rosa Apt
SAZS,San Carlos De Bariloche
SAZT,Tandil - Heroes De Malvinas
SAZU,Puelches
SAZV,Villa Gesell
SAZW,Cutral-Co
SAZX,Nueve De Julio
SAZY,Chapelco/San Martin De Los Andes - Aviador C. Campos
SBAA,Conceicao Do Araguaia
SBAC,Sbac
SBAE,Bauru Arealva
SBAF,Rio De Janeiro Apt
SBAM,Amapa
SBAN,Anapolis - Base
SBAQ,Araraquara
SBAR,Aracaju - Santa Maria
SBAS,Assis - Marcelo Pires Halzhausen
SBAT,Alta Floresta
SBAU,Aracatuba
SBAX,Araxa
SBBE,Belem - Julio Cezar Ribeiro
SBBG,Bage - Comandante Gustavo Kraemer
SBBH,Belo Horizonte - Andrade
SBBI,Curitiba - Bacacheri
SBBP,Braganca Paulista - Aeroporto Estadual
SBBQ,Barbacena - Brigadeiro Doorgal Borges
SBBR,Brasilia - Presidente Juscelino Kubistschek
SBBT,Barretos - Chafei Amsei
SBBU,Bauru Apt
SBBV,Boa Vista - Atlas Brasil
SBBW,Barra Do Garcas
SBBZ,Cabo Frio - Modiano
SBCA,Cascavel
SBCB,Cabo Frio
SBCC,Novo Progresso - Cachimbo
SBCD,Cacador
SBCF,Belo Horizonte - Tancredo Neves
SBCG,Campo Grande
SBCH,Chapeco
SBCI,Carolina - Lysias Augusto Rodrigues
SBCJ,Carajas
SBCM,Criciuma
SBCN,Caldas Novas
SBCO,Porto Alegre - Canoas
SBCP,Campos Dos Goytacazes - Bartolomeu Lisandro
SBCR,Corumba
SBCT,Curitiba - Afonso Pena
SBCV,Caravelas
SBCX,Caxias Do Sul - Bugres
SBCY,Cuiaba - Marechal Rondon
SBCZ,Cruzeiro Do Sul
SBDB,Bonito
SBDN,Presidente Prudente
SBEG,Manaus - Eduardo Gomes
SBEK,Jacareacanga
SBEP,Espinosa
SBES,Sao Pedro Da Aldeia
SBFI,Foz Do Iguacu - Cataratas
SBFL,Florianopolis - Hercilio Luz
SBFN,Fernando De Noronha
SBFU,Sao Jose Da Barra - Furnas
SBFZ,Fortaleza - Pinto Martins
SBGL,Rio De Janeiro - Jobim
SBGM,Guajara-Mirim
SBGO,Goiania - Santa Genoveva
SBGP,Gaviao Peixoto Apt
SBGR,Sao Paulo - Andre Franco Montoro
SBGU,Guarapuava - Tancredo Thomas De
SBGV,Governador Valadares
SBGW,Guaratingueta
SBHT,Altamira Apt
SBIC,Itacoatiara
SBIH,Itaituba
SBIL,Bahia
SBIP,Ipatinga - Usiminas
SBIT,Itumbiara - Hidroeletrica
SBIZ,Imperatriz - Prefeito Renato Moreira
SBJA,Sbja
SBJC,Belem - Julio Cesar
SBJD,Jundiai
SBJE,Jijoca De Jericoacoara - Ariston Pessoa
SBJF,Juiz De Fora Apt
SBJH,São Paulo
SBJP,Joao Pessoa - Presidente Castro
SBJR,Rio De Janeiro - Jacarepagua Roberto Marinho
SBJU,Juazeiro Do Norte - Orlando Bezerra De
SBJV,Joinville - Lauro Carneiro De
SBKG,Campina Grande - Presidente Joao Suassuna
SBKP,Campinas - Viracopos
SBLE,Lencois - Chapada Diamantina
SBLJ,Lages
SBLN,Lins
SBLO,Londrina - Jose Richa
SBLP,Bom Jesus Da Lapa
SBLS,Lagoa Santa
SBMA,Maraba
SBMC,Minacu
SBMD,Almeirim - Monte Dourado
SBME,Macae
SBMG,Maringa
SBMK,Montes Claros - Mario Ribeiro
SBML,Marilia
SBMN,Manaus - Ponta Pelada
SBMO,Maceio - Zumbi Dos Palmares
SBMQ,Macapa - Alberto Alcolumbre
SBMS,Mossoro - Dix-Sept Rosado
SBMT,Sao Paulo - Campo De Marte
SBMY,Manicore
SBNF,Navegantes - Ministro Victor Konder
SBNM,Santo Angelo
SBNT,Natal - Augusto Severo
SBOI,Oiapoque
SBPA,Porto Alegre - Salgado Filho
SBPB,Parnaiba - Joao Silva Filho
SBPC,Pocos De Caldas
SBPF,Passo Fundo - Lauro Kurtz
SBPJ,Palmas - Brigadeiro Lysias Rodrigues
SBPK,Pelotas
SBPL,Petrolina - Senador Nilo Coelho
SBPN,Porto Nacional
SBPP,Ponta Pora
SBPR,Belo Horizonte - Carlos Prates
SBPS,Porto Seguro
SBPV,Porto Velho - Jorge Teixeira De
SBQV,Vitoria Da Conquista
SBRB,Rio Branco - Placido De Castro
SBRF,Recife - Freyre
SBRG,Sbrg
SBRJ,Rio De Janeiro - Santos Dumont
SBRP,Ribeirao Preto - Leite Lopes
SBRR,Sbrr
SBSC,Rio De Janeiro - Santa Cruz
SBSJ,Sao Jose Dos Campos - Urbano Ernesto
SBSL,Sao Luis - Marechal Cunha Machado
SBSM,Santa Maria Apt
SBSN,Santarem - Maestro Wilson Fonseca
SBSP,Sao Paulo - Congonhas
SBSR,Sao Jose Do Rio Preto
SBST,Guaruja - Base Aerea De
SBSV,Salvador - Deputado
SBTA,Taubate
SBTB,Oriximina - Trombetas
SBTC,Una - Hotel Transamerica
SBTD,Toledo
SBTE,Teresina - Petronio Portela
SBTF,Tefe
SBTG,Tres Lagoas - Plinio Alarcom
SBTK,Tarauaca
SBTL,Telemaco Borba
SBTR,Torres
SBTS,Obidos - Tirios
SBTT,Tabatinga
SBTU,Tucurui
SBTV,Porto Seguro - Terravista
SBUA,Sao Gabriel Da Cachoeira
SBUF,Paulo Afonso
SBUG,Uruguaiana - Berta
SBUL,Uberlandia - Aviador Cesar Bombonato
SBUP,Sbup
SBUR,Uberaba - Mario De Almeida
SBVC,Vitória Da Conquista - Glauber Rocha
SBVG,Varginha - Brigadeiro Trompowsky
SBVH,Vilhena
SBVT,Vitoria - Salles
SBYA,Sao Gabriel Da Cachoeira - Iauarete
SBYS,Pirassununga - Campo Fontenelle
SBZM,Juiz De Fora - Zona Da Mata
SC00,Woodruff - Triple Tree
SC01,Honea Path - Ashley
SC02,Beaufort County
SC03,Cameron - Mc Neil
SC04,Rock Hill - Piedmont Medical Center
SC05,Bonneau - Flying Tails
SC06,Charleston - Pluff Mud Fld
SC07,St Matthews - Alans
SC08,York - Bethel-Lake Wylie
SC09,Manning - Clarendon Meml Hospital
SC10,Myrtle Beach - Forest
SC11,Fort Jackson
SC12,Garnett - Davis
SC13,Gaston - Darden
SC14,Gilbert - Shealy
SC15,Green Pond - Airy Hall
SC16,Hartsville - Curry
SC17,Holly Hill - Russell
SC18,West Columbia - Lexington Medical Center
SC19,Lamar
SC1A,Canchones
SC20,Langley - Harman
SC21,Loris - Myrtle Beach
SC22,Columbia - Richland Meml Hospital
SC23,Pelion - Eagles Nest-Fairview
SC24,Seneca - Eagle Ridge
SC25,W Society Hill - Ross Strip
SC26,West Union - Hawks Nest Farm
SC27,Lynchburg - Tallon
SC28,Surfside Beach - Javika
SC29,Timmonsville - Mc Kay
SC30,Aiken - Energy
SC31,Lancaster - Springs Meml
SC32,Seneca - Oconee Meml Hospital
SC33,Clinton - Laurens Meml Hospital
SC34,Iva
SC35,Ehrhardt
SC36,Chesnee - Paradise Landing
SC37,Cross - Crosswinds-Wilson Pvt
SC38,Manning - Pocotaligo
SC39,Woodruff - Green Pond
SC40,Spartanburg - Pearson'S Farm
SC41,Manning - Palmetto Air Plantation
SC42,Charleston - Hondarosa
SC43,Williamston - Moores
SC44,Boykin - El Porvenir
SC45,Gilbert
SC46,Batesburg - House Movers
SC47,Simpsonville - Parker
SC48,Turbeville - Byrd
SC49,Bamberg Meml
SC50,Lexington - Jacks
SC51,Meggett - Farms
SC52,Charleston - Daniel Island
SC53,Clemson Usar
SC54,Travelers Rest - North
SC55,Ehrhardt - Broxton Bridge Plantation
SC56,Mountville - Thomason
SC57,Andrews - Jordan Private
SC58,Pageland - Ja
SC59,Greenville - Palmetto
SC60,Scranton - Cockfield
SC61,Cheraw - Wild Irish Rose
SC62,Varnville - Hampton
SC63,Jenkinsville - Summers
SC64,Orangeburg - County
SC65,Mount Pleasant - Raven'S Run
SC66,Spartanburg - Fulton
SC67,Aiken - Polecat Aerodrome
SC69,Ehrhardt - Shiloh Plantation
SC70,Walhalla - Anna
SC71,Charleston - Medical University Of
SC72,Greer - Chandelle
SC73,Newberry Meml
SC74,Beaufort - Marsh Point
SC75,Pickens - Oolenoy Valley
SC76,Lancaster - Unity Aerodrome
SC77,Columbia - Providence Hospital
SC78,Cleveland - King
SC79,Lancaster - Bermuda High
SC80,Charleston - Hospital
SC81,Abbeville
SC82,Williamson - Oakhill
SC83,Abbeville County
SC84,Gilbert - Sand Burr
SC85,Chester Medical
SC86,Easley - Williamsport
SC87,Vance - Avinger
SC88,Chesnee - Turner
SC89,Dillon - Price
SC90,St. Matthews - Do-Little
SC91,Branchville - Bells Branch
SC92,Abbeville - Rambos
SC93,Easley - Venesky Air
SC94,Johnsonville - Weaver
SC95,Perry Intl
SC96,Seneca - Tokeena Air Park
SC97,Mauldin - Riverbend
SC98,Goose Creek - Mount Holly
SC99,Lexington - Whiteplains
SCAA,Frutillar - Anorada
SCAB,La Lumbrera - El Alba
SCAC,Ancud - Pupelde
SCAD,Ovalle - Santa Adriana
SCAE,Arica - El Buitre
SCAF,Alhue - San Alfonso
SCAG,Palmilla - Agua Santa
SCAH,Achao - Tolquien
SCAJ,Retiro - Las Alpacas
SCAK,Recinto - Atacalco
SCAL,Cochrane - Valchac
SCAM,Teno - Alempue
SCAN,Los Andes - San Rafael
SCAO,Lolol - Palo Alto
SCAP,Alto Palena
SCAQ,Lago Ranco - Arquilhue
SCAR,Arica - Chacalluta
SCAS,Puerto Aysen - Juan Roman
SCAT,Copiapo Apt
SCAU,Paine - Juan Enrique
SCAV,Chillan - La Vertiente
SCAY,Ayacara
SCAZ,Timaukel - Azopardo
SCBA,Balmaceda
SCBB,Negrete - Del Bio Bio
SCBC,Lago Verde - Cacique Blanco
SCBD,Santa Cruz - El Boldal
SCBE,Tocopilla - Barriles
SCBI,Bahia Inutil - Pampa Guanaco
SCBN,Rio Bueno - Cotreumo
SCBO,General Bernardo O'Higgins Base
SCBQ,Santiago - El Bosque
SCBR,Lago Brown
SCBS,Bahia Posesion
SCBT,Cochamo - Rincon Bonito
SCBU,Molina - El Baul Airstrip
SCBV,Rio Claro - Bellavista
SCCA,Cauquenes - El Boldo
SCCB,Combarbala - Pedro Villarroel C.
SCCC,Chile Chico
SCCE,Cauquenes - El Arenal
SCCF,Calama - El Loa
SCCG,Combarbala - La Pelicana
SCCH,Chillan - Gral. Bernardo O´Higgins
SCCI,Punta Arenas - Pdte
SCCK,Contao
SCCL,Caldera
SCCM,Choshuenco - Molco
SCCN,Cauquenes Apt
SCCP,Osorno - Callipulli
SCCQ,Coquimbo - Tambillos
SCCR,Caleta Tortel - Enrique Mayer Soto
SCCS,Casablanca - Santa Rita
SCCT,Constitucion - Quivolgo
SCCU,Lonquimay - Lolco
SCCV,Curacavi
SCCY,Coyhaique - Teniente Vidal
SCDA,Iquique - Diego Aracena
SCDD,Puerto Varas - Don Dobri
SCDH,Chaiten - Vodudahue
SCDI,Pichidangui
SCDL,Cabildo - El Algarrobo
SCDM,Duao - San Damian
SCDQ,Duqueco - San Lorenzo
SCDS,Retiro - San Andres
SCDW,Isla Dawson - Almirante Schroeders
SCEA,Chaiten - El Amarillo
SCEB,Entrada Baker
SCEC,Estacion Chanaral - Pelicano
SCED,Sagrada Familia - Los Cedros
SCEG,Talagante - El Corte
SCEH,Santa Barbara - El Huachi
SCEK,Chepica
SCEL,Santiago - Arturo Merino Benitez
SCEO,Parral - El Salto
SCEP,Pirque - El Principal
SCER,Quintero
SCES,El Salvador - Ricardo Garcia Posada
SCET,San Vicente De Tagua Tagua - El Tambo
SCEV,Frutillar - El Avellano
SCEX,Aysen - Rio Exploradores
SCEY,Entrada Mayer
SCFA,Antofagasta - Cerro Moreno
SCFC,Fachinal
SCFF,Freirina
SCFI,Frutillar - Fundo Tehuen
SCFJ,Ovalle - Fray Jorge
SCFK,Chillan - Fundo El Carmen
SCFL,Casablanca - Fundo Loma Larga
SCFM,Porvenir - Fuentes Martinez
SCFN,Russfin
SCFO,Pelarco - La Reforma
SCFR,Frutillar
SCFS,Chonchi - Los Calafates
SCFT,Futaleufu
SCFU,Futrono - Loncopan
SCFX,Isla San Felix
SCGA,La Union - Punta Galera
SCGB,Los Sauces - Guadaba
SCGC,Antartica - Union Glaciar
SCGE,Los Angeles - Maria Dolores
SCGF,Futrono - Golfo Azul
SCGH,Los Angeles - Cholguahue
SCGI,Retiro - San Guillermo
SCGL,Rapel - Las Aguilas
SCGM,Rengo - Los Gomeros
SCGN,Chaiten - Caleta Gonzalo
SCGO,Angol - Los Confines
SCGP,Panguipulli - Curaco
SCGS,Cholguan - Siberia
SCGU,Antofagasta - Aguas Blancas
SCGV,Caleta Chanaral De Aceituno - Punta Gaviota
SCGY,Cunco - Los Guayes
SCGZ,Puerto Williams - Guardiamarina Zanartu
SCHA,Copiapo - Chamonate
SCHC,Santiago - Chicureo
SCHD,Chaiten - Chumilden
SCHE,Huepil - Rucamanqui
SCHG,Pichidegua - Almahue
SCHH,Chile Chico - Punta Baja
SCHK,La Union - Hueicolla
SCHL,Lampa - Hacienda Lipangue
SCHM,Isla Mocha - Punta El Saco
SCHN,Choshuenco - Chan Chan
SCHO,Los Vilos - Chungo
SCHP,Retiro - Copihue
SCHR,Cochrane Apt
SCHT,Chaiten - Tic Toc
SCHU,Huasco - Gran Canon
SCHW,Hualaihue
SCIA,Isla Apiao
SCIB,Isla Butachauques
SCIC,Curico - General Freire
SCID,Punta Arenas - Marco Davison Bascur
SCIE,Concepcion - Carriel Sur
SCIF,Llifen - Chollinco
SCIH,Isla Las Huichas - Caleta Blanco
SCII,Puerto Ingeniero Ibanez
SCIK,Isla Talcan
SCIL,Illapel - Auco
SCIM,Isla Mocha
SCIO,Villa O'Higgins - Laguna Redonda
SCIP,Isla De Pascua - Mataveri
SCIR,Isla Robinson Crusoe
SCIS,Isla Santa Maria - Puerto Sur
SCIT,Isla Tierra Del Fuego - Ivan Martinez
SCIV,Panimavida
SCJC,Ranguelmo - James Conrad
SCJK,Osorno - Juan Kemp
SCJO,Osorno - Canal Bajo Carlos
SCJV,San Javier - El Parron
SCKA,San Carlos - Santa Marta
SCKB,Lago Caburga - Llollenorte
SCKC,Cunco - Roberto Chavez
SCKD,Rio Bueno - El Cardal
SCKE,Pelluhue - Piedra Negra
SCKI,Curico - Los Lirios
SCKK,Molina - La Cascada
SCKL,Lampa - Lipangui
SCKM,Cochamo
SCKN,Licanten - Licancel
SCKO,Collipulli - Buena
SCKP,Pica - Coposa
SCKQ,Pucon - Curimanque
SCKT,Coelemu - Torreon
SCLA,Lautaro - Tovarias
SCLB,Lebu - Los Pehuenches
SCLC,Santiago - De Vitacura
SCLD,Llanada Grande
SCLE,Antofagasta - La Escondida
SCLF,Llifen - Calcurrupe
SCLG,Pencahue - La Aguada
SCLI,Llico - Torca
SCLJ,La Junta
SCLK,Cunco - Lago Colico
SCLL,Vallenar
SCLM,San Javier - Las Mercedes
SCLN,Linares Muni
SCLO,Chile Chico - Leones
SCLP,Molina - Los Petiles
SCLQ,La Ligua - Diego Portales
SCLR,Chaiten - Los Alerces
SCLS,Lautaro - Esperanza
SCLU,Marchigue - La Laguna
SCLV,Guangali - La Vina
SCLY,Arauco - La Playa
SCMA,Puerto Marin Balmaceda
SCMC,Puerto Guadal - Meseta Cosmelli
SCME,Melipilla - Los Cuatro Diablos
SCMF,Villarrica - Malloco
SCMG,San Javier - Mingre
SCMH,Marchigue - La Esperanza
SCMI,Mialqui - Los Tricahues
SCMK,Melinka
SCML,Santa Barbara - Melipeuco
SCMO,Molina - Los Monos
SCMP,Melipilla
SCMR,Rapel - Las Aguilas Oriente
SCMS,Longavi - Las Moras
SCMU,Pichilemu - Panilonco
SCMV,Molina - Vina San Pedro
SCMY,Michilla - Carolina
SCMZ,El Manzano - Marina De Rapel
SCNA,Linares - Fundo La Cana
SCND,Nadis
SCNE,Maria Elena
SCNG,Panguipulli - Papageno
SCNH,Vilcun - Ainhoa
SCNI,San Nicolas - Santa Eugenia
SCNK,Cuncumen - Los Pelambres
SCNM,Canete - Las Misiones
SCNO,Nochaco
SCNR,Rengo - Fundo Naicura
SCNS,Punta Arenas - Sandra Scabini
SCNT,Puerto Natales - Tte
SCNY,Navarino - Yendegaia
SCOA,Ovalle - Estancia Los Loros
SCOB,Ovalle - Tabali Bajo
SCOC,Puerto Octay - Las Araucarias
SCOE,Romeral - San Miguel
SCOH,Villa O'Higgins
SCOI,Hualanne - Los Coipos
SCOL,Puyehue - Refugio Del Lago
SCOM,Olmue
SCON,Quellon
SCOO,Cisnes - Melimoyu
SCOP,Osorno - Pilauco
SCOS,Osorno
SCOT,Ovalle - Tabali
SCOV,Ovalle - El Tuqui
SCOY,Ovalle - Huayanay
SCPA,Antofagasta - Paranal
SCPB,Puelo Bajo
SCPC,Pucon
SCPE,San Pedro De Atacama
SCPF,Puerto Montt - Marcel Marchant
SCPG,Panguipulli Muni
SCPH,Puyuhuapi
SCPI,Coihueco - Pullami
SCPK,Puerto Cisnes
SCPL,Paillaco - Calpulli
SCPM,Pichilemu
SCPN,Chaiten - Pillan
SCPO,Quinta Tilcoco - Los Paltos
SCPP,Mulchen - Poco A Poco
SCPQ,Dalcahue - Mocopulli
SCPR,Purranque - Corte Alto
SCPS,Copiapo - Perales
SCPT,Santa Cruz - La Puerta
SCPU,Peulla
SCPV,Puerto Varas - El Mirador
SCPW,Peumo
SCPX,Punta Catalina
SCPY,Cerro Castillo
SCPZ,Antartica - Patriot Hills
SCQB,Scqb
SCQC,Quino - La Colmena
SCQE,Isla Quenac
SCQI,Lonquimay - Icalma
SCQK,Tirua - Lequecahue
SCQL,Quillota - El Boco
SCQM,Osorno - Las Quemas
SCQO,Aysen - Quitralco
SCQP,Scqp
SCQR,Cobquecura - Los Morros
SCQT,Quebrada Las Tacas - Lastacas
SCQW,Quemchi
SCQX,Queilen
SCQY,Lonquimay - Villa Portales
SCRA,Chanaral
SCRB,Tortel - Rio Bravo
SCRC,Rio Cisnes - Villa Tapera
SCRD,Vina Del Mar - Rodelillo
SCRE,Rio Cisnes Apt
SCRF,Laguna San Rafael
SCRG,Rancagua - De La Independencia
SCRH,Renihue
SCRI,Rio Frio
SCRL,Rapel - La Estrella
SCRM,Isla Rey Jorge - Martin Base
SCRN,Rio Negro
SCRO,Romeral - Santa Barbara
SCRP,Rapel
SCRQ,Rio Bueno - Rucananco
SCRR,Rio Bueno - Purrahuin
SCRS,Cartagena - El Rosario
SCRT,Retiro - El Almendro
SCRU,Rio Murta
SCRV,Vilcun - La Veronica
SCRW,Paredones - Rucalonco
SCRZ,Marchigue - El Carrizal
SCSA,Til Til - Alberto Santos
SCSB,Cerro Sombrero - Franco Bianco
SCSD,San Fernando Apt
SCSE,La Serena-Coquimbo
SCSF,San Felipe - Victor Lafon
SCSG,Algarrobo - San Geronimo
SCSH,Teodoro Schmidt - El Budi
SCSJ,San Javier Apt
SCSK,San Clemente - Colorado
SCSL,Salar De Atacama Apt
SCSM,Salar De Atacama - Minsal
SCSN,Santo Domingo
SCSO,Lago Rapel - Costa Del Sol
SCSP,Petorca - El Sobrante
SCSQ,San Pablo - Quilpe
SCSR,Segundo Corral
SCSS,San Sebastian
SCST,Castro - Gamboa
SCSU,Freire - Santa Lucia
SCSV,Peralillo - Vinasutil
SCSZ,Puerto Sanchez
SCTA,Santa Barbara Apt
SCTB,Santiago - Eulogio Sanchez
SCTC,Temuco - Maquehue
SCTE,Puerto Montt - El Tepual
SCTG,Tongoy
SCTH,San Gregorio - Tres Chorrillos
SCTL,Talca - Panguilemo
SCTM,Curico - La Montana
SCTN,Chaiten
SCTO,Victoria Apt
SCTP,Tortel - Rio Pascua
SCTQ,Alto Del Carmen - Tres Quebradas
SCTR,Traiguen
SCTS,Melipilla - Santa Teresa
SCTT,Taltal - Las Breas
SCTU,Litueche
SCTW,Casablanca - El Tapihue
SCUI,Chaiten - Pumalin
SCUL,Bulnes - El Litral
SCUM,Cumpeo - La Obra
SCUN,Teno - Uni Frutti
SCUP,Cumpeo - Lontuecito
SCUR,Bulnes - Rucamalen
SCUT,Longavi - Verfrut Sur
SCUZ,Santa Cruz Apt
SCVA,Casablanca - Vinamar
SCVB,Parral - Hospital Villa Baviera
SCVC,Vicuna - El Indio
SCVD,Valdivia - Pichoy
SCVE,Lago Verde
SCVF,San Pedro - Verfrut
SCVG,Rinihue - El Vergel
SCVH,Santiago - La Victoria De
SCVI,Villarrica
SCVJ,Marchigue - Paredes Viejas
SCVK,Vichuquen - El Alamo
SCVL,Valdivia - Las Marias
SCVM,Vina Del Mar
SCVN,Vicuna - Huancara
SCVO,Victoria - Maria Ester
SCVQ,Vichuquen - Cuatro Pantanos
SCVS,Cochrane - Lago Vargas
SCVT,Isla De Maipo - Vina Tarapaca
SCVU,Vilcun - Agromanzun
SCVV,La Union - Vieja
SCVY,Vilcun - Malla
SCXA,Molina - Alupenhue
SCXB,Salamanca - Las Brujas
SCXR,Lago Ranco - Las Bandurrias
SCYB,Yumbel - Trilahue
SCYC,Puyehue - La Capilla
SCYL,Puyehue - Lican
SCYO,El Chaiten - Poyo
SCYR,Retiro - Los Maitenes
SCYU,Purranque - Cuyumaique
SCZB,La Union - Pozo Brujo
SCZC,Zapallar - Casas Viejas
SCZE,Pirque - Estero Seco
SD00,Elk Point - Mj Aviation Ii
SD01,Letcher - Mj Aviation I
SD02,Twin Brooks - Mogensmark
SD03,Winfred - Calico
SD04,Opal Keystone
SD05,Aberdeen - Thorson
SD06,Faulkton Area
SD07,Philip Keystone
SD08,Colome
SD09,Chamberlain - Mid-Dakota Hospital
SD1,Soldotna Hospital
SD13,Doland - Hofer Private
SD14,Draper - Valburg Ranch
SD15,Elk Point - Fleurish Farm
SD17,Sisseton - Cdp Hospital
SD18,Rapid City - Keystone
SD19,Badger - Andersen Farms
SD2,Gary - Lake Cochrane
SD20,Strandburg - Crooked Lake Lodge
SD21,Hayes
SD22,Dell Rapids - Hospital
SD23,Hot Springs - System
SD24,Sturgis - Eden Valley
SD25,Piedmont - Infinity Landing
SD27,Hot Springs - Black Hills Flyway
SD28,Harrold - Tumbleweed Lodge
SD29,Beresford - Glenwood
SD30,Bonesteel - Selle
SD32,Aberdeen - Braun
SD33,Camp Crook - Boys
SD35,Sturgis - Bruch
SD36,Ridgeview - Booth Ranch
SD37,Selby - Fiedler
SD38,Rapid City - Exceptional Community Hospital
SD40,Rapid City Hospital
SD41,Lemmon - Shambo Ranch
SD42,Keystone - Rushmore
SD43,Cavour - Ingle
SD44,Chamberlain - Cook
SD45,Redfield - Community Meml Hospital
SD46,Dell Rapids - Jensen
SD47,Eagle Butte - Hunt
SD48,Faith - Pvt
SD49,Ferney - Hite
SD50,Harrold
SD52,Mitchell - Hospital
SD53,Beresford - Howard
SD54,Aberdeen - Luke
SD55,Huron - Winter
SD56,Onida - Ralph Myers
SD57,Pierre - W L Thompson
SD58,Burke
SD59,Crocker - Lone Tree
SD60,Strool/Prairie City - John Private
SD61,Tyndall - Farms
SD62,Keystone - Borglum
SD65,Wilmot - Whipple Ranch
SD66,Cottonwood - Cooks
SD67,Flandreau Medical
SD68,Hot Springs - Flying T
SD69,Interior - Badlands
SD71,Oelrichs - Bogner
SD72,Opal - Vig Ranch
SD73,Valley Springs - Erickson Intergalactic
SD74,Pollock - Vander Wal
SD75,Stickney - Livingston
SD76,Camp Crook - Tennant Ranch
SD77,Menno - Mettler
SD78,Kennebec - Anderson Aerial Spraying
SD79,Hoven - Monty Harer Airstrip
SD80,Mobridge Hospital
SD81,Vivian Apt
SD82,Wilmot - Webster Eneboe Airstrip
SD83,De Smet - Lee
SD84,Huron - Marone
SD86,Custer Monument
SD87,Platte Community
SD88,Bison - Dunn
SD89,Pukwana - Priebe Landing Strip
SD90,Spearfish - Mitchells Strip
SD92,Mitchell - Telstar
SD93,Gettysburg - Gary Myers
SD94,Revillo - Lundin
SD96,Viborg - Pioneer Meml Hospital
SD97,Vivian - Oller
SD98,Enning - Barber
SD99,Sioux Falls - Glawe
SDAA,Araras
SDAD,Adamantina - Everaldo Moras Barreto
SDAE,Sao Pedro Apt
SDAF,Analandia - Fazenda Palmeiras
SDAG,Angra Dos Reis
SDAI,Americana
SDAJ,Santo Antonio Do Aracangua - Santa Marina
SDAM,Campinas - Amarais
SDAN,Brotas - Angelo
SDAS,Mirandopolis - Antonio
SDAY,Santa Ernestina - Fazenda Altair
SDBA,Batatais
SDBB,Bebedouro
SDBI,Birigui - Aeroclube
SDBK,Botucatu
SDBN,Salto De Pirapora - Fazenda Bonanza
SDBV,Ilha Comprida - Balneario Sao Januario
SDBY,Bariri
SDCA,Capao Bonito
SDCD,Catanduva
SDCE,Pirapora - Fazenda Marambaia
SDCG,Sao Paulo De Olivenca - Senadora Eunice Micheles
SDCL,Cerqueira Cesar - Fazenda Campo Alegre
SDCM,Sao Desiderio - Sete Povos
SDCO,Sorocaba
SDCR,Itanhaem - Fazenda Caicara
SDCT,Estiva Gerbi - Antonio
SDCU,Casemiro De Abreu
SDCW,Colombia - Fazenda Paloma
SDCZ,Mangaratiba - Fazenda Bom Jardim
SDDB,Campos Novos Paulista - Maggi Agropecuaria
SDDJ,Moncoes - Santa Maria
SDDK,Ocaucu - Saint Exupery
SDDL,Tatui - Dois Lagos
SDDN,Andradina
SDDR,Dracena
SDDV,Palmares Paulista - Usina Catanduva
SDDX,Populina - Fazenda Paiquere
SDEC,Alto Garcas - Rancho Enagri
SDED,Ipeuna - Edra Do Brasil
SDEE,Itai - Rancho Villela
SDEG,Martinopolis - California
SDEJ,Itapetininga - Guara
SDEM,Alvares Machado
SDEO,Ibitinga - Entre Rios
SDEP,Presidente Epitacio
SDER,Sud Menucci - Entre Rios
SDES,Sales De Oliveira - Estancia Colorado
SDET,Tiete
SDFA,Pereira Barreto - Fazenda Bonanca
SDFB,Barretos - Fazenda Brumado
SDFC,Altair - Constancia
SDFD,Fernandopolis
SDFE,Bela Vista - Antonio
SDFF,Araraquara - Fazenda Fittipaldi Citrus
SDFH,Santa Rosa Do Viterbo - Fazenda Amalia
SDFK,Maraba Paulista - Fazenda Figueira
SDFL,Itapetininga - Santa Albana
SDFM,Teodoro Sampaio - Santa Maria
SDFN,Fartura - Sao Francisco
SDFT,Itapira - Virgulino De Oliveira
SDFU,Presidente Eptacio - Ponte Funda
SDFX,Casa Nova
SDFY,Osvaldo Cruz - Fazenda Ipameri
SDGB,Guaira - Usina
SDGC,Garca
SDGF,Ocaucu - Fartura
SDGJ,Guaimbe - Fazenda Suissa
SDGK,Guararapes - Fazenda Gurucaia
SDGP,Avare - Capricho
SDGR,Guararapes
SDGT,Campos Novos Paulista - Fazenda Alvorada
SDGU,Guariba - Usina Bonfim
SDGY,Aracatuba - Fazenda Anhangai
SDHC,Getulina - Fazenda Koga
SDHE,Itapira - Fazenda Herdade
SDIB,Espirito Santo Do Pinhal - Irmaos Ribeiro
SDID,Itarare
SDIG,Ibitinga
SDIH,Biritiba-Mirim - Fazenda Irohy
SDIL,Angra Dos Reis - Pedra Branca
SDIM,Itanhaem
SDIN,Rio De Janeiro - Clube Do Ceu
SDIO,Itapolis Apt
SDIP,Cacapava - Centro De Voo
SDIU,Itu
SDIV,Ituverava
SDIZ,Cardoso - Fazenda Sao Paulo
SDJA,Itirapina - Jose Augusto De
SDJC,Jaboticabal
SDJF,Buri - Fazenda Jequitiba
SDJG,Santa Cruz Do Rio Pardo - Ponte Preta
SDJL,Jales
SDJN,Jardinopolis - Fazenda Sao Luiz
SDJO,Sao Joaquim Da Barra
SDJQ,Pereira Barreto - Sao Joaquim
SDJR,Sao Jose Do Rio Preto - Fazenda Santa Ines
SDJV,Sao Joao Da Boa Vista
SDJZ,Morro Agudo Apt
SDKB,Casa Branca
SDKC,Galia - Fazenda Eldorado
SDKE,Coribe
SDKF,Curaca - Juazeiro
SDKG,Cerqueira Cesar - Fazenda Gavea
SDKJ,Formosa Do Rio Preto
SDKK,Mococa
SDKN,Mineiros Do Tiete - Haras Bela Vista
SDKO,Colombia - Fazenda Campo Grande
SDKP,Pompeia - Fazenda Jamaica
SDKQ,Guaraci - Sao Joao
SDKR,Pontes E Lacerda - Fazenda Triangulo
SDKW,Vera - Fazendasodema
SDLC,Lucelia
SDLE,Rio De Contas
SDLG,Ourolandia - Salviano Inacio Rocha
SDLH,Tucano - Caldas Do Jorro
SDLI,Abare
SDLJ,Parauapebas - Igarape Bahia
SDLK,Cacule
SDLL,Leme
SDLN,Cabo Frio - Fazenda Tosana
SDLO,Cairu - Fazenda Pontal
SDLP,Lencois Paulista
SDLQ,Guararapes - Fazenda Perobal
SDLR,Valentim Gentil - Fazenda Sonho Dourado
SDLU,Barra Bonita - Santa Luiza
SDLV,Florestopolis - Sao Francisco
SDLW,Campo Novo Do Parecis Apt
SDLX,Sao Felix Do Araguaia - Fazenda Jacareuna
SDLY,Matao
SDMA,Tremembe - Maristela
SDMC,Marica
SDMD,Coxim - Santa Izabel
SDME,Matao - Marchesan S.A.
SDMH,Mirassol
SDMJ,Mogi Mirim
SDMO,Monte Alto
SDMQ,Porto Murtinho - Quebracho Brasil
SDMR,Rio De Janeiro - Marambaia
SDMV,Jau - Fazenda Morro Vermelho
SDMW,Nova Crixas - Fazenda Karaja
SDMX,Campo Verde - Fontana
SDMY,Matao - Fazenda Cambuhy
SDNA,Comendador Gomes - Fazenda Vale Verde
SDND,Narandiba - Nova Damasco
SDNE,Maraba Paulista - Sao Joaquim
SDNG,Nova Maringa - Sao Gabriel
SDNH,Novo Horizonte
SDNI,Vargem Grande Paulista - Nascimento I
SDNJ,Capao Bonito - Nascimento Ii
SDNK,Primavera Do Leste - Vitoria
SDNL,Nova Europa - Sao Francisco
SDNO,Sao Manuel
SDNV,Altamira - Aldeia Nacepoti
SDNW,Sao Jose Do Xingu - Aldeia Piaracu
SDNY,Nova Iguacu - Aeroclube
SDNZ,Sonora - Fazenda Alto Do
SDOA,Barra Do Corda - Lagoa Da Floresta
SDOB,Tapiratiba - Sao Jose
SDOD,Barra Do Corda - Fazenda Vida
SDOE,Grajau - Fazenda Siberia
SDOI,Boituva - Centro Nacional De
SDOL,Tapura - Agropesp
SDOR,Orlandia - Mosquito
SDOU,Ourinhos
SDOV,Mozarlandia
SDOW,Ourilandia Do Norte
SDOX,Sao Carlos - Fazenda Pixoxo
SDOZ,Apiacas - Aldeia Pontal
SDPA,Mangaratiba - Fazenda Portobello
SDPC,Rancharia - Atena
SDPD,Pindamonhangaba
SDPG,Andradina - Fazenda Progresso
SDPN,Penapolis
SDPP,Paranapanema - Fazenda Fortaleza
SDPV,Presidente Venceslau
SDPW,Piracicaba
SDPY,Pirassununga
SDQE,Ponta Pora - Fazenda Carambola
SDQG,Caiabu - Nova Floresta
SDQH,Tibagi - Fazenda Da Ilha
SDQL,Nioaque - Fazenda Cerro Azul
SDQN,Nioaque - Fazenda Tangara
SDQQ,Quata
SDQV,Caceres - Fazenda Santa Fe
SDQW,Sorriso - Criciuma
SDQX,Itapeva - Fazenda Esperanca
SDQZ,Barra Do Garcas - Fazenda Espinhaco Ii
SDRA,Sao Miguel Arcanjo - Fazenda Das Represas
SDRC,Rancharia - Fazenda Santana
SDRD,Santa Rita Do Passa Quatro - Adhemar Ribeiro
SDRF,Rio Claro - Recanto Feliz
SDRH,Campo Grande - Fazenda Chaparral
SDRK,Rio Claro
SDRO,Rondonopolis - Agropastoril Bom Pastor
SDRR,Avare
SDRS,Resende
SDRU,Inubia Paulista - Fazenda Caramuru
SDRW,Canapolis - Fazenda Pirapitinga
SDRX,Corumba - Fazenda Palmeiras
SDRY,Amambai - Sao Paulo
SDRZ,Porto Murtinho - Fazenda Maraba
SDSB,Rifaina - Sao Sebastiao
SDSC,Sao Carlos
SDSE,Gabriel Monteiro - Sitio Santa Helena
SDSH,Bauru - Sangrila
SDSJ,Orlandia - Sao Joao
SDSK,Saquarema
SDSM,Sao Manuel - Nossa Senhora Da
SDSO,Piquerobi - Sao Geraldo
SDSQ,Santa Rita Do Passa Quatro Apt
SDST,Sao Carlos - Santa Terezinha Da
SDSV,Guariba - Santa Candida
SDTB,Atibaia
SDTE,Arandu - Fazenda Tapijara
SDTF,Tatui
SDTI,Tupi Paulista
SDTK,Parati
SDTN,Sertaozinho - Usina Acucareira
SDTO,Ubarana - Fazenda Cataco
SDTP,Tupa
SDTQ,Aparecida Do Rio Doce - Fazenda Santa Thereza
SDTR,Porto Murtinho - Fazenda Bandeirantes
SDTS,Jaraguari - Fazenda Planalto
SDTT,Aracatuba - Fazenda Barra
SDTW,Terenos - Sao Joao
SDTX,Ilha Solteira - Sao Jose
SDTY,Pradopolis - Usina Sao Martinho
SDTZ,Corumba - Santa Julia
SDUA,Aveiro - Sol Nascente
SDUB,Ubatuba
SDUD,Jaboticabal - Usina
SDUE,Penapolis - Fazenda Figueira
SDUF,Porto Murtinho - Touro Peru
SDUH,Ribas Do Rio Pardo - Fazenda Sumare
SDUK,Agua Boa - Fazenda Xaimite
SDUL,Ribeirao Preto - Usina
SDUN,Itaperuna
SDUO,Alagoinhas
SDUQ,Paraguacu Paulista
SDUR,Ponta Grossa - Ibera
SDUS,Apiacas - Mayrowy
SDUU,Parapua - California
SDUZ,Ourinhos - Usina Sao Luiz
SDVA,Vargem Grande Do Sul - Fazenda Campo Vitoria
SDVE,Vera Cruz
SDVG,Votuporanga
SDVH,Atibaia - Vale Eldorado
SDVI,Tangara Da Serra - Comandante Gastao
SDVJ,Santa Maria Das Barreiras Apt
SDVL,Valenca Apt
SDVN,Amambai - Santissima Trindade
SDVQ,Porto Murtinho - Fazenda Baia
SDVS,Pontal - Fazenda Vassoural
SDVU,Peixoto De Azevedo - Aldeia Kremoro
SDWC,Altamira - Aldeia Bau
SDWD,Barretos - California
SDWE,Jaboticabal - Usina Sao Carlos
SDWG,Maraba Paulista - Fazenda Itapiranga
SDWH,Jose Bonifacio - Fazenda Avanhandava
SDWI,Gravata - Fazenda Lagoa
SDWJ,Altamira - Aldeia Kubenkroke
SDWK,Igarapava - Junqueira
SDWL,Itupeva - Tres Marias
SDWM,Peixoto De Azevedo Apt
SDWN,Colombia - Fazenda Barreiro
SDWR,Mirandopolis - Fazenda Primavera
SDWU,Porto Murtinho - Fazenda Anahi
SDWX,Itaituba - Sol Nascente
SDXB,Cristalina
SDXE,Jaboticabal - Chacara Serradinho
SDXF,Alto Paraiso
SDXI,Sao Domingos Do Capim - Fazenda Cajueiro
SDXJ,Costa Rica
SDXO,Sud Menucci - Santa Maria Da
SDXQ,Castilho - Fazenda Flamboyant
SDXR,Caracol - Vaca Mocha
SDXT,Rio Negro - Fazenda Boa Vista
SDXU,Pacaembu - Aracatuba
SDYB,Itapetininga - Sao Jose
SDYF,Lucas Do Rio Verde - Irmaos Munaretto
SDYI,Buritizeiro - Fazenda Buritiz
SDYJ,Regente Feijo - Jose Martins Da
SDYM,Limeira
SDYN,Taciba - Fazenda Esmeralda
SDYS,Porto Belo - Aeroportobelo
SDYW,Itapeva
SDYX,Campo Maior
SDZA,Pirajui - Santa Maria
SDZH,Pindamonhangaba - Santa Helena
SDZM,Itapeva - Sao Marcos
SDZR,Guariba - Fazenda Cruzeiro
SDZS,Altair - Fazenda Bananeira
SDZT,Guaraci - Grande
SDZU,Maraba Paulista - Fazenda Anhumas
SDZV,Duartina - Fazenda Gandu
SDZW,Andradina - Fazenda Ipanema
SDZX,Campinapolis - Fazenda Suri
SDZZ,Nova Europa - Sao Jose
SE01,Rocafuerte - Alba Elena
SE02,Soledad - Guabital
SE03,Isla Puna - Las
SE08,Lorenzo De Garaicoa - San Carlos Costa
SE09,San Rafael Apt
SE10,Vinces
SE11,Consumulo - Km 60
SE13,Babahoyo
SE14,Jose Real - San Carlos
SE15,Quevedo North
SE16,Loja
SE22,Pasaje - Celia Maria
SE58,Buenavista - Banasur
SE59,El Guabo - La Mina
SE60,La Puntilla Apt
SEAM,Ambato - Chachoan
SEAP,Sangay - Arapicos
SEAR,Arajuno
SEAS,Ascazubi
SEAY,San Pedro - Ayangue
SEBF,Buena Fe
SECH,Chone
SECM,Pozuelos - Hacienda Clementina
SECO,Coca - Francisco De Orellana
SECQ,Coaque
SECR,Curacay - Curaray
SECU,Cuenca - Mariscal Lamar
SEGE,Guale
SEGS,Baltra - Seymour
SEGU,Guayaquil - Simon Bolivar
SEGZ,Santiago - Gualaquiza
SEHI,Cotacachi - Cotachachi
SEIB,Ibarra - Atahualpa
SEII,Isabela - Villamil
SEIS,America - Isabel Maria
SEJD,Sejd
SEJI,Jipijapa
SEJM,Jama
SEKK,Lagartera - Km 192
SELI,Limoncocha
SELJ,Julia
SELM,Loma Larga
SELT,Cotopaxi
SEMA,Macara - Jose Maria Velasco
SEMC,Macas - Coronel E Carvajal
SEMH,Machala - Manuel Serrano
SEMO,Montalvo - El Carmen
SEMT,Manta - Eloy Alfaro
SEMX,Puerto Balao - Maragrosa
SEMY,Martinica
SENL,Lago Agrio - Nueva Loja
SEPB,Pecro Carbo
SEPC,Patuca
SEPD,Pedernales
SEPO,Posorja
SEPS,Pasaje - Calle Gutierrez
SEPT,Puerto Putumayo
SEPU,Puna
SEPV,Portoviejo - Reales Tamarindos
SEPX,Hacienda Payo
SEPZ,Los Perez
SEQE,Quevedo Apt
SEQM,Quito - Sucre
SERB,Chimborazo
SERO,Santa Rosa - Victor Larrea
SESA,Salinas - General Ulpiano Paez
SESC,Sucua
SESD,Santo Domingo De Los Colorades
SESM,Shell Mera - Rio Amazonas
SEST,San Cristobal
SESV,Bahia De Caraquez - Los Perales
SETA,Taura
SETE,Tena - Mayor Galo Torres
SETG,Boca De Tenguel
SETH,Taisha
SETI,Tiputini
SETM,La Toma (Catamayo) - Camilo Ponce Enriquez
SETN,Tachina - Rivadeneira
SETR,Tarapoa
SETU,Tulcan - Mantilla
SEVR,El Vergel
SFAL,Stanley Apt
SG67,Estancia Pai Quara
SGAS,Asuncion - Silvio Pettirossi
SGAY,Ayolas
SGBA,Colonia Doctor Pastor Obligado - Bella Vista Sur
SGBN,Bahia Negra
SGCO,Concepcion - Peralta
SGEN,Encarnacion
SGES,Ciudad Del Este - Guarani
SGFI,Filadelfia
SGGR,Salto Del Guaira
SGIB,Itaipu
SGME,Mariscal Estigarribia - Luis Maria Argana
SGNB,Villa Hayes
SGOL,Fuerte Olimpo
SGOV,Coronel Oviedo
SGPC,Pozo Colorado
SGPG,Sgpg
SGPI,Pilar - Carlos Miguel Gimenez
SGPJ,Pedro Juan Caballero - Augusto Roberto Fuster
SGPO,Pinasco
SGRO,Rosario
SGSP,San Pedro Del Ycuamandiyu
SGST,Santa Teresa
SH1,Camp Shelby Fld
SIAB,Tres Pontas - Leda Mello Resende
SIAD,Porto Murtinho - Estancia Regina
SIAF,Sapezal - Sao Jose
SIAI,Pocone - Fazenda Gaivota
SIAM,Morro Agudo - Fazenda Palmital
SIAO,Corguinho - Fazenda Araras
SIAP,Acegua - Paula
SIAR,Ibirarema - Fazenda Bom Retiro
SIAU,Barao De Melgaco - Jatoba
SIAX,Novo Progresso - Fazenda Beira Rio
SIAY,Auriflama
SIBA,Aquidauana - Jatoba
SIBC,Campos Dos Goytacazes - Vila De Tocos
SIBD,Maraba - Benedito Mutran
SIBF,Cajati - Bunge Fertilizantes
SIBK,Varzea Da Palma - Sada Siderurgia Ltda
SIBN,Piraju - Fazenda Canaa
SIBO,Boa Esperanca - Sao Luiz
SIBU,Catole Da Rocha
SIBV,Nova Alvorada Do Sul - Bela Vista
SIBW,Conceicao
SIBX,Buritama - Rosana Camargo
SIBY,Monteiro
SIBZ,Itaporanga
SICA,Sao Joao Do Rio Do Peixe - Brejo Das Freiras
SICB,Cuite - Pedro Simoes Pimenta
SICH,Tres Lagoas - Fazenda Serrinha
SICJ,Sapezal - Gaivota Aviacao Agricola
SICK,Capelinha
SICM,Brasilandia - Nossa Senhora De
SICN,Sandovalina - Vista Bonita
SICO,Lucas Do Rio Verde - Agricola
SICP,Faxinal - Walter Beckert
SICW,Campo Alegre De Goias - Fazenda Santa Fe
SICY,Chapada - Fazenda Do Cedro
SIDB,Coelho Neto - Almir Lopes De
SIDD,Maracaju - Sao Joao
SIDG,Ponta Pora - Fazenda Jatobasso
SIDM,Barra Do Garcas - Fazenda Cibrapa
SIDN,Ipero - Fazenda Ipanema
SIDR,Miranda - Retiro Piuva
SIDS,Corumba - Santa Lucinha
SIDY,Lunardelle - Fazenda Yanduy
SIDZ,Caarapo - Estancia Ayrton Senna
SIEA,Guararapes - Fazenda Ibipora
SIEB,Dois Irmaos Do Buriti - Carrapicho
SIEC,Presidente Eptacio - Fazenda Anhumas Ii
SIED,Verdelandia - Colonial
SIEF,Campo Grande - Sao Jose
SIEG,Taquarussu - Santa Edwiges
SIEJ,Nova Monte Verde Apt
SIEL,Caceres - Varzea Funda
SIEN,General Carneiro - Sao Marcos
SIET,Miranda - Estancia Tara
SIEV,Bodoquena - Onca
SIEZ,Tibagi - Pedra Branca
SIFA,Miranda - Fazenda Sete
SIFC,Miranda - Fazenda Cachoeirinha
SIFD,Caceres - Fazenda Dois Irmaos
SIFE,Nova Fatima - Fazenda Dinora
SIFF,Corumba - Fazenda Firme
SIFH,Santa Rita Do Araguaia Apt
SIFJ,Rio Brilhante - Fazenda Jurema
SIFM,Aripuana - Fazenda Mudanca
SIFN,Autazes - Planura
SIFQ,Flores Da Cunha - Condominio Menega
SIFR,Romaria
SIFT,Vila Bela Da Santissima Trindade - Fazenda Travessao
SIFU,Barra Do Pirai - Fazenda Ribeirao
SIFV,Aracruz - Primo Bitti
SIFW,Corumba - Sao Lourenco
SIFY,Porto Murtinho - Fazenda Yndiana
SIGF,Chapada Dos Guimaraes - Jopejo
SIGL,Nova Andradina - Fazenda Boa Sorte
SIGM,Caceres - Sao Benedito
SIGN,General Carneiro - Asa Delta
SIGO,Gaucha Do Norte - Fazenda Araguari
SIGS,Paracatu - Granja Santiago
SIGT,Itabera - Fazenda Goiabeira
SIGU,Ribas Do Rio Pardo - Fazenda Cafe No
SIGW,Caracol - Estancia Miranda
SIGX,Juara - Gairova
SIGY,Sebastiao Leal - Fazenda Progresso
SIHB,Grajau - Soberana
SIHG,Pium - Fazenda Ponderosa
SIHI,Picarras - Fazenda Itaipavas
SIHJ,Palmas - Flyer
SIHN,Bela Vista - Estancia Vacadiga
SIHV,Paracatu - Fazenda Boa Sorte
SIHW,Ribeirao Preto - Agrishow
SIIA,Brasnorte - Parana
SIID,Itaituba - Crepurizao
SIIE,Ribas Do Rio Pardo - Fazenda Cachoeira Branca
SIIG,Rancharia - Botelho
SIII,Guaira - Heraclito Da Motta
SIIK,Ribas Do Rio Pardo - Fazenda Santa Lidia
SIIM,Rio Verde Do Mato Grosso - Fazenda Girua
SIIN,Itaituba - Independencia
SIIQ,Sonora - Fazenda Aracoxim
SIIS,Vila Alta - Fazenda Uberaba
SIIU,Campo Florido - Santa Marta
SIIX,Agua Boa - Corrego Fundo
SIIZ,Diamantino - Fazenda Chalana
SIJE,Corumba - Joana Estancia
SIJG,Guararapes - Fazenda Jaguarete
SIJJ,Aral Moreira - Salamanca
SIJK,Vazante
SIJM,Barao De Melgaco - Santa Maria
SIJO,Corumba - Sao Joao
SIJR,Balsa Nova - Ely Rego
SIJU,Juina - Fazenda Areia Branca
SIJZ,Itaituba - Vera Paz
SIKB,Agua Boa
SIKC,Colider
SIKJ,Alta Floresta - Fazenda Cristalino
SIKK,Arcos - Calciolandia
SIKM,Arame - Fazenda Viamao
SIKN,Arame - Fazenda Bonanza
SIKO,Maues - Fazenda Pison
SIKP,Corumba - Santa Teresa
SIKQ,Itaituba - Fazenda Samauma
SIKX,Colombia - Fazenda Continental
SIKY,Costa Rica - Fazenda Beira Rio
SIKZ,Parnarama - Fazenda Olho D`Agua
SILA,Jatei - Santa Ada
SILB,Chapada Dos Guimaraes - Mario Luiz Spinelli
SILC,Lucas Do Rio Verde - Muni
SILD,Bodoquena - Colorado
SILG,Sapezal - Fazenda Panama
SILI,Angra Dos Reis Apt
SILJ,Laranjal Do Jari Apt
SILM,Flores De Goias - Fazenda Regalito
SILN,Paragominas - Fazenda Rio Capim
SILQ,Cascavel - Aeroleve
SILS,Itaituba - Agua Branca
SILT,Santa Fe Do Sul - Trez Irmaos
SILU,Miranda - Fazenda Cristo
SILW,Bela Vista - Fazenda Mata Assombrada
SILX,Peixoto De Azevedo - Fazenda Jandaia
SILY,Vila Alta - Tres Marias
SILZ,Juazeiro - Fazenda Mariad
SIMA,Corumba - Fazenda Mandiore
SIME,Davinopolis - Comandante Carlos Inacio
SIMF,Unai - Fazenda Sao Miguel
SIMG,Porto Murtinho - Seis Palmas
SIMI,Tacuru - Fazenda Boa Vista
SIMJ,Capinopolis
SIMK,Franca
SIML,Moju - Codenorte
SIMO,Barao De Melgaco Apt
SIMQ,Corumba - Dois De Maio
SIMR,Rio Verde - Reunidas
SIMU,Anaurilandia - Fazenda Mutum
SIMV,Uberaba - Mata Velha
SIMW,Jaraguari - Fazenda Retiro
SIMX,Jangada Apt
SIMY,Itaquirai - Porto Oculto
SIMZ,Sonora - Maio
SINA,Sao Pedro Do Parana
SINC,Baiao - Nova Conceicao Agroindustrial
SING,Nova Granada - Sao Joao
SINH,Novo Horizonte Do Sul - Fazenda Esperanca
SINJ,Coxim - Novo Horizonte Tattersal
SINK,Parapua - Fazenda Negrinha
SINM,Nova Mutum - Fazenda Itanhanga
SINN,Balsas - Nova Holanda
SINO,Bom Jesus Das Selvas - Fazenda Mapisa
SINP,Jardim - Santa Maria
SINQ,Laranjal Do Jari Apt
SINR,Alcinopolis - Fazenda Recanto
SINS,Campo Grande - Fazenda Cachoeira
SINT,Santa Isabel
SINU,Bela Vista - Xerez
SINV,Custodia - Santa Rita
SINZ,Fernandes Pinheiro - Xanadu
SIOA,Lassance - Fazenda Perdizes
SIOB,Andradina - Fazenda Guanabara
SIOC,Nova Independencia - Expedito
SIOD,Nova Andradina - Santa Helena
SIOE,Dois Vizinhos - Mocelin
SIOF,Nova Alvorada Do Sul - Fazenda Cachoeira
SIOI,Uniao Do Sul - Rio Arraias
SIOJ,Sao Jose Dos Quatro Marcos - Soroteca
SIOK,Nobres - Agua Doce
SIOL,Corumbaiba - Fazenda Pontal
SIOM,Uniao Do Sul - Rio Ouro
SIOO,Porto Murtinho - Fazenda Piquiri
SIOP,Porto Murtinho - Fazenda Londrina Ii
SIOQ,Iguatemi - Mato Alto
SIOR,Corumba - Fazenda Sao Miguel
SIOS,Jatei - Santa Josefa
SIOT,Santa Rita Do Pardo Apt
SIOU,Corumba - Santa Helena
SIOV,Prado - Taua
SIOZ,Santana Do Araguaia - Fazenda Santa Fe
SIPA,Sao Jose Do Rio Pardo
SIPB,Raposa - Ultraleve
SIPC,Belem - Ceu
SIPE,Goiana - Itapessoca
SIPG,Cocalinho - Agua Preta
SIPH,Caseara - Fazenda Palmeiras
SIPJ,Sao Goncalo Do Abaete - Marreco
SIPK,Pocone - Sesc Pantanal
SIPL,Planalto Da Serra - Entre Serras
SIPN,Porto Murtinho - Fazenda Progresso
SIPO,Condeuba - Sebastiao Jose Pereira
SIPQ,Sao Miguel Do Passa Quatro - Fazenda Rancho Estrela
SIPR,Parauna - Sao Jose
SIPU,Perdizes - Fazenda Lagoa Da
SIPY,Portel - Ambrosio
SIQA,Baia Formosa - Antonio Farias
SIQB,Portel - Monte Verde
SIQC,Costa Rica - Fazenda Paraiso
SIQD,Terenos - Estancia Regina
SIQE,Brasilia - Botelho
SIQG,Nova Canaa Do Norte - Morro Alto
SIQI,Palmares Do Sul - Aerolis
SIQJ,Chapada Dos Guimaraes - Ii
SIQK,Nova Odessa - Rodrigues
SIQM,Porteirao - Fazenda Bom Jardim
SIQN,Sao Jose Do Xingu - Flor Da Mata
SIQO,Corumba - Mercedes Estancia
SIQQ,Bom Jesus - Resende
SIQR,Bonopolis - Fazenda Triangulo
SIQS,Porto Estrela - Sol
SIQU,Aparecida Do Taboado - Alcoolvare
SIQV,Sapezal - Sol Aberto
SIQW,Porto Esperidiao - Santa Maria
SIQX,Porto Estrela - Fazenda Barranquinho
SIQY,Sorriso - Fazenda Amizade
SIQZ,Buritis - Fazenda Carolina
SIRA,Sorriso - Fazenda Magiana
SIRB,Rio Brilhante - Fazenda Mimoso
SIRC,Peixoto De Azevedo - Fazenda Jarina
SIRD,Novo Santo Antonio - Rancho Jatoba
SIRE,Sao Domingos - Iv
SIRF,Rio Formoso - Jose Mucio Monteiro
SIRG,Alto Da Boa Vista - Fazenda Esperanca
SIRH,Coxim - Morada Da Lua
SIRI,Marau - Barra Grande
SIRJ,Itaituba - Caima
SIRN,Nova Xavantina - Fazenda Jao
SIRQ,Chupinguaia - Fazenda Maranata
SIRR,Paranaita - Coqueiros
SIRS,Campo Florido - Sao Sebastiao
SIRT,Sao Jose Do Rio Claro - Marca De Casco
SIRU,Pedra Preta - Fazenda Bahia
SIRV,Porto Esperidiao - Morro Branco
SIRW,Sambaiba - Fazenda Serra Vermelha
SISB,Bom Jesus Do Araguaia - Eldorado Agropecuaria Paleana
SISD,Aparecida Do Rio Doce - Sao Sebastiao
SISE,Sao Felix Do Araguaia - Fazenda Kanaxue
SISF,Bonito - Santa Feliciana
SISI,Acreuna - Fazenda Sete Ilhas
SISJ,Corumba - Sao Jose
SISL,Barao De Melgaco - Santa Lucia
SISN,Sonora - Nossa Senhora
SISO,Chaves - Fazenda Santo Ambrosio
SISP,Ipigua - Santa Paula
SISS,Ribas Do Rio Pardo Apt
SISU,Santa Rita Do Pardo Apt
SISW,Campos De Julio - Fazenda Mato Grosso
SISX,Aquidauana - Santa Terezinha
SISY,Piraquara
SISZ,Itaituba - Santa Felicidade
SITA,Itaituba - Nossa Senhora Da
SITB,Navirai - Touro Branco
SITC,Tabapora - Carmine Castaldo
SITD,Itaituba - Cara Preta
SITF,Pacaraima - Deposito
SITH,Turvelandia - Fazenda Itaipu
SITJ,Balsas - Sao Gabriel
SITL,Tamboril - Fazenda Flores
SITN,Corumba - Antonio Diamandore
SITO,Itaituba - Muricoca
SITR,Terenos - Corrego Limpo
SITT,Balsas - Guaira
SITU,Turvelandia - Santa Genoveva
SITV,Santa Rita Do Trivelato - Fazenda Chapadao
SITW,Sao Raimundo Das Mangabeiras - Fazenda Santa Luzia
SITX,Aquidauana - Chapeu De Pano
SITY,Aquidauana - Sao Geraldo
SITZ,Monte Azul - Fazenda Mrv
SIUA,Santa Rita Do Pardo Apt
SIUB,Sorriso - Aerojaco
SIUC,Itaituba - Selva De Pedra
SIUF,Peixoto De Azevedo - Sao Francisco
SIUG,Sandovalina - Santa Irene
SIUH,Itauba - Santa Ana
SIUJ,Itaituba - Pista Santa Tereza
SIUK,Jacareacanga - Serra Verde
SIUL,Sao Raimundo Das Mangabeiras - Agrosserra
SIUM,Balsas - Planeste
SIUO,Sao Jose Do Xingu - Santa Adelia
SIUQ,Campo Grande - Fazenda Primavera
SIUR,Camapua - Fazenda Ribeirao
SIUS,Jatei - Rosa S. Rezek
SIUT,Prado - Sao Paulo
SIUV,Selviria - Fazenda Sao Matheus
SIUW,Tres Lagoas - Candote
SIUX,Itaituba - Sao Domingos
SIUY,Novo Progresso - Santos Dumont
SIUZ,Novo Progresso - Boa Esperanca
SIVC,Mutunopolis - Fazenda Iporanga
SIVD,Unai - Tres Rios
SIVE,Itapetininga - Fazenda Royal
SIVG,Sinop - Selva
SIVJ,Jaboticatubas - Cirrus Sociedade Aerodesportiva
SIVK,Monte Alegre De Goias - Crispiano
SIVL,Junco Do Serido - Flor De Lys
SIVN,Montes Claros - Fazenda Sansara
SIVO,Bom Jesus Do Araguaia - Fazenda Malu
SIVP,Nova Crixas - Fazenda Bandeirante
SIVQ,Deodapolis - Fazenda Annalu
SIVR,Itaituba - Fazenda Sao Raimundo
SIVU,Vila Velha - Joao Moteiro
SIVV,Barao De Melgaco - Fazenda Bororeo
SIVW,Jacupiranga
SIVY,Tasso Fragoso - Fazenda Sapucai
SIVZ,Itaqui - Mata-Fome
SIWA,Aripuana Apt
SIWB,Amambai - Fazenda Sperafico
SIWC,Diamantino - Santa Rita
SIWE,Monte Carlo - Nelson Pizzani
SIWF,Diamantino - Algodoeira
SIWG,Rosario Oeste - Sao Jose
SIWH,Santana Do Araguaia - Frigorifico Atlas
SIWI,Diamantino - Guapirama
SIWJ,Campo Verde - Eduardo Magalhaes
SIWK,Santa Rita Do Trivelato Apt
SIWL,Diamantino - Fazenda Espigao
SIWM,Goiatuba - Fazenda Bandeirantes
SIWN,Joviania - Flores
SIWP,Laguna Carapa - Agua Doce
SIWQ,Santa Rita Do Pardo - Fazenda Mateira
SIWR,Nova Crixas - Fazenda Amazonas
SIWT,Itaituba - Santa Helena
SIWU,Corumba - Nossa Senhora Da
SIWV,Itaituba - Boa Vista
SIWY,Corumba - Fazenda Campo Augusta
SIWZ,Aquidauana - Fazenda Fazendinha
SIXA,Suzanopolis
SIXB,Corumba - Fazenda Ilha Verde
SIXD,Santana Do Livramento - Fazenda Da Paz
SIXE,Eldorado Do Sul Apt
SIXF,Campo Alegre De Goias - Fazenda Soledade
SIXG,Catalao - Pouso Alegre
SIXI,Itororo - Antonio Andrade
SIXL,Canarana - Sao Francisco
SIXM,Itaituba - Tapajos
SIXO,Comodoro - Nossa Senhora De
SIXP,Diamantino - Fazenda Paiaguas
SIXQ,Paranhos - Sao Joao
SIXV,Alcinopolis - Planalto
SIXW,Caapora - Cimento Poty
SIXX,Guaranta Do Norte Apt
SIXZ,Taquarivai - Fazenda Spartacus
SIYE,Aquidauana - Fazenda Campo Helio
SIYF,Itai - Fazenda Araras
SIYH,Rio Verde Do Mato Grosso - Fazenda Cruzeiro
SIYK,Urutai - Metalico
SIYN,Pimenta Bueno - Eletro Primavera Ltda
SIYO,Montividiu
SIYP,Alta Floresta - Fazenda Shangri La
SIYQ,Tapura
SIYR,Tapajara - Santa Terezinha
SIYS,Itajuba - Helibras
SIYT,Juruti - Mamuru
SIYW,Itaituba - Salvacao
SIYX,Andradas - Fazenda Varginha
SIYY,Pocone - Ilha Do Caracara
SIZA,Entre Rios - Parque Manoelito Argolo
SIZC,Faria Lemos - Fazenda Fenix
SIZF,Altonia - Nossa Senhora Das
SIZG,Sao Manuel - Das Aguas
SIZH,Aparecida Do Taboado - Fazenda Vista Alegre
SIZI,Itaruma - Vitoria
SIZK,Barra Do Garcas - Vera Cruz
SIZM,Nova Andradina - Fazenda Douradinho
SIZN,Corumbiara - Santa Ana
SIZO,Cocalinho - Calcario Vale
SIZQ,Botucatu - Fazenda Real
SIZR,Corumbiara - Fazenda Carolina
SIZS,Gaucha - Agropecuaria Equus
SIZT,Corumba - Fazenda Buriti
SIZX,Juara
SJAA,Pontes E Lacerda - Sao Jose
SJAC,Sao Felix Do Araguaia - Fazenda Rio Preto
SJAE,Ribeirao Cascalheira - Fazenda Furnas
SJAF,Campo Novo Do Parecis - Agua Limpa
SJAG,Vila Bela Da Santissima Trindade - Fazenda Paredao
SJAI,Montividiu Do Norte - Fazenda Davilandia
SJAK,Tupaciguara - Fazenda F5
SJAL,Acailandia - Santa Maria
SJAQ,Unai - Fazenda Renascenca
SJAR,Santa Clara D`Oeste - Bela Manha
SJAS,Reginopolis - Fazenda Sao Roque
SJAU,Araguacema
SJAW,Gaviao Peixoto - Fazenda Citricola
SJAX,Sao Desiderio - Fazenda Acalanto
SJAY,Sao Desiderio - Ventura
SJAZ,Sao Desiderio - Fazenda Querubim
SJBF,Mimoso De Goias - J.K.
SJBK,Altamira - Iriri
SJBN,Altamira - Aldeia Pykany
SJBR,Corumba - Fazenda Santa Luzia
SJBS,Corumba - Fazenda Livramento
SJBT,Aquidauana - Sao Joao
SJBU,Lagoa Dos Patos - Fazenda Baluarte
SJBW,Sao Pedro Do Ivai - Barbacena
SJBX,Sao Jose Do Mipibu - Severino Lopes
SJBY,Santa Ines - Joao Silva
SJBZ,Itaruma - Tres Barras
SJCA,Mococa - Comandante Vittorio Bonomi
SJCD,Pedro Gomes - Fazenda Pingo D`Agua
SJCE,Rio Brilhante - Usina Eldorado
SJCF,Canarana - Estrela D`Alva
SJCL,Nova Crixas - Aracatuba
SJCM,Pontal Do Araguaia - Fazenda Sao Marcus
SJCN,Cristalina Apt
SJCO,Penapolis - Fazenda Aparecida
SJCP,Parauna - Fazenda Sao Roberto
SJCQ,Baixa Grande - Fazenda Serra Azul
SJCW,Urucara - Jatapu
SJCY,Cuiaba - Estancia Santa Rita
SJCZ,Nova Ubirata - Fazenda Paraiso
SJDA,Uberaba - Fazenda Cruzeiro
SJDD,Taquarussu - Jumbo
SJDG,Altamira - Projeto Iriri
SJDH,Jaborandi - Fazenda S.M.
SJDI,Navirai - Concordia
SJDJ,Uruguaiana - Arenhart
SJDL,Corumba - Fazenda Paraiso
SJDN,Aquidauana - Fazenda Campo Alegre
SJDS,Eusebio - Fabrica Fortaleza
SJDT,Aquidauana - Fazenda Sao Roque
SJDU,Uruguaiana - Nossa Senhora
SJDV,Corumba - Fazenda Redencao
SJDW,Caracol - Fazenda Canada
SJDX,Aquidauana - Fazenda Bandeirantes
SJDY,Camapua - Fazenda Da Barra
SJEA,Palmeiropolis - Santana
SJED,Corumba - Fazenda Abath
SJEF,Aquidauana - Costa Rica
SJEG,Corumba - Estancia Esmeralda
SJEH,Ribeirao Bonito - Santa Eliza
SJEJ,Avai - Fazenda Bonanza
SJEK,Canarana - Satelite Aviacao
SJEL,Itaituba - Eldorado
SJEM,Vera - Estancia Pousada
SJEN,Santa Vitoria Do Palmar - Silva
SJEQ,Corumba - Fazenda Bom Jesus
SJER,Acreuna - Fazenda Canada
SJES,Corumba - Fazenda Agua Pe
SJET,Corumba - Fazenda Recreio
SJEU,Corumba - Fazenda Sao Cristovao
SJEV,Corumba - Sao Francisco
SJEW,Sao Desiderio - Fazenda Horita
SJEX,Sao Desiderio - Vitoria
SJEY,Indiapora - Fazenda Agronet
SJFB,Riachao - Fazenda Bacuri
SJFF,Estrela D`Oeste
SJFG,Itaituba - Fazenda Penedo
SJFI,Cuiaba - Cifi
SJFJ,Santo Antonio Do Leverger - Tres Marias Da
SJFK,Araguacu - Fazenda Cachoeira
SJFL,Sandolandia - Fazenda Campo Formoso
SJFM,Eldorado - Fazenda Macuco
SJFN,Coxim - Brasil Novo
SJFO,Porteirao - California
SJFP,Corumbiara - Fazenda Perobal
SJFQ,Itatinga - Fazenda Quatrirmas
SJFR,Brasnorte - Fronteira
SJFT,Nova Bandeirantes - Triunfo Rio
SJFU,Bananeiras - Tabuleiro
SJFV,Monte Alegre De Minas - Fazenda Gaia
SJFW,Unai - W. Egidio Iii
SJFX,Sao Desiderio - Angelo
SJGA,Aveiro - Aerorural Floramazon
SJGB,Campo Novo Do Parecis - Fazenda Ponte De
SJGC,Sao Desiderio - Fazenda Busato
SJGD,Sao Desiderio - Rio Brilhante
SJGE,Itaituba - Pista Nacoes Unidas
SJGF,Pantano Grande - Aerodromo Nova Era
SJGH,Sao Borja - Aeropel
SJGI,Corumba - Fazenda Cypi
SJGJ,Corumba - Namocoli
SJGK,Santana Do Araguaia - Fazenda Rio Liberdade
SJGN,Sao Jose Do Rio Claro - Agromar
SJGO,Eldorado Apt
SJGP,Rondonopolis - Condominio Fly In
SJGR,Crixas - Fazenda Cavalgada Grande
SJGT,Apiacas - Salto Augusto
SJGU,Araguatins
SJGW,Sinop - Estancia Floresta
SJGX,Camaqua - Praia Velha
SJGY,Sao Domingos - Fazenda Barriguda
SJGZ,Anaurilandia - Aracatuba
SJHA,Amambai - Janaina
SJHD,Brasilandia - Modelo
SJHE,Ipiranga Do Norte - Fazenda Palmeira
SJHF,Urucui - Bunge
SJHG,Confresa
SJHH,Serranopolis - Poruina
SJHJ,Cacoal - Fazenda Remanso
SJHK,Dom Pedrito - Musica
SJHL,Eldorado Do Carajas
SJHM,Sapezal - Fazenda Globo
SJHN,Alfredo Wagner - Belluno
SJHO,Diamantino - Colorado
SJHP,Ribas Do Rio Pardo - Monte Belo
SJHQ,Sao Jose Do Xingu Apt
SJHS,Uberlandia - Fazenda Sao Vicente
SJHT,Corguinho - Fazenda Anb
SJHU,Vila Bela Da Santissima Trindade - Agropecuaria Vale
SJHW,Engenheiro Navarro - Mauricio Joppert
SJHX,Acailandia Apt
SJHZ,Paranatinga - Dois Netos
SJIC,Santa Rita Do Pardo - Pedro Da Costa
SJID,Tres Lagoas - Fazenda Goiaba
SJIE,Sapezal Apt
SJIF,Iguatemi - Nova Era
SJII,Dourados - Sao Marcos
SJIJ,Alto Taquari - Fazenda Amparo
SJIL,Corumba - Santa Barbara
SJIO,Santa Cecilia - Guararapes
SJIQ,Limeira Do Oeste
SJIR,Iramaia - Engenheiro Joaquim Martins
SJIS,Ribas Do Rio Pardo - Fazenda Futuro
SJIT,Itau De Minas
SJIU,Esplanada - Fazenda Beija Flor
SJIV,Macambara - Sao Joao
SJIY,Itaituba - Sao
SJIZ,Porto Esperidiao - Modulo Aguapei
SJJA,Novo Progresso - Jamanxin
SJJB,Brasilandia - Fazenda Cacique
SJJF,Novo Aripuana - Rio Roosevelt
SJJG,Querencia - Fazenda Tanguru
SJJH,Vitoria Do Xingu
SJJJ,Chupinguaia - Juliana
SJJK,Alta Floresta - Fazenda Taquaral
SJJL,Barreiras - Fazenda Campo Aberto
SJJM,Sapezal - Ltda
SJJN,Agua Clara - Apoio
SJJO,Monte Alegre De Goias Apt
SJJP,Itaituba - Sao Francisco
SJJR,Andrelandia - Fazenda Recreio
SJJT,Pium - Fazenda Vale Verde
SJJU,Nova Lacerda - Fazenda Barra Mansa
SJJV,Aveiro - Fazenda Pilar
SJJW,Aquidauana - Santa Emilia
SJJX,Tailandia - Maca Aero
SJKA,Campo Novo Do Parecis - Aerocampo
SJKB,Cotriguacu
SJKC,Apiacas - Costa Norte Ii
SJKG,Uruara - Jatoba
SJKH,Itaituba - Boa Fe
SJKI,Macapa - Curiau
SJKJ,Sonora - Fazenda Cangaia
SJKL,Normandia - Cana
SJKM,Uiramuta - Canawapai
SJKN,Uiramuta - Caracana
SJKO,Normandia - Cararuau
SJKP,Uiramuta - Caraparu
SJKQ,Uiramuta - Mapae
SJKR,Itaituba - Pista Krb
SJKS,Mucajai - Catrimani I
SJKT,Normandia - Contao
SJKU,Uiramuta - Cumaipa
SJKV,Pacaraima - Cumana
SJKW,Pacaraima - Cumana Ii
SJKX,Normandia - Cutia
SJKZ,Uiramuta - Estevao
SJLA,Uiramuta - Flechal
SJLB,Lambari D`Oeste - Fazenda Chaparral
SJLC,Alto Alegre - Hakoma
SJLD,Lambari D`Oeste - Campo
SJLE,Alto Alegre - Halikato-U
SJLF,Iracema - Homoxi
SJLH,Bonfim - Jacamim
SJLI,Bom Jardim - Fazenda Lilliani
SJLJ,Caroebe - Jatapuzinho
SJLK,Bonfim - Lago Grande I
SJLL,Normandia - Maturuca
SJLM,Pacaraima - Leao De Ouro
SJLN,Pacaraima - Maloquinha
SJLO,Uiramuta - Manalai
SJLP,Bonfim - Manoa-Pium
SJLQ,Normandia - Maracana
SJLS,Bonfim - Marupa
SJLT,Boa Vista - Milho
SJLU,Caracarai - Missao Catrinami
SJLV,Uiramuta - Morro
SJLW,Pacaraima - Mudubim I
SJLX,Uiramuta - Mutum
SJLZ,Uiramuta - Orinduque
SJMA,Sonora - Fazenda Mundo Acabado
SJMD,Iracema - Paapiu Novo
SJME,Pacaraima - Mato Grosso
SJMF,Normandia - Pacu
SJMH,Alto Alegre - Palimiu
SJMI,Alto Alegre - Parafuri
SJMJ,Uiramuta - Pedra Branca
SJMK,Uiramuta - Pedra Preta
SJML,Pacaraima - Piolho
SJMM,Uiramuta - Pipi
SJMN,Normandia - Raposa
SJMO,Pacaraima - Santa
SJMP,Pacaraima - Santa
SJMQ,Normandia Apt
SJMR,Itaquirai - Maragogipe
SJMT,Pacaraima - Sao Miguel Cachoeirinha
SJMU,Uiramuta - Sauparu
SJMV,Uiramuta - Serra Do Sol
SJMW,Uiramuta - Soco
SJMX,Pacaraima - Suapi
SJMZ,Sao Desiderio - Fazenda Mizote
SJNA,Belem Apt
SJNB,Pacaraima - Ubaru
SJNC,Alto Alegre - Uraricoera
SJND,Itaituba - Nova Descoberta
SJNE,Bonfim - Wapum
SJNF,Uiramuta - Wilimon
SJNG,Alto Alegre - Xidea
SJNH,Corumba - Fazenda Nhu Vera
SJNI,Nova Mutum Apt
SJNJ,Jussara - Fazenda Lakanka
SJNK,Santa Luzia D`Oeste - Tres Perobas
SJNL,Campo Novo Do Parecis - Fazenda Reata
SJNM,Nova Mutum - Fazenda Santa Luzia
SJNN,Nova Mamore - Botelho
SJNO,Corumba - Fazenda Nazare
SJNP,Novo Progresso
SJNQ,Medeiros Neto - Destilaria Medasa
SJNR,Benevides - Norte Jet
SJNS,Paranaita - Macacos
SJNU,Ribeirao Cascalheira - Campo Alto
SJNV,Gouvelandia - Sao Francisco
SJNW,Novo Mundo - Fazenda Nhandu
SJNX,Chapadao Do Ceu - Cosmos Aviacao
SJNZ,Sapezal - Tres Lagoas
SJOG,Ariquemes
SJOH,Juruti
SJOI,Porto Murtinho - Jaguatirica
SJOJ,Acailandia - Simasa
SJOK,Agua Clara - Modelo
SJOM,Castanheira - Fazenda Karla Renata
SJON,Corumba - Sao Jose
SJOO,Comodoro - Joao Osmar De
SJOR,Macapa - Fazenda Parabufalos
SJOU,Paranatinga - Marfrig Frigorifico
SJOW,Santo Antonio Do Aracangua - Fazenda Guadalupe
SJOX,Sao Desiderio - Fazenda Brinquinho
SJOY,Sao Desiderio Apt
SJPA,Pimenta Bueno Apt
SJPG,Itaituba - Neve
SJPH,Luziania - Palma
SJPI,Cocalzinho De Goias - Fazenda Pirapitinga
SJPK,Luis Eduardo Magalhaes - Marcos Da Cunha
SJPL,Deodapolis - Fazenda Australia
SJPO,Piranhas - Xingo
SJPP,Alta Floresta - Aero Rural
SJPQ,Unai - Avstal
SJPS,Barra Do Bugres - Fazenda Monte Belo
SJPU,Itaituba - Pau D`Arco
SJPV,Lucas Do Rio Verde - Fazenda Guimaraes
SJPW,Lucas Do Rio Verde - Guimaraes Ii
SJPX,Poxoreo - Cidade Verde
SJQA,Sao Desiderio - Fazenda Clarim
SJQB,Cumaru Do Norte - Fazenda Symalu
SJQD,Aquidauana - Negro
SJQE,Piraquara - Bonacin
SJQF,Campo Novo Do Parecis - Fazenda Londrina
SJQH,Labrea - Tempero Seco
SJQI,Pocone - Porto Jofre
SJQK,Boa Vista - Barra
SJQN,Quirinopolis
SJQQ,Portel - Fazenda Terra Alta
SJQR,Valparaiso - Jacarezinho
SJQS,Chapada Dos Guimaraes - Paredao Da Serra
SJQT,Nova Lima - Fazenda Haras Rpc
SJQV,Motuca - Santa Luiza
SJQX,Uruara Apt
SJQZ,Porto Nacional - Dona Iracema
SJRA,Sao Felix Do Xingu Apt
SJRB,Santa Cruz Do Xingu - Fazenda Vr
SJRC,Vila Bela Da Santissima Trindade Apt
SJRG,Rio Grande
SJRH,Campo Verde - Fazenda Galheiro
SJRI,Baixa Grande Do Ribeiro - Condominio Boa Esperanca
SJRJ,Itaituba - Agromineral Mutum
SJRK,Santana Do Araguaia - Agropecuaria Sao Roberto
SJRL,Nobres - Fazenda Do Acucar
SJRO,Auriflama - Santa Elisa
SJRP,Miranda - Santangelo Agropecuaria
SJRR,Parauna - Fazenda Barreiro
SJRS,Junqueiropolis - Fazenda Guanabara
SJRT,Paranatinga - Fazenda Arrendamento
SJRV,Nova Maringa - Jararaca
SJRW,Agua Clara - Pch Buriti
SJSA,Juti - Fazenda Aimores
SJSC,Corumba - Sao Sebastiao
SJSD,Sidrolandia - Fazenda Sao Bento
SJSE,Itaituba - Serabi
SJSF,Sao Francisco Sales - Agropecuaria Barrinha
SJSH,Governador Celso Ramos - Sonhar
SJSJ,Agua Clara - Sao Jose
SJSK,Minas Novas - Mario Spada
SJSL,Icaraima - Santa Luiza
SJSM,Itaruma - Santa Rita
SJSN,Sao Luiz Do Norte - Carvalho
SJSO,Lucas Do Rio Verde - Divisao Ii
SJSR,Mara Rosa
SJSS,Sorriso - Agrifor
SJSU,Vila Alta - Fazenda Sao Marcus
SJTA,Bora - Cristal
SJTB,Chapada Dos Guimaraes - Fazenda Buriti
SJTF,Alta Floresta D`Oeste - Fazenda Mequens
SJTG,Tangara Da Serra Apt
SJTI,Tibagi - Fazenda Iapo
SJTJ,Nova Alvorada Do Sul - Fazenda Guanabara
SJTK,Brotas - Ecofly
SJTL,Jaguapita - Agricola Gaivota
SJTM,Mirandopolis - Santa Cecilia
SJTN,Monte Alegre De Goias - Fazenda Alvorada
SJTO,Campo Novo Do Parecis - Sao Jose
SJTP,Tapura - Boa Safra
SJTQ,Petropolis - Fazenda Santa Tereza
SJTS,Terra Santa
SJTT,Novo Planalto - Fazenda Lagoa
SJTU,Campo Novo Do Parecis - Fazenda Tucano
SJTV,Juara - Fazenda Guerra
SJTZ,Dom Eliseu
SJUA,Correntina - Fazenda Ipanema
SJUB,Vila Bela Da Santissima Trindade - Fazenda Rio Azul
SJUC,Luis Eduardo Magalhaes - Jardim Paraiso
SJUD,Dourados Apt
SJUH,Pedrinopolis - Fazenda Lagoinha
SJUJ,Campos De Julio - Juina
SJUK,Tangara Da Serra - Capitao Verdi
SJUL,Iaras - Rio Pardo
SJUQ,Tres Lagoas - Fazenda Vista Alegre
SJUS,Britania - Fazenda Acara
SJUU,Nova Roma - Parana
SJVB,Vila Bela Da Santissima Trindade - Sagrado Coracao De
SJVC,Tanabi - Ibiporanga Da Felicidade
SJVD,Buritizeiro - Nazare Da Felicidade
SJVF,Figueirao - Colorado
SJVL,Perdizes - Fazenda Cachoeirinha
SJVM,Alta Floresta - Estancia California
SJVN,Almeirim - Limao
SJVO,Aragarcas
SJVP,Presidente Figueiredo - Vila Pitinga
SJVQ,Canapolis - Trialcool
SJVR,Jardim - Sao Joaquim
SJVS,Capinopolis - Paranaiba
SJVV,Minacu - Fazenda Catelani
SJVW,Balsas - Campos Gerais
SJVX,Ulianopolis - Pagrisa
SJVY,Sao Miguel Do Tocantins - Haras Bela Vista
SJVZ,Sapezal - Sao Paulo
SJWA,Maracaju Apt
SJWB,Piracanjuba - Pouso Alto
SJWC,Agua Clara - Nossa Senhora Da
SJWD,Rio Brilhante - Usina
SJWE,Canarana - Fazenda Arariba
SJWG,Alegrete - Itagro
SJWH,Nova Brasilandia - Fazenda Santa Ines
SJWI,Campo Grande - Fazenda Flor
SJWL,Gaucha Do Norte - Boca Da Mata
SJWM,Sapezal - Sanga Funda
SJWN,Taquarituba - Fazenda Santa Dulcina
SJWO,Barra Do Bugres - Terra Santa
SJWP,Sao Desiderio - Warpol
SJWQ,Birigui - Jose Dona
SJWT,Itiquira - Fazenda Sucuri
SJWU,Nova Venecia - Fazenda Ideal
SJWV,Sao Miguel Do Araguaia Apt
SJWW,Agua Clara - Fazenda Cachoeira Preta
SJWX,Euclides Da Cunha Paulista - Rio Alegre
SJXA,Bage - Aeromis
SJXB,Porto Esperdiao - Aquapey
SJXC,Santa Cruz Cabralia
SJXG,Sao Felix Do Araguaia - Fazenda Agroplan
SJXH,Irai - Aguas Frias
SJXM,Lima Duarte - Repetto
SJXN,Pocone - Futuro
SJXS,Belmonte - Veracel
SJXV,Amambai - Bela Vista
SJXW,Nova Alvorada Do Sul - Fazenda 3M
SJXX,Ponta Pora - Recreio
SJYD,Santa Luzia D`Oeste - Fazenda Kajussol
SJYE,Pacaraima - Agua Fria
SJYF,Caracarai - Ajarani
SJYG,Alto Alegre Apt
SJYI,Pacaraima - Arai
SJYJ,Alto Alegre - Aratha U
SJYK,Caracarai - Baixo Catrimani
SJYL,Alto Alegre - Baixo Mucajai
SJYM,Pacaraima - Bala
SJYO,Pacaraima - Bananal
SJYP,Uiramuta - Bananeira
SJYR,Pacaraima - Caju
SJYS,Normandia - Camara
SJYT,Pacaraima - Campo Formoso
SJYU,Pacaraima - Campo Grande
SJYW,Santa Terezinha Apt
SJYY,Brasnorte - Rio Do Sangue
SJYZ,Primavera Do Leste - Fazenda Lagoa Encantada
SJZA,Tapes - Capao Alto
SJZB,Castanheira - Tucana
SJZC,Maraial - Destilaria Sao Luiz
SJZD,Corumba - Fazenda Bandeiras
SJZE,Tres Lagoas - Fazenda Brioso
SJZF,Tres Lagoas - Fazenda Campo Triste
SJZG,Confresa - Brizola
SJZH,Nova Santa Helena - Fogo
SJZM,Arraias - Carlos Alberto
SJZO,Corumba - Boi Branco
SJZP,Novo Mundo - Mathovi
SJZQ,Corrente - Fazenda Monte Alegre
SJZR,Urucui - Fazenda Italia
SJZS,Urucui - Fazenda Canel
SJZT,Serra Ramalho - Fazenda Busato Ii
SJZW,Itatinga - Fazenda Regina
SJZX,Corumba - Fazenda Rebojo
SJZZ,Primavera Do Leste - Passo Fundo
SK53,Surimena - Yaguarito
SKAC,Araracuara
SKAD,Acandi - Alcides Fernandez
SKAG,Aguachica
SKAM,Amalfi
SKAN,Andes
SKAP,Apiay
SKAR,Armenia - El Eden
SKAS,Puerto Asis - Tres De Mayo
SKAT,Skat
SKBC,El Banco - Las Flores
SKBE,Becerril
SKBG,Bucaramanga - Palonegro
SKBM,Skbm
SKBN,Fonseca - Buenavista
SKBO,Bogota - El Dorado
SKBQ,Barranquilla - Ernesto Cortissoz
SKBR,Berastegui
SKBS,Bahia Solano - Jose Celestino Mutis
SKBU,Buenaventura - Gerardo Tobar Lopez
SKCA,Capurgana
SKCB,Carmen De Bolivar
SKCC,Cucuta - Camilo Daza
SKCD,Condoto - Mandinga
SKCG,Cartagena - Rafael Nunez
SKCH,Cartagena Del Chiara - El Pacifico
SKCI,Puerto Lopez - Carimagua
SKCL,Cali - Alfonso Bonilla Aragon
SKCM,Cimitarra
SKCN,Cravo Norte
SKCO,Tumaco - La Florida
SKCP,Bahia Solano - Cupica
SKCR,Caruru
SKCU,Caucasia - Juan H White
SKCV,Covenas
SKCZ,Corozal - Las Brujas
SKEB,El Bagre
SKEH,Skeh
SKEJ,Barrancabermeja - Yariguies
SKFL,Florencia - Gustavo Artunduaga Paredes
SKFR,Quipama - Furatena
SKFU,Fundacion
SKGA,Skga
SKGB,Cali - Marco Fidel Suarez
SKGI,Girardot - Santiago Vila
SKGO,Cartago - Santa Ana
SKGP,Guapi - Juan Casiano
SKGY,Chia - Guaymaral
SKGZ,Garzon
SKHA,Chaparral
SKHC,Hato Corozal
SKIB,Ibague - Perales
SKIG,Chigorodo
SKIM,Skim
SKIO,Limon - Cicuco
SKIP,Ipiales - San Luis
SKJU,Skju
SKLA,Malaga Apt
SKLC,Carepa - Antonio Roldan Betancourt
SKLG,Puerto Leguizamo - Caucaya
SKLM,La Mina-Maicao - Jorge Isaac
SKLP,La Pedrera
SKLT,Leticia - Alfredo Vasquez Cobo
SKMA,Madrid Air
SKMB,Skmb
SKMD,Medellin - Enrique Olaya Herrera
SKME,Melgar
SKMF,Miraflores
SKMG,Magangue - Baracoa
SKMJ,Maicao
SKML,Montelibano
SKMN,Casanare
SKMP,Mompos - San Bernardo
SKMR,Monteria - Los Garzones
SKMU,Mitu - Alberto Leon Bentley
SKMZ,Manizales - La Nubia
SKNA,Skna
SKNC,Necocli
SKNQ,Nuqui - Reyes Murillo
SKNV,Neiva - Benito Salas
SKOC,Ocana - Aguas Claras
SKOE,Orocue
SKOL,Puerto Lopez
SKOR,Orito
SKOT,El Rhin - Otu
SKPA,Paipa - Juan Jose Rondon
SKPB,Portete - Puerto Bolivar
SKPC,Puerto Carreno - German Olano
SKPD,Puerto Inirida - Obando
SKPE,Pereira - Matecana
SKPG,Puerto Gaitan
SKPI,Pitalito
SKPL,Plato
SKPN,Armenia - Puerto Nare
SKPP,Popayan - Guillermo Leon Valencia
SKPQ,La Dorada - German Olano Air
SKPR,Puerto Berrio
SKPS,Pasto
SKPV,Providencia - El Embrujo
SKPZ,Paz De Ariporo
SKQU,Mariquita - Jose Celestino Mutis
SKRA,Skra
SKRG,Rionegro - Jose Maria Cordova
SKRH,Riohacha - Almirante Padilla
SKRU,Skru
SKSA,Saravena - Los Colonizadores
SKSF,Sksf
SKSG,San Gil
SKSI,Mani - Santiago I
SKSJ,San Jose Del Guaviare - Jorge E. Gonzalez
SKSL,Sksl
SKSM,Santa Marta - Simon Bolivar
SKSO,Sogamoso - Alberto Lleras Camargo
SKSP,San Andres - Gustavo Rojas Pinilla
SKSV,San Vicente Del Caguan - Eduardo Falla Solano
SKTA,Tauramena
SKTB,Tibu
SKTD,Trinidad
SKTI,Las Ceibas - Tolemaida Air
SKTJ,Tunja
SKTL,Tolu
SKTM,Tame - Gustavo Vargas
SKTQ,Tres Esquinas
SKTU,Turbo - Gonzalo Mejia
SKUA,Marandua
SKUB,Skub
SKUC,Arauca - Santiago Perez
SKUI,Quibdo - El Carano
SKUL,Tulua - Farfan
SKUR,Urrao
SKVG,Villa Garzon
SKVL,Velasquez
SKVN,Villanueva
SKVP,Valledupar - Alfonso Lopez Pumarejo
SKVV,Villavicencio - Vanguardia
SKYA,San Vicente Del Caguan - Yaguara
SKYP,El Yopal
SLAB,Cordillera - Abopo
SLAG,El Banado - Monteagudo
SLAL,Sucre - Alcantarã­
SLAM,Gral. Ballivian - Arampampa
SLAN,Ballivian - Angora
SLAP,Apolo
SLAQ,Campero - Aiquile
SLAS,Ascension De Guarayos
SLBA,Baures
SLBB,Carrasco - Bulo Bulo
SLBF,Madre De Dios - Blanca Flor
SLBH,Ballivian - Buena Hora
SLBJ,Bermejo
SLBN,Mamore - Bella Union
SLBR,Itenes - Buen Retiro Itenez
SLBS,Itenes - Bella Vista
SLBT,Ballivian Apt
SLBU,Slbu
SLBV,De Montano
SLCA,Camiri
SLCB,Cochabamba - Jorge Wilsterman
SLCC,Copacabana
SLCD,Gutierrez - Canada
SLCE,Cordillera - Cabezas
SLCG,Cordillera - Charagua
SLCH,Chimore
SLCI,Gran Chaco - Caigua
SLCL,Abaroa - Collpani
SLCM,Yacuma - Camiare
SLCN,Charana
SLCO,Cobija - Capitan Anibal Arab
SLCP,Concepcion Apt
SLCR,M. Caballero - Comarapa
SLCS,Nor Lipez - Cerdas
SLCT,Mamore - Choreti Bolivia
SLCU,Sud Cinti - Culpina
SLCV,Ballivian - Cavinas
SLCX,Iturralde - Chive
SLCY,A. Ibanez - Collpa
SLDA,Ichilo - Caranda
SLDN,Yacuma - El Desengano
SLEA,Yacuma - El Cocal
SLEC,Yacuma - El Cairo
SLEE,Tesoro - El Escondido
SLEF,Yacuma - El Triunfo
SLEH,Mamore - El Rancho
SLEI,Cordillera - Espino
SLEK,Tesoro - El Condor
SLEO,Yacuma - El Paraiso
SLEP,Yacuma - El Peru
SLER,Hernando Siles - Cerrillos
SLES,Poopo - Estalsa
SLET,Santa Cruz - El Trompillo
SLEV,Ballivian - El Salvador
SLEZ,Moxos - La Esperanza
SLFA,Ballivian - Fatima
SLFL,Moira - Florida
SLFO,Moxos - Flor De Oro
SLFR,Moxos - Florencia
SLGP,Cordillera - Guirapembi
SLGY,Guayaramerin - Emilio Beltran
SLHA,Itenes - Cachascani
SLHC,H. Silez - Huacareta
SLHI,Slhi
SLHJ,Itenes - Huacaraje
SLHS,Parapeti - Chacobos
SLIG,Ballivian - Inglaterra
SLIN,Moxos - Santa Catalina
SLIP,Florida - Samaipata
SLIR,Itenes - Ibori
SLIT,Cordillera - Itaguazurenda
SLIX,Iturralde - Ixiamas
SLIY,La Joya - Intiraymi
SLIZ,Cordillera - Izozog
SLJA,Madre De Dios - Jatata
SLJE,San Jose De Chiquitos
SLJN,Cercado - San Juan Estancias
SLJO,San Joaquin
SLJS,Yacuma - Josuani
SLJV,San Javier Apt
SLLB,Yacuma - Las Brizas
SLLH,Itenes - Lago Huachi
SLLI,Ballivian - La India
SLLJ,Los Andes - Laja
SLLL,Ballivian - Laguna Loa
SLLP,La Paz / El Alto
SLLQ,L. Cabrera - Copaquilla
SLLS,Caraparicito - Lagunillas
SLLZ,Moxos - San Lorenzo
SLMB,Velasco - Mangabalito
SLMD,Iturralde - Madidi
SLME,Cordillera - Mandeyepecua
SLMG,Magdalena
SLMM,Velasco - Mora
SLMN,Manuripi
SLMX,Valle Grande - Monos Arana
SLMZ,Mizque
SLNL,Chiquitos - Canada Larga
SLNO,Yacuma - Nuevo Mundo
SLNV,Yacuma - Nieve
SLOR,Oruro - Juan Mendoza
SLPA,Guanacos - Palmar
SLPF,Velasco - Piso Firme
SLPG,Moxos - Progreso
SLPI,Moxos - Pitai
SLPL,J. Mendoza - Padilla
SLPM,Yacuma - Palmira
SLPN,Velasco - Porvenir Norte
SLPO,Potosi - Capitan Nicolas Rojas
SLPR,Puerto Rico/Manuripi
SLPS,Puerto Suarez - Capitan Av
SLPW,Luis Calvo - El Porvenir Sur
SLPY,Sanja Honda - Piray
SLQN,Ballivian - Coquinal
SLRA,San Ramon / Mamore
SLRB,Robore
SLRF,Velasco - Refugio
SLRH,Yacuma - Rancho Alegre
SLRI,Riberalta - Capitan Av
SLRL,Yacuma - Rosal
SLRP,Carangas - Rosapata
SLRQ,Rurenabaque
SLRR,Yacuma - Retiro
SLRS,Campo Ingelmeco - Rio Seco
SLRT,Yacuma - Santa Rita
SLRX,German Busch - Rincon Del Tigre
SLRY,Reyes
SLSA,Santa Ana Del Yacuma
SLSB,San Borja - Capitan Av
SLSD,Yacuma - San Carlos Gutierrez
SLSE,Angel Sandoval - Santa Teresita
SLSF,Beni - San Francisco
SLSG,Yacuma - San Miguel De
SLSH,Sud Yungas - Santa Ana De
SLSI,San Ignacio De Velasco - Capitan Av
SLSJ,Ladislao Cabrera - Salinas
SLSK,A. Ibanez - Santa
SLSM,San Ignacio De Moxos
SLSN,Gran Chaco - Sanandita
SLSP,Gran Chaco - Sipuati
SLSQ,Santiago De Chiquitos
SLSR,Santa Rosa De
SLSS,Cordillera - Saipiru
SLSU,Sucre - Padilla
SLTA,Cordillera - Taquipirenda
SLTC,Chiquitos - Tres Cruces
SLTE,Larecaja - Teoponte
SLTG,Moxos - Santiago
SLTI,San Matias
SLTJ,Tarija - Capitan Oriel Lea
SLTL,Nor Lipez - Toldos
SLTO,Oruro - Totora
SLTR,Trinidad - Jorge Henrich Arauz
SLTU,Sajama - Turco
SLTW,San Rafael - Tita
SLTX,Franz Tamayo - Tuichi
SLTY,Yacuma - Tiguipa
SLTZ,Sud Chichas - Tupiza
SLUC,Cordillera - Cuevo
SLUK,Oruro - Curahuara De Carangas
SLUS,Ballivian - Urusi
SLUU,Franz Tamayo - Ulla Ulla
SLUY,Quijarro - Uyuni
SLVA,Aroma
SLVD,Sud Yungas - Covendo
SLVE,Yacuma - Venecia
SLVG,Vallegrande - Capitan Av
SLVI,Nor Yungas - Caranavi
SLVM,Villamontes - Pabon
SLVN,Yacuma - Villa Negrita
SLVR,Santa Cruz - Viru Viru
SLVT,Tesoro
SLVU,Luis Calvo - Vuelta Grande
SLVV,Mamore - Villa Elvira
SLVZ,M.Omiste - Villazon
SLYA,Yacuiba
SLYG,Las Juntas - Yabog
SLYI,Ichilo - Yapacani
SLZB,Moxos - San Pedro Rb
SLZC,Ichilo - San Carlos
SLZF,Nacif - San Francisco
SLZJ,Itenes - San Pedro Richard
SLZV,Velasco - San Vicente
SMAF,Afobakka
SMBN,Albina
SMBO,Botopasi
SMCA,Awaradam - Cayana Airstrip
SMCI,Coeroeni
SMCO,Totness
SMCT,Lawa Cottica
SMDA,Drietabbetje
SMDJ,Djumu-Djomoe
SMDO,Aurora - Ladouanie
SMDU,Alalapadi - Alalapadu Airstrip
SMGH,Pikienkondre Of Miranda - Godo Holo Airstrip
SMJP,Zandery - Johan Adolf Pengel
SMKA,Kabalebo
SMKE,Kayserberg - Kayser
SMMO,Moengo
SMNI,Nieuw Nickerie
SMPA,Paloemeu - Vincent Fayks
SMPG,Poesoegroenoe - Poesoegroenoe(Pusugrunu
SMSI,Sipaliwini
SMSM,Kwamalasoemoetoe Airport
SMST,Stoelmanseiland
SMTA,Benzdorp - Tabiki
SMTB,Tafelberg - Rudi Kappel
SMTP,Kasikasima - Tepoe Airstrip
SMWA,Wageningen Airport
SMWS,Washabo
SMZO,Paramaribo - Zorg En Hoop
SN00,Salina - Roesner
SN01,Leavenworth - Center
SN02,Kanorado - Wright
SN03,Lenora
SN04,Emporia - Roberts
SN05,Halstead
SN07,Beaumont
SN08,Burrton - Fisher
SN09,Minneapolis - Solomon Valley
SN10,Belle Plaine Farms
SN12,Meade - Jenkinson
SN13,Cheney - Albers
SN14,Agricola - Schoolcraft
SN16,Kechi - Curtis
SN17,Ashland - Shupe
SN18,Augusta - Sills Air Park
SN19,Augusta - Flying H Ranch
SN20,Augusta - Brady-Pippin
SN21,Baldwin City - Flory
SN22,Basehor - Hoelting
SN23,Smith Center - Overmiller
SN25,Big Bow - Lucas
SN26,Blue Mound - Horttor
SN27,Bonner Springs - Bovinair
SN28,Brookville - Belcher
SN29,Burdett - Rucker
SN31,Winfield - Hospital
SN32,Belle Plaine - Rands
SN33,Clay Center - Callaway
SN34,Clearwater - Rucker
SN35,Overland Park Menorah
SN36,Conway Springs - Wamsley
SN37,Elmdale - Harold K Wells
SN38,Lawrence Meml
SN39,Delphos - Baldock Farm
SN40,Derby - Olson Aerodrome
SN41,Girard - Ziggy Carline
SN42,Ottawa - Harrod
SN43,Effingham - Strafuss
SN44,Elk City - Bob Faler
SN45,Lawrence - Michael'S
SN46,Benton - Taylor
SN47,Eskridge - Converse Farm
SN48,Byers - Moore
SN49,Randall - Collough
SN50,Pittsburg Mercy
SN51,Hutchinson - Irish Creek
SN52,Douglass - Pilot Pointe Estates
SN53,Fredonia - Bonner
SN54,Overland Park
SN55,Friend - Inc
SN57,Ottawa - Witham
SN58,El Dorado - Foster
SN59,Gardner - Hermon Farm
SN60,Lansing - Lcf
SN61,Goddard - Yoder
SN62,Bentley - Roberts
SN63,Haviland - Gail Ballard
SN64,Goddard - Eck
SN65,Goddard - Waltanna
SN66,Gove - Beesley Farms
SN67,Great Bend - Button
SN68,Valley Center - Lil Bird
SN69,Hammond - Emmerson
SN70,Harper - Kaypod
SN71,Harper - Bob Park
SN72,Harris - Farms
SN73,Salina Health
SN74,Hays Medical
SN75,Highland - Sommers
SN76,Hutchinson - Sunflower Aerodrome
SN77,Johnson - Johns
SN78,Bucyrus - Albright
SN80,Girard
SN81,Piper - Hancock
SN83,Lansing - Highcrest Air Park
SN84,Leavenworth - Blaser
SN85,Wellsville - Fox Fire
SN86,Leoti - Arrow B Ranch
SN87,Liberal - Supreme Feeders
SN88,Louisburg - Crosswind
SN89,Louisburg - Somerset
SN90,Mc Louth - Eibes
SN91,Madison - Godfrey
SN92,Manhattan - Sunshine Ranch
SN93,Miller - Dickson
SN94,Minneola - Amy
SN95,Sylvia - Roberts Air
SN97,Moscow - G&Ag
SN98,Satanta - Anton Flying Uv
SN99,Olsburg - Laflin Ranch
SNAB,Araripina
SNAC,Xinguara - Santa Rosa
SNAD,Gurupi - Aguia Branca
SNAE,Arcoverde
SNAF,Agua Comprida
SNAG,Araguari
SNAH,Adustina
SNAI,Alto Parnaiba
SNAJ,Paragominas - Fazenda Jaguare
SNAL,Arapiraca
SNAM,Santo Antonio Do Amparo
SNAP,Janauba
SNAR,Almenara - Cirilo Queiroz
SNAS,Tres Marias
SNAT,Aracati
SNAU,Aracaju - Aeroclube
SNAV,Juazeiro - Agrovale
SNAW,Conquista - Fazenda Boa Fe
SNAY,Sao Felix Do Xingu - Fazenda Rio Lages
SNAZ,Amargosa
SNBB,Luis Eduardo Magalhaes - Fazenda Agronol
SNBC,Barra Do Corda
SNBD,Juazeiro - Sobradinho
SNBE,Paranatinga - Fazenda Botuvera
SNBG,Baixo Guandu
SNBI,Bacabal
SNBJ,Belo Jardim
SNBL,Belmonte
SNBM,Muriae - Cristiano Ferreira Varella
SNBN,Portel - Balbinot
SNBO,Boquira
SNBR,Barreiras
SNBS,Balsas
SNBT,Benedito Leite
SNBU,Brumado - Socrates Mariani Bittencourt
SNBV,Ipixuna Do Para - Campo De Boi
SNBW,Baiao
SNBX,Barra
SNBY,Bambui
SNBZ,Paramirim
SNCA,Campo Belo
SNCB,Prainha - Castanhal
SNCC,Calcoene
SNCE,Campo Do Meio
SNCF,Altamira - Continental
SNCG,Campos Gerais
SNCI,Capanema - Cibrasa
SNCJ,Santarem - Piquiatuba
SNCL,Cairu - Lorenzo
SNCP,Carutapera
SNCQ,Euclides Da Cunha - Cocorobo
SNCS,Campos Sales
SNCT,Caratinga - Ubaporanga
SNCU,Cururupu
SNCV,Campina Verde
SNCW,Alcantara
SNCX,Colatina
SNCY,Coruripe - Campo Da Praia
SNCZ,Ponte Nova
SNDB,Ruropolis
SNDC,Redencao
SNDD,Igarape Do Meio - Fazenda Eldorado
SNDF,Santa Ines Apt
SNDH,Barreiras - Aba
SNDI,Itaituba - Pista Castanheirinho
SNDJ,Santana Dos Brejos
SNDN,Leopoldina
SNDO,Paracatu - Ouro Branco
SNDP,Acara - Palmares
SNDQ,Sao Desiderio - Fazenda Soya
SNDR,Timon - Domingos Rego
SNDT,Diamantina
SNDU,Capitolio - Ponta
SNDV,Divinopolis
SNDW,Encruzilhada - Divisa
SNDX,Coruripe - Cachoeira
SNEA,Estrela Do Sul - Picarrao
SNEB,Para
SNEC,Porto Seguro - Outeiros Da Brisas
SNED,Canavieiras
SNEE,Camacari - Jaua
SNEH,Itaituba - Mineracao Porquinho
SNEJ,Camanducaia - Monte Verde
SNEK,Dom Bosco - Moria
SNEL,Belterra
SNEM,Recife - Encanta Moca
SNEN,Fortuna - Fazenda Calumbi
SNEO,Neropolis - Dezoito
SNES,Esplanada
SNEU,Euclides Da Cunha
SNEW,Carneirinho - Fazenda Congonhas
SNEY,Brejoes - Fazenda Lagoa
SNEZ,Novo Brasil - Fazenda Palmeira
SNFA,Unai - Antonio
SNFB,Pontes E Lacerda - Fazenda Minas Gerais
SNFD,Buritizeiro - Antonio
SNFE,Alfenas
SNFF,Fortaleza - Feijo
SNFG,Capitao Poco - Fazenda Citropar
SNFH,Ponta Pora - Fazenda Dom Felipe
SNFI,Tupaciguara - Sao Jose
SNFJ,Jacareacanga - Pousada Thaimacu
SNFK,Francisco Sa
SNFL,Itaituba - Garimbo Tocantinzinho
SNFN,Jardinopolis - Fazenda Santa Fe
SNFO,Formiga
SNFP,Sorriso - Fazenda Pirapo
SNFQ,Sao Sebastiao Da Bela Vista - Fazenda Paineira
SNFR,Belem De Sao Francisco
SNFS,Barreiras - Fazenda Mimoso S/A
SNFT,Itubera - Fazenda Serinhaem
SNFU,Frutal
SNFV,Simoes Filho - Lago Joanes
SNFW,Sao Joao Do Piaui
SNFX,Sao Felix Do Xingu
SNFZ,Bocaiuva - Villa Terezinha
SNGA,Guarapari
SNGB,Gilbues
SNGC,Itaituba - Pista Canaa
SNGD,Guadalupe Apt
SNGG,Bom Jesus Do Gurgueia
SNGH,Guanhaes
SNGI,Guanambi
SNGJ,Grajau
SNGK,Monte Alegre De Minas - Bela Vista
SNGM,Uberlandia - Fazenda Canada
SNGN,Garanhuns
SNGO,Uberlandia - Fazenda Nova
SNGP,Tupaciguara - Santa Maria
SNGQ,Rondon Do Para - Fazenda Estrela Dalva
SNGR,Gorotire
SNGS,Maceio Apt
SNGT,Gentio De Ouro
SNGU,Gurupa
SNGW,Paragominas - Fazenda Cauaxi
SNGX,Guaxupe
SNHA,Snha
SNHD,Uberlandia - Floresta
SNHE,Uberaba - Chapadao
SNHG,Sandolandia - Fazenda Varjadao
SNHJ,Jose Bonifacio Apt
SNHK,Itapecerica - Nacional Grafite I
SNHL,Joao Pinheiro - Lagoa Da Taboca
SNHO,Pedra Azul - Ii
SNHP,Itaberaba - Herbert Mata Pires
SNHQ,Salto Da Divisa - Iii
SNHR,Perdizes - Fazenda Agua Santa
SNHS,Serra Talhada - Santa Magalhaes
SNHU,Itinga Do Maranhao - Fazendabola Sete
SNHW,Santa Luzia - Fazenda Agro Marata
SNHX,Paracatu - Fazenda Samello
SNIA,Igarape-Acu
SNIB,Itaberaba
SNIC,Irece
SNIE,Caetite
SNIF,Itaituba - Fazenda Serra Dourada
SNIG,Iguatu
SNII,Itaituba - Ouroland
SNIK,Itamarandiba
SNIN,Prainha
SNIO,Cipo
SNIP,Itapetinga
SNIR,Parnarama - Fazenda Mata Escura
SNIS,Caxias - Fazenda Rio Largo
SNIT,Ibotirama
SNIU,Ipiau
SNIV,Ipiacu - Jumari
SNIX,Campos De Julio - Fazenda Masutti
SNIY,Ibimirim
SNIZ,Vilhena - Fazenda Jaqueline
SNJA,Jardim De Angicos
SNJB,Jacobina
SNJC,Ribamar Fiquene - Agua Boa
SNJD,Feira De Santana - Joao Durval Carneiro
SNJE,Jaborandi - Fazenda Sertao
SNJG,Nova Crixas - Sao Jose Da
SNJH,Sao Jose Do Jacuipe
SNJI,Jequitai - Terezinha
SNJJ,Dois Irmaos Do Buriti - Vo Anizio
SNJK,Jequie
SNJL,Juiz De Fora - Rochedo
SNJM,Manhuacu - Aeroporto Elias Breder
SNJN,Januaria
SNJO,Joao Pessoa - Aeroclube
SNJP,Joao Pinheiro
SNJQ,Jequitinhonha
SNJR,Sao Joao Del Rei - Prefeito Octavio De
SNJS,Jardim Do Serido
SNJT,Janauba - Fazenda Caraibas
SNJV,Sao Joao Da Ponte - Santa Monica
SNJW,Sacramento - Jaragua
SNJZ,Sao Felix Do Xingu Apt
SNKB,Campina Grande - Aeroclube
SNKC,Cocos
SNKD,Conceicao Do Mato Dentro
SNKE,Santana Do Araguaia
SNKF,Conselheiro Lafaiete
SNKH,Creputia
SNKI,Cachoeiro Do Itapemirim
SNKJ,Cumaru Do Norte - Fazenda Rio Dourado
SNKK,Caico
SNKL,Colinas
SNKN,Currais Novos
SNKO,Brotas De Macaubas
SNKQ,Ipixuna Do Para - Klaus Mangold
SNKR,Corrente
SNKS,Santa Rita De Cassia
SNKT,Itaituba - Crepurizinho
SNKU,Canudos
SNKV,Tartarugalzinho - Fazenda Campo Verde
SNKW,Iacri - Fazenda Boa Sorte
SNKX,Moju - Marborges
SNKY,Paragominas - Fazenda Cikel
SNKZ,Navirai - Fazenda Remanso Do
SNLA,Canaa Dos Carajas - Antas
SNLB,Livramento Do Brumado
SNLC,Las Casas
SNLD,Itaituba - Fazenda Serra Azul
SNLF,Campo Florido Apt
SNLG,Jaboticatubas - Serra Do Cipo
SNLH,Lajinha
SNLI,Abaete
SNLJ,Aripuana - Agropecuaria Ceu Aberto
SNLK,Aripuana - Agropecuaria Ferreira Penco
SNLM,Porto Esperidiao - Agropecuaria Rancho
SNLN,Linhares
SNLO,Sao Lourenco
SNLQ,Nova Crixas - Fazenda Conforto
SNLT,Paulistana
SNLU,Laranjeiras - Fazenda Boa Luz
SNLV,Lavrinhas
SNLX,Rondon Do Para - Fazenda Primavera I
SNLY,Lagoa Da Prata
SNLZ,Divinopolis Do Tocantins - Boca Da Mata
SNMA,Monte Alegre
SNMB,Mombaca
SNMC,Macaubas
SNMD,Itaituba - Mundico
SNME,Mata De Sao Joao - Costa
SNMF,Monte Belo
SNMI,Jaguarari - Mina Caraiba
SNMJ,Maracas
SNMK,Jaiba - Mocambinho
SNML,Rio Largo - Manduca Leao
SNMM,Morada Nova De Minas
SNMN,Minas Novas
SNMO,Morada Nova
SNMP,Paracatu - Fazenda Marocopa
SNMR,Marau Apt
SNMS,Monte Santo De Minas
SNMU,Mucuri
SNMV,Alcinopolis - Fazenda Flavia
SNMW,Aripuana - Agropecuaria Paralelo Dez
SNMX,Sao Mateus
SNMZ,Porto De Moz
SNNB,Paracatu - Cana Brava
SNNC,Ipixuna Do Para - Rio Capim
SNND,Ituiutaba - Berlin Ltda
SNNE,Sao Joao Nepomuceno
SNNF,Teresina - Nossa Senhora De
SNNH,Carinhanha
SNNI,Mata De Sao Joao - Praia Do Forte
SNNJ,Iaciara - Santa Cruz
SNNK,Matias Cardoso - Fazenda Teragro
SNNM,Guarapuava - Entre Rios Vitoria
SNNO,Comodoro - Sao Domingos
SNNP,Nilo Pecanha
SNNQ,Porto Murtinho - Santa Lucia
SNNS,Matias Cardoso - Fazenda Jaibense
SNNT,Nova Ponte
SNNU,Nanuque
SNNV,Pedra Preta - Estrela
SNNX,Corumbiara - Fazenda Boa Vista
SNNY,Comodoro - Espirito Santo
SNNZ,Caracol - Agua Turva
SNOB,Sobral
SNOC,Morro Do Chapeu
SNOD,Estancia - Praia Do Saco
SNOE,Oeiras
SNOF,Ouro Fino
SNOG,Ceara-Mirim
SNOI,Juara - Fazenda Rio Mutuca
SNOJ,Alta Floresta - Ltda.
SNOK,Aurora Do Para - Fazenda Chao De
SNOM,Vila Bela Da Santissima Trindade - Fazenda Guaporei
SNOO,Sorriso - Fazenda Quatrilho
SNOP,Propria
SNOQ,Tacuru - Agropecuaria Crioulo
SNOS,Passos - Jose
SNOT,Comodoro - Guapore
SNOU,Feijo Apt
SNOV,Coruripe - Povoado De Camacari
SNOW,Martinopolis - Fazenda Turmalina
SNOX,Oriximina
SNOY,Ouricuri
SNOZ,Paco Do Lumiar - Alexandre Raposo
SNPA,Para De Minas
SNPB,Pastos Bons
SNPC,Picos
SNPD,Patos De Minas
SNPE,Penedo
SNPF,Parnarama - Fazenda Canabrava
SNPI,Piata
SNPJ,Patrocinio
SNPL,Santa Mercedes - Fazenda Pacuruxu
SNPM,Palmeiras
SNPN,Lavinia - Agua Fria
SNPO,Pompeu
SNPP,Cairu - Paulo
SNPQ,Pesqueira
SNPS,Buritis - Pontezinha
SNPT,Passa Tempo
SNPU,Paraguacu
SNPW,Piaus
SNPX,Pirapora
SNPY,Sao Sebastiao Do Paraiso
SNPZ,Pedra Azul
SNQA,Paragominas - Fazenda Tracaja
SNQB,Paragominas - Fazenda Val Paraiso
SNQD,Sousa
SNQE,Parauapebas - Fazenda Serra Grande
SNQG,Floriano - Cangapara
SNQI,Diamantino - Camagril Agropecuaria
SNQJ,Corumba - Rancho Paraiso
SNQL,Caceres - Bom Jesus
SNQM,Queimadas
SNQO,Bodoquena - Fazenda Campanario
SNQP,Magda - Sao Francisco
SNQR,Pocone - Fazenda Bahia Don
SNQS,Ivinhema - Nossa Senhora Auxiliadora
SNQT,Umuarama - Estrela
SNQU,Mucuge
SNQV,Curvelo
SNQW,Jacareacanga - Cururu
SNQX,Quixada
SNQZ,Aral Moreira - Fazenda Bagagem
SNRA,Pratinha - Andre
SNRB,Itaituba - Rosa De Maio
SNRD,Prado
SNRE,Serra Dourada - Fazenda Rebeca
SNRH,Boa Esperanca - Rachid Saliba
SNRJ,Brejo
SNRM,Remanso
SNRN,Getulina - Vinte De Maio
SNRP,Rio Paranaiba
SNRQ,Jacareacanga - Porto Rico
SNRR,Novo Repartimento - Fazenda Aratau
SNRS,Russas
SNRU,Caruaru
SNRV,Sapucaia - Fazenda Rio Vermelho
SNRW,Miracema Do Tocantins - Fazenda Barreiro
SNRX,Riachao
SNSA,Vazante - Fazenda Bom Sucesso
SNSB,Sao Bento
SNSC,Sacramento
SNSD,Sao Desiderio Apt
SNSE,Sento Se
SNSF,Porto Murtinho - Entre Rios
SNSG,Salgueiro
SNSH,Santarem - Sao Jose
SNSI,Santa Maria Do Suacui
SNSJ,Sapezal - Fazenda Fogliatelli
SNSL,Almeirim - Fazenda Ipitinga
SNSM,Salinopolis
SNSO,Serro
SNSR,Guarda-Mor - Santos Reis
SNSS,Salinas
SNST,Souto Soares
SNSU,Xinguara - Fazenda Pontao
SNSV,Eldorado - Sao Pedro
SNSW,Soure
SNSX,Ilha Solteira - Fazenda Sao Martinho
SNSY,Bonito - Sao Jose
SNSZ,Maracaju - Itaguassu
SNTA,Pompeia - Fazenda Sao Miguel
SNTB,Afogados Da Ingazeira
SNTC,Teresina - Tambori
SNTD,Natalandia - Fazenda Mamoneira
SNTF,Teixeira De Freitas
SNTG,Afranio
SNTI,Obidos
SNTJ,Itaituba - Santa Teresa
SNTK,Monte Carmelo
SNTL,Tamboril
SNTM,Turmalina
SNTO,Teofilo Otoni - Juscelino Kubitscheck
SNTP,Tailandia - Agropalma
SNTQ,Buritirama
SNTR,Piritiba
SNTS,Patos
SNTT,Felixlandia - Tranquilo Restolin
SNTU,Turiacu
SNTV,Taiobeiras - Veredao
SNTW,Teotonio Vilela
SNTX,Cururupu - Litoranea
SNTY,Correntina
SNUB,Uba
SNUC,Acu
SNUD,Urbano Santos
SNUF,Uberaba - Treis Coringas
SNUG,Vila Bela Da Santissima Trindade - Fazenda Eunice
SNUH,Piumhi
SNUI,Aracuai
SNUJ,Santa Maria Da Boa Vista
SNUK,Buritizeiro - Fazenda Lago Vermelho
SNUL,Ribas Do Rio Pardo - Aurora Iii
SNUM,Sao Jose Do Egito
SNUN,Unai
SNUP,Campo Alegre - Usina Porto Rico
SNUS,Delta Apt
SNUT,Utinga
SNUU,Uaua
SNUV,Anaurilandia - Nova Aurora
SNUW,Sertania Apt
SNUX,Ribas Do Rio Pardo - Antonio
SNUY,Buritis
SNUZ,Coruripe Apt
SNVA,Cumaru Do Norte - Bela Vista
SNVB,Valenca Apt
SNVC,Vicosa
SNVD,Santa Maria Da Vitoria
SNVG,Conceicao Das Alagoas - Volta Grande
SNVH,Caceres - Santa Helena
SNVI,Tres Coracoes - Melio Viana
SNVJ,Jauru - Salto Grande
SNVK,Tres Lagoas - Santa Terezinha
SNVL,Virgem Da Lapa
SNVM,Brasilandia - Fazenda Guaivira
SNVN,Rubiacea - Santa Clara
SNVO,Carneirinho - Fazenda Pontal
SNVP,Santa Fe - Aracatuba
SNVQ,Piraque - Santa Monica
SNVR,Vera Cruz Apt
SNVS,Breves
SNVU,Cassia - Fazenda Itatuba
SNVV,Valente
SNVW,Nova Lacerda - Sao Joao
SNVY,Paranhos - Ouro Verde
SNVZ,Varzea Da Palma
SNWA,Coruripe - Guaxuma
SNWB,Mirandopolis - Sao Lucas
SNWC,Camocim
SNWD,Iguatemi - Fazenda Guavira
SNWE,Corumba - Fazenda Baia Da
SNWF,Ponta Pora - Fazenda Cachoeirinha
SNWG,Itaquirai - Fazenda Ipora
SNWH,Querencia Do Norte - Fazenda Sao Mateus
SNWI,Comodoro - Ii
SNWJ,Araputanga - Fazenda Rancho Alegre
SNWK,Pedra Preta - Santa Terezinha
SNWL,Apore - Fazenda Ranchinho
SNWM,Ilha Solteira - Bonito
SNWN,Pedra Preta - Fazenda Alianca
SNWO,Amambai - Vera Cruz
SNWP,Uniao Dos Palmares - Laginha
SNWR,Senador Jose Porfirio - Wilma Rabelo
SNWS,Crateus
SNWU,Aral Moreira - Ponte Quinha
SNWZ,Atalaia - Uruba
SNXA,Machado
SNXB,Caxambu
SNXD,Itaituba - Fazenda Beradao
SNXF,Corumba - Antonio Da Fazenda
SNXG,Sapucaia - Castanhais
SNXH,Codo - Itapecuru
SNXI,Pereira Barreto Apt
SNXK,Sao Felix Do Xingu Apt
SNXL,Querencia - Primavera
SNXM,Altamira - Fazenda Itumbiara
SNXN,Balsas - Heringer
SNXO,Novo Progresso - Fazenda Bom Sucesso
SNXQ,Xique-Xique
SNXR,Itaituba - Fazenda Conforto
SNXS,Barra De Santo Antonio - Sao Braz
SNXV,Colniza - Conchas
SNXW,Chaves Apt
SNXX,Maxaranguape
SNXY,Portel - Cikel Brasil Verde
SNYA,Almeirim
SNYB,Ituiutaba
SNYC,Itaituba - Rosa Branca
SNYD,Pilao Arcado
SNYE,Pinheiro
SNYF,Tasso Fragoso - Fazenda Parnaiba
SNYH,Cumaru Do Norte - Agropecuaria Castanhais
SNYI,Unai - Fazenda Hj
SNYJ,Jacareacanga - Pista Sao Jorge
SNYL,Varjao De Minas - Sao Joao
SNYM,Sao Romao - Fazenda Flexas
SNYN,Prata - Pedras
SNYO,Riachinho - Logradouro Vereda Da
SNYP,Benevides - Chacara Paraiso
SNYQ,Itaituba - Pista
SNYR,Itaituba - Agua Azul
SNYS,Joao Pinheiro - Destilaria Wd
SNYT,Ituacu
SNYU,Iturama
SNYV,Moju - Fazenda Sococo
SNYW,Guimaraes - Antonio Guerreiro
SNYX,Cascavel - Sitio Vodo
SNYZ,Russas - Vicente Jose
SNZA,Pouso Alegre
SNZC,Iguatemi - Fazenda Aguas Claras
SNZD,Montividiu Do Norte - Dona Hilda
SNZE,Altamira - Aeroxingu
SNZF,Soure - Bela Vista
SNZH,Alto Parnaiba - Pequena Holanda
SNZK,Itacarambi - Fazenda Canada
SNZL,Novo Horizonte - Fazenda Santa Thereza
SNZO,Touros - Bebida Velha
SNZP,Pocoes
SNZQ,Itaituba - Pista
SNZR,Paracatu
SNZT,Paragominas - Fazenda Recreio
SNZU,Tome Acu - Nova Conceicao
SNZV,Ulianopolis - Fazenda Jamaica
SNZW,Itubera
SNZY,Tupa - Fazenda Bandeira
SNZZ,Coruripe - Muzzi
SOCA,Cayenne / Rochambeau
SOGS,Grand-Santi
SOML,Malin
SOOA,Maripasoula
SOOG,Saint-Georges-De-L'Oyapock Airport
SOOM,Saint-Laurent-Du-Maroni
SOOR,Regina Apt
SOOS,Saul
SOOY,Sinnamary
SPAA,Ancash - Caraz
SPAB,Huancabamba
SPAC,Bagua - Ciro Alegria
SPAG,Aguaytia
SPAI,Pataz - Urpay
SPAL,El Dorado - Alao
SPAM,Camana
SPAN,Sullana
SPAO,San Juan Aposento
SPAP,Picota
SPAR,Fortaleza - Alerta
SPAS,Andoas - Alferez Fap
SPAT,Aguas Calientes
SPAY,Atalaya - Gerardo Perez
SPBA,Barranca
SPBB,Moyobamba
SPBC,Caballococha
SPBL,Bellavista - Huallaga
SPBQ,La Bella Union - Nuevo Acari
SPBR,Iberia
SPBS,Jeberos - Bellavista
SPBT,Obenteni
SPBY,Bayovar
SPCC,Ciudad Constitucion Apt
SPCG,Ascope - Casa Grande
SPCH,Tocache
SPCL,Pucallpa - Cap
SPCM,Contamana
SPCN,Cunocuno
SPCP,Pucacaca
SPCR,Acari
SPCT,Chota
SPDO,Mollendo
SPDR,Corrientes - Trompeteros
SPEB,Loreto - Pebas
SPEE,Spee
SPEN,Iscozasin
SPEO,Chimbote - Morales
SPEP,Esperanza
SPEQ,Moquegua - Cesar Torke Podesta
SPEZ,Oxapampa - Puerto Bermudez
SPFA,Fausa
SPGB,Spgb
SPGM,Tingo Maria
SPGP,Spgp
SPGS,Cajamarca - Lagunas
SPGT,Puerto Victoria
SPGU,Bagua
SPHA,Chincha
SPHC,Puerto Chala
SPHI,Chiclayo - Gonzales
SPHL,<Olmos - Olmos
SPHO,Ayacucho - Duarte
SPHU,Huancayo
SPHV,Huanuco
SPHY,Andahuaylas
SPHZ,Anta - Comandante Fap
SPIA,Ica
SPIL,Quince Mil
SPIN,Inapari
SPIP,Satipo
SPIR,Pillcopata - Patria
SPIS,Pataz - Pias
SPIT,Paita Wesr
SPIY,Yauri
SPIZ,Uchiza
SPJA,Rioja - Juan Simons Vela
SPJB,Pampa Grande
SPJC,Lima - Jorge Chavez
SPJE,Jaen - Shumba
SPJI,Juanjui
SPJJ,Jauja - Francisco Carle
SPJL,Juliaca - Inca Manco Capac
SPJN,San Juan De Marcona
SPJR,Cajamarca - Armando Revoredo
SPLA,Luisiana
SPLC,La Joya - Mariano Melgar
SPLD,Celendin
SPLG,Lagarto
SPLN,Rodriguez De Mendoza - San Nicolas
SPLO,Ilo
SPLP,Chorrillos - Las
SPLS,Zorrillos
SPLT,Lobitos
SPME,Tumbes - Canga Rodriguez
SPMF,Mazamari - Manuel Prado Ugarteche
SPMR,Santa Maria Apt
SPMS,Yurimaguas - Moises Benzaquen Rengifo
SPNC,Huanuco - Alferez Fap
SPNH,Choclococha
SPNM,Nuevo Mundo
SPNO,Ancon
SPNP,Ventilla
SPNR,Ricran
SPNT,Intuto
SPNU,Manu
SPOA,Plaza Saposoa
SPOL,Collique Bajo
SPON,Orellana
SPOR,Orcopampa
SPOS,Contralmirante Villar - Zorritos
SPOV,Leon Velarde - Shiringayoc/Hacienda Hda Mejia
SPOY,Atico
SPPA,Puerto Ocopa
SPPB,Puerto Breu - Tipishsa
SPPG,Paramonga
SPPH,Pampa Hermosa
SPPL,Trismaje - Playa
SPPM,Pomacocha
SPPN,Palmas Del Espino
SPPO,Pozuzo
SPPP,Huanacopampa
SPPY,Chachapoyas
SPPZ,Porvenir - Palcazu
SPQI,La Convencion - Kiteni
SPQJ,Jaqui
SPQN,Requena Apt
SPQR,Qiruvilca - Quiruvilca
SPQT,Iquitos - Vignetta
SPQU,Arequipa - Rodriguez Ballon
SPRF,San Rafael Apt
SPRG,Chincha - San Regis
SPRL,Imperial Apt
SPRM,San Ramon - Leonardo Alvarino Herr
SPRU,Trujillo - Carlos Martinez De
SPSA,Casma
SPSE,Sepahua
SPSF,San Francisco De Yeso
SPSI,Siguas
SPSJ,El Dorado - San Jose De
SPSL,Lamas
SPSN,Shapaja
SPSO,Pisco - Capitan
SPSS,Masisea
SPST,Tarapoto - Guillermo Del Castillo
SPSY,Shiringayoc
SPTA,Nauta
SPTE,San Francisco
SPTI,Puerto Inca
SPTN,Tacna - Carlos Ciriani
SPTP,El Pato
SPTQ,Toquepala
SPTR,Tournavista
SPTU,Puerto Maldonado - Padre Aldamiz
SPTY,Tintay
SPUC,Huamachuco
SPUR,Piura - Capitan
SPVA,El Valor
SPVI,Vicco
SPVL,Caraveli
SPVR,Vitor
SPYA,Luya
SPYL,Spyl
SPYO,Pacasmayo
SPYU,Yauca
SPZA,Spza
SPZH,Pachiza
SPZO,Cusco - Alejandro Velasco Astete
SPZT,Chazuta
SRV,Stony River
SS1,Solon Springs - North
SSAB,Ibaiti
SSAD,Chapadao Do Sul - Fazenda Ribeirao
SSAE,Arroio Grande
SSAF,Santa Terezinha De Itaipu
SSAG,Agua Clara - Agropecuaria Lobo Ltda
SSAJ,Bataipora - Fazenda Esperanca
SSAK,Cruz Alta - Aeroclube
SSAM,Amambai
SSAN,Andira
SSAP,Apucarana
SSAQ,Passo Fundo - Aeroclube
SSAR,Campo Grande - Fazenda Jacare
SSAU,Tapes - Centeno
SSAV,Porto Murtinho - Fazenda Amonguija
SSAW,Ribas Do Rio Pardo - Fazenda Japecanga
SSAY,Campo Grande - Pouso
SSBA,Camapua - Bela Vista
SSBB,Bodoquena - Estrela Dalva
SSBC,Castilho - Malibu Confinamento Mc
SSBD,Sobradinho
SSBE,Camapua
SSBF,Aparecida Do Taboado - Fazenda Jl
SSBG,Bento Goncalves
SSBH,Corumba - Fazenda Baia
SSBJ,Bom Jesus
SSBK,Sonora - Fazenda Araruna
SSBL,Blumenau
SSBM,Dois Irmaos Do Buriti - Fazenda Lageado
SSBN,Porto Alegre - Belem Novo
SSBO,Bossoroca - Palmares
SSBQ,Bataguassu - Frigorifico Marfrig
SSBR,Bandeirantes
SSBS,Brasilandia - Fazenda Boa Esperanca
SSBT,Bataipora - Fazenda Santa Ilidia
SSBU,Porto Murtinho - Fazenda Baguacu Miragem
SSBV,Bela Vista
SSBW,Sidrolandia - Fazenda Boa Sorte
SSBX,Coxim - Fazenda Lageado
SSBY,Miranda - Orlando
SSBZ,Sapiranga - Aeroclube
SSCA,Chapadao Do Sul - Fazenda Campo Bom
SSCB,Mundo Novo - Santa Maria
SSCD,Chapadao Do Sul
SSCE,Bage - Aeroclube
SSCF,Campo Largo - Max Fontoura
SSCH,Nova Andradina - Fazenda Cachoeirao
SSCI,Coxim
SSCJ,Rio Brilhante - Celeiro
SSCK,Concordia
SSCL,Cassilandia
SSCM,Rio Brilhante - Fazenda Cacadinha
SSCN,Canela
SSCO,Capao Do Leao - Comandante Marilda Zaiden
SSCP,Cornelio Procopio
SSCQ,Cacequi - Salca
SSCR,Marechal Candido Rondon
SSCS,Campo Grande - Estancia Ema
SSCT,Cianorte
SSCU,Santa Maria Das Barreiras Apt
SSCV,Capivari Do Sul
SSCW,Corumba - Sao Sebastiao
SSCX,Passo Fundo - Fazenda Coxilha
SSDB,Angelica - Fazenda Kurupay
SSDC,Dionisio Cerqueira
SSDE,Dourados - Barra Dourada
SSDF,Corumba - Sao Jose
SSDG,Santa Filomena - Fazenda Nazare
SSDH,Corumba - Caranday
SSDI,Buriti Bravo - Fazenda Bacatuba
SSDJ,Camapua - Fazenda Bonanza
SSDK,Novo Horizonte Do Sul - Fazenda Vista Alegre
SSDL,Ribeirao Goncalves
SSDM,Santana Do Livramento Apt
SSDN,Baixa Grande Do Ribeiro - Fazenda Galileia
SSDO,Dourados
SSDP,Vila Bela Da Santissima Trindade - Guapore
SSDQ,Miranda - Fazenda Marema
SSDS,Nova Crixas - Fazenda Bandeirantes
SSDT,Redencao - Fazenda Pau D`Arco
SSDU,Pedro Gomes - Modelo
SSDV,Coxim - Santa Maria
SSDW,Sorriso - Fazenda Potrich
SSDX,Camaqua - Fazenda Da Coxilha
SSDY,Guiratinga - Duas Irmas
SSDZ,Amambai - Fazenda Divisao
SSED,Pedro Gomes - Fazenda Escalada
SSEE,Estrela - Rgnl
SSEF,Cajuru - Fazenda Passaredo
SSEG,Pelotas - Estancia Da Gruta
SSEI,Miranda - Andre
SSEK,Ribas Do Rio Pardo - Fazenda Lontra
SSEL,Agua Clara - Fazenda Jatiuca
SSEO,Ribas Do Rio Pardo - Fazenda Mimoso
SSEP,Sao Sepe
SSEQ,Angelica - Rio Brilhante
SSER,Erechim
SSES,Encruzilhada Do Sul
SSET,Tambau
SSEU,Itaituba - Monte Carmelo
SSEV,Corumba - Sao Camilo
SSEW,Pardinho - Sitio Limoeiro
SSEX,Miranda - Estancia Caiman
SSEY,Alegrete - Estancia Itapororo
SSEZ,Espumoso
SSFA,Pinhao - Foz Do Areia
SSFB,Francisco Beltrao
SSFD,Amambai - Fazenda Acaraja
SSFE,Foz Do Iguacu - Estancia Hercules
SSFF,Nova Alvorada Do Sul - Sao Francisco
SSFG,Paranapoema - Fazenda Guanabara
SSFH,Uberaba - Dinassauros
SSFI,Ponta Pora - Fazenda Itamarati
SSFJ,Campo Grande - Retiro Da Cachoeira
SSFK,Corumba - Forte Coimbra
SSFL,Fronteiras - Joao Pereira
SSFM,Conselheiro Mairinck - Fazenda Marimbondo
SSFN,Caarapo - Novilho
SSFO,Miranda - Novo Horizonte
SSFP,Tres Lagoas - Sao Paulo
SSFQ,Rio Brilhante - Barra Nova
SSFR,Fronteira
SSFU,Sete Quedas - Ligacao
SSFW,Coxim - Fazenda Grotao
SSFX,Nova Fatima - Fazenda Primavera
SSGA,Garibaldi
SSGB,Guaratuba
SSGC,Aquidauana - Canrobert Pereira Da
SSGE,Tres Lagoas - Fazenda Periquitos
SSGF,Ribas Do Rio Pardo - Fazenda Formosa
SSGG,Porto Murtinho - Chifre
SSGH,Aquidauana - Fazenda Capao Verde
SSGI,Eldorado Do Sul - Astral
SSGJ,Corumba - Fazenda Poleiro Grande
SSGK,Maracaju - Fazenda Volta Grande
SSGM,Bela Vista - Fazenda Seriema
SSGN,Iguatemi - Fazenda Guaiba
SSGO,Sao Gabriel D`Oeste - Rosada
SSGP,Brasilia - Piquet
SSGR,Guapore
SSGS,Primavera Do Leste - Fazenda Falcao
SSGT,Rio Brilhante - Capao Alto
SSGU,Santa Isabel Do Ivai - Fazenda Gurucaia
SSGW,Goio-Ere
SSGX,Aquidauana - Fazenda Rio Negro
SSGY,Guaira
SSGZ,Navirai - Santa Helena
SSHA,Aquidauana Apt
SSHB,Ivate - Fazenda Serra Dourada
SSHC,Guapirama - Capitao Pedro Paranhos
SSHD,Itapora - Fazenda Bipandora Ii
SSHF,Corumba - Sitio Serra Negra
SSHG,Antonio Joao
SSHI,Itaquirai - Dom Francisco
SSHJ,Ponta Pora - Santa Rita
SSHK,Ponta Pora - Jaguarandy
SSHL,Jussara Apt
SSHN,Iguaracu - Recanto Das Aguias
SSHQ,Terenos - Fazenda Paraiso
SSHT,Alta Floresta - Ingazeira
SSHU,Aquidauana - Fazenda Centenario
SSHW,Itaquirai - Fazenda Macarai
SSHX,Paranhos - Jatoba
SSHZ,Horizontina
SSIB,Agua Clara - Fazenda Suely
SSIC,Dourados - Agricola Ltda
SSID,Nova Andradina - Independencia
SSIE,Campo Grande - Teruel Ipanema Estancia
SSIF,Itaquirai - Fazenda Baunilha
SSIG,Aquidauana - Santa Maria
SSIH,Brasilandia - Fazenda Fortaleza
SSII,Bela Vista - Fazenda Orion
SSIJ,Ijui
SSIM,Quarai - Boqueirao Alegre
SSIO,Candiota
SSIP,Porto Murtinho - Santa Otilia
SSIQ,Itaqui
SSIR,Ibiruba
SSIS,Ibate - Jose Ignacio
SSIU,Pantano Grande - Sitio Enel
SSIV,Ivinhema - Fazenda Experimental
SSIW,Miranda - Fazenda Damaro
SSIX,Taquarussu - Fazenda Campo Verde
SSIY,Guaicara - Santa Adelina
SSIZ,Itupeva - Condominio Fazenda Da
SSJA,Joacaba - Santa Terezinha
SSJB,Sao Gabriel D`Oeste - Salenco
SSJC,Guaiba - Jacui
SSJE,Selviria - Sao Joaquim
SSJG,Porto Murtinho - Santa Ana
SSJH,Nova Andradina - Fazenda Guarani
SSJI,Jardim
SSJJ,Nova Andradina - Fazenda Tupi
SSJK,Julio De Castilho
SSJL,Camapua - Fazenda Jamaica
SSJM,Chapadao Do Sul - Julio Martins
SSJO,Corumba - Fazenda Angico
SSJP,Colorado - Fazenda Junqueira
SSJQ,Ribeirao Cascalheira - Fazenda Floresta
SSJR,Jaguarao
SSJT,Ribas Do Rio Pardo Apt
SSJU,Inocencia - Santa Paula
SSJV,Corumba - Piratininga
SSJW,Rio Brilhante - Fazenda Jauru
SSJX,Corumba - Sao Bento
SSJY,Corumba - Sao Joao
SSJZ,Terra Roxa - Fazenda Tres Unidos
SSKA,Corumba - Fazenda Campinas
SSKB,Aquidauana - Tupanciretan
SSKC,Inocencia - Fazenda Uniao
SSKD,Aquidauana - Fazenda Uniao
SSKE,Santa Monica - Campo Evelina
SSKF,Itaquirai - Porto Bonito
SSKG,Campo Grande - Estancia Santa Maria
SSKH,Aral Moreira - Karl Hermann
SSKI,Cornelio Procopio - Santa Helena
SSKJ,Rio Branco Do Ivai - Mestica
SSKK,Capao Da Canoa
SSKL,Amambai - Piao
SSKM,Campo Mourao
SSKN,Campo Novo
SSKO,Anastacio - Independencia
SSKP,Palotina - Copacel
SSKQ,Nova Crixas - Santa Rosa
SSKR,Parauna - Fazenda Primavera
SSKS,Cachoeira Do Sul
SSKT,Sao Jose - Catarina
SSKU,Curitibanos
SSKV,Ponta Pora - Retiro Sao Joao
SSKW,Cacoal
SSKX,Carneirinho - Matao
SSKY,Tangara Da Serra - Fazenda Querencia
SSKZ,Carazinho
SSLA,Laguna
SSLB,Corumba - Fazenda Sao Paulino
SSLC,Laguna Carapa Apt
SSLD,Corumba - Fazenda Lourdes
SSLF,Taquarussu - Fazenda Palmeira
SSLG,Sao Luis Gonzaga
SSLI,Itirapina - Estancia Portal
SSLJ,Flores De Goias - Santa Izabel
SSLK,Coxim - Fazenda Aldeia
SSLL,Antonio Joao - Itaguassu
SSLN,Lontras - Helmuth Baungarten
SSLO,Loanda
SSLP,Porto Murtinho - Lucero Pora
SSLQ,Laguna Carapa - Fazenda Campanario
SSLR,Ladario - Ocorema
SSLS,Laranjeiras Do Sul - Salto Santiago
SSLT,Alegrete
SSLU,Jardim - Fazenda Aurora
SSLW,Bela Vista - Fazenda Tres Cerros
SSLX,Juti - Brasilia
SSLZ,Ivinhema Apt
SSMC,Nova Andradina - Catequese
SSMD,Medianeira
SSME,Anastacio - Fazenda Ipiranga
SSMF,Mafra
SSMH,Capao Do Leao - Santa Maria
SSMI,Bela Vista - Fazenda Morrinhos
SSMJ,Maracaju
SSMK,Eldorado Do Sul - El Dorado
SSML,Iguatemi - Maria Luiza
SSMN,Jacareacanga - Kururuzinho
SSMP,Itambe - Tres Minas
SSMR,Manoel Ribas
SSMS,Aral Moreira - Fazenda Rancho Esperanca
SSMT,Mostardas
SSMV,Pirassununga - Fazenda Boa Vista
SSMW,Peruibe - Ica
SSMX,Nova Resende - Fazenda Planalto
SSMY,Sao Miguel Do Iguacu
SSMZ,Comodoro - Fazenda Sao Mateus
SSNA,Miranda Apt
SSNB,Navirai
SSND,Sao Felix Do Araguaia - Santa Maria
SSNF,Colombia - Fazenda Naisa
SSNG,Montenegro
SSNH,Novo Hamburgo
SSNI,Navirai - Novo Rumo
SSNJ,Aquidauana - Fazenda Primavera
SSNK,Pedra Preta - Petrovina
SSNL,Nobres - Fazenda Essencia
SSNM,Guaranta Do Norte Apt
SSNN,Joao Pinheiro - Salvaterra Ii
SSNO,Nonoai
SSNP,Nova Prata
SSNQ,Nioaque
SSNR,Coxim - Novo Horizonte
SSNT,Amambai - Rosa Mistica
SSNU,Brotas - Santa
SSNV,Corumba - Novo Hamburgo
SSNW,Barreiras - Fazenda Buriti
SSNY,Caceres - Florida
SSOC,Corumba - Fazenda Sans Souci
SSOD,Miranda - Pouso Alegre
SSOE,Sao Miguel Do Oeste
SSOF,Monte Azul - Serra
SSOG,Arapongas
SSOI,Pederneiras
SSOJ,Inocencia - Fazenda Estrela
SSOK,Londrina - 14 Bis
SSOL,Lavras
SSON,Tacuru - Fazenda Joalice
SSOO,Fernao - Estancia J.D.S
SSOP,Aparecida Do Taboado - Fazenda Cachoeirinha
SSOQ,Aquidauana - Barranco Alto
SSOR,Alegrete - Chico Ledur
SSOS,Osorio
SSOT,Sao Romao - Fazenda Saco
SSOU,Paracatu - Fazenda Inhumas
SSOV,Urucuia - Fazenda Hora
SSOW,Itaituba - Comandante Carmelo
SSOY,Nova Maringa - Fazendamorada Do Sol
SSPB,Pato Branco
SSPC,Cocalinho - Santa Julia
SSPD,Comodoro - Fazenda Paragua
SSPE,Nobres - Essencia Retiro
SSPF,Sao Jose Das Palmeiras
SSPG,Parana Paranagua
SSPI,Parana Paranavai
SSPJ,Reserva Do Iguacu
SSPK,Porecatu
SSPL,Palmeira Da Missoes
SSPM,Porto Murtinho
SSPN,Paranaiba
SSPO,Itapora - Aplicacao Aviacao Agricola
SSPP,Pelotas - Palma
SSPQ,Santa Rosa Do Purus
SSPR,Porto Walter
SSPS,Palmas
SSPT,Palotina
SSPV,Marechal Thaumaturgo
SSPX,Manoel Urbano
SSPY,Corumba - Porto Indio
SSQA,Comodoro - Fazenda Guapore
SSQB,Jordao
SSQC,Siqueira Campos
SSQF,Sete Quedas - Floresta Negra
SSQI,Sorriso - Santa Anastacia
SSQL,Uirapuru - Fazenda Matricha
SSQM,Tanque Novo
SSQN,Mundo Novo
SSQO,Ribas Do Rio Pardo - Fazenda Itapora
SSQP,Monte Santo
SSQR,Ribas Do Rio Pardo - Fazenda Primavera
SSQT,Castro
SSQU,Aquidauana - Fazenda Alegrete Retiro
SSQZ,Mimoso Do Oeste - Eduardo Magalhaes
SSRA,Nova Andradina - Rancho Belo
SSRB,Rio Brilhante
SSRC,Rio Brilhante - Fazenda Santa Ines
SSRD,Tacuru - Sol Nascente
SSRE,Realeza
SSRF,Castro Alves
SSRG,Laguna Carapa - Fazenda Rancho Grande
SSRH,Anastacio - Fazenda Retiro
SSRI,Anastacio - Fazenda Dos Sonhos
SSRJ,Nova Alvorada Do Sul - Fazenda Jequitiba
SSRK,Campo Alegre De Lourdes
SSRL,Deodapolis - Santa Ana
SSRM,Bonito - Sao Sebastiao
SSRN,Rio Negrinho
SSRO,Navirai - Santa Rosa
SSRQ,Dom Pedrito - Refugio
SSRS,Rio Do Oeste - Rancho Sumidor
SSRT,Curua - Fazenda Mangal
SSRU,Sao Lourenco Do Sul
SSRX,Ribeirao Cascalheira - Fazenda Marrua
SSRY,Rio Pardo
SSRZ,Rosario Do Sul
SSSA,Bela Vista - Apa
SSSB,Sao Borja
SSSC,Santa Cruz Do Sul
SSSD,Soledade
SSSG,Sao Gabriel
SSSH,Corumba - Fazenda Santo Inacio
SSSO,Brasilandia - Santa Odila
SSSP,Miranda - Santa Delfina
SSSQ,Sao Joaquim
SSSR,Agua Clara - Santa Rosa
SSSS,Sao Francisco Do Sul
SSST,Santiago
SSSW,Inocencia Apt
SSSX,Corumba - Fazenda Sans Souci
SSSY,Nova Andradina - Silvana
SSSZ,Sertanopolis
SSTA,Sao Gabriel - Santa Maria
SSTB,Tres Barras
SSTD,Andre Da Rocha - Canto
SSTF,Corumba - Fazenda Triunfo
SSTG,Corumba - Santa Terezinha
SSTH,Balsa Nova - Fazenda Thalia
SSTI,Porto Seguro - Arraial D`Ajuda
SSTJ,Trombudo Central - Ewaldo Siegel
SSTK,Iguatemi Apt
SSTL,Tres Lagoas
SSTN,Araraquara - Alberto Bertelli
SSTO,Tres Passos
SSTP,Turvelandia - Baessa
SSTQ,Pedra Branca Do Amapari - Silvestre
SSTS,Taquarussu - Fazenda Bandeirantes
SSTU,Camapua - Fazenda Jauru
SSTY,Cruzeiro Do Iguacu
SSUA,Sonora Apt
SSUC,Ribas Do Rio Pardo - Aurora Ii
SSUL,Sao Jose Dos Pinhais - Ultraleve Clube Curitiba
SSUM,Umuarama
SSUQ,Sidrolandia - Santa Olinda
SSUR,Santa Rita Do Pardo - Fazenda Agua Branca
SSUT,Tangara Da Serra - Fazenda Agrofel
SSUU,Lagoa Da Confusao - Colorado
SSUV,Uniao Da Vitoria
SSUX,Guaira - Usina Mandu
SSUY,Itapura - Fazenda Menina
SSUZ,Sud Menucci - Fazenda Vista Alegre
SSVA,Ladario - Visa Estancia
SSVB,Navirai - Fazenda Vaca Branca
SSVC,Vacaria
SSVD,Quarto Centenario - Fazenda Alvorada
SSVE,Tacuru - Fazenda Cerro Verde
SSVF,Cerqueira Cesar - Rancho Donana
SSVG,Ponta Pora - Santa Virginia
SSVH,Ponta Pora - Paqueta
SSVI,Videira
SSVJ,Ponta Pora - Fazenda Cedro
SSVK,Navirai - Fazenda Dom Arlindo
SSVL,Caarapo - Fazenda Santa Claudina
SSVM,Itapora - Fazenda Santa Alaide
SSVN,Veranopolis
SSVO,Moncoes Apt
SSVP,Santa Vitoria Do Palmar
SSVQ,Laguna Carapa - Serrito
SSVU,Lassance - Cabral
SSVW,Conquista D`Oeste - Galera
SSVX,Corumba - Fazenda Manduri
SSVY,Pitangueiras - Tres Barras
SSWA,Venancio Aires
SSWC,Costa Rica - Fazenda Campo Verde
SSWE,Inubia Paulista - California
SSWF,Frederico Westphalen
SSWH,Sao Carlos - Agropecuaria Rossignolo
SSWK,Santa Mariana - Guaiacuruzinho
SSWL,Santa Isabel Do Para - Sobral
SSWM,Londrina - Santa Maria
SSWN,Caceres - Figueira Branca
SSWO,Navirai - Santa Marta
SSWP,Santa Maria Das Barreiras - Fazenda Araguaia
SSWQ,Sorriso - Santa Anastacia Ii
SSWR,Rio Brilhante - Fazenda Campana
SSWS,Cacapava Do Sul
SSWT,Cambara Do Sul
SSWV,Tomazinha - Fazenda Barra Grande
SSWW,Corumba - Fazenda Belem
SSWX,Corumba - Fazenda Retiro Campanha
SSWZ,Presidente Olegario - Dona Nenem
SSXA,Rancho Alegre - Fazenda Congonhas
SSXB,Barao De Melgaco - Fazenda Alaska Ii
SSXC,Barao De Melgaco - Alaska
SSXD,Sarandi
SSXH,Nova Mutum - Jacamin
SSXI,Tabapora - Fazenda Macisa
SSXK,Tapura - Fazenda Alvorada Do
SSXL,Miranda - Laguna
SSXM,Jatei - Fazenda Guaciara
SSXN,Altamira - Aereo
SSXO,Presidente Castelo Branco - Pousada Das Aguias
SSXP,Centro Novo - Vitoria
SSXQ,Inocencia - Jota Iii
SSXR,Portel - Galletti Ii
SSXU,Tome Acu - Fartura
SSXV,Navirai - Santa Rita
SSXW,Chapadao Do Sul - Porto Dal Lago
SSXX,Xanxere
SSXY,Colniza - Barradao
SSXZ,Iturama - Santa Rosa
SSYA,Arapoti
SSYB,Costa Rica - Santa Elza
SSYC,Chapadao Do Sul - Fazenda Mimoso
SSYD,Pau D`Arco - Fazenda Andorinha I
SSYE,Araputanga - Roberta
SSYF,Monte Alegre De Minas - Fazenda Do Cafe
SSYL,Iguatemi - Fazenda Tuju Puitan
SSYM,Miranda - Tuiuiu
SSYN,Miranda - Arrozeira
SSYO,Chapada Dos Guimaraes - Cachoeira Rica
SSYQ,Carazinho - Agropecuaria Monte Alverne
SSYR,Tres Lagoas - Santa Maria
SSYS,Tres Lagoas - Fazenda Imbauba
SSYT,Itapiranga
SSYU,Agua Clara - Fazenda Tres Pontes
SSYV,Agua Clara - Fazenda Progresso
SSYW,Coxim - Fazenda Terra Forte
SSYY,Costa Rica - Fazenda Fundaozinho
SSYZ,Aral Moreira - Fazenda Procomp Ii
SSZA,Corumba - Sao Sebastiao Da
SSZB,Corumba - Bela Vista
SSZC,Coxim - Fazenda Lambari
SSZF,Corumba - Santa Gertrudes
SSZG,Agua Clara - Sao Joao
SSZH,Tacuru - Fazenda Procomp I
SSZJ,Pedro Gomes - Torrao De Ouro
SSZK,Caracol - Sao Carlos
SSZL,Brasilandia - Corrego Azul
SSZM,Corumba - Reserva Acurizal
SSZN,Prudentopolis
SSZP,Jatei - Santa Adriana
SSZQ,Bela Vista - Fazenda Panorama
SSZR,Santa Rosa Apt
SSZS,Centenario Do Sul
SSZT,Aguas De Santa Barbara - Sao Joao
SSZU,Agua Clara - Tres Marias
SSZV,Serra Nova Dourada - Bordolandia
SSZW,Ponta Grossa
SSZX,Paranaiba - Lobo
SSZY,Carneirinho
SSZZ,Sonora - Thaua
SUAA,Montevideo - Angel S Adami
SUAG,Artigas
SUBU,Subu
SUCA,Colonia - Patos
SUCM,Carmelo
SUDU,Durazno - Santa Bernardina
SULS,Punta Del Este - Capitan Corbeta Ca
SUME,Mercedes - Ricardo De Tomasi
SUMO,Melo - Cerro Largo
SUMU,Montevideo - Carrasco
SUPE,Maldonado - Este
SUPU,Paysandu - Tydeo Larre Borges
SURB,Jaguarao - Rio Branco
SURV,Rivera - Don Oscar D.
SUSO,Salto - Nueva Hesperides
SUTB,Tacuarembo
SUTR,Treinta Y Tres
SUVO,Vichadero
SV02,El Roble - Cabrutica
SV73,Sv73
SV74,Sv74
SV75,Sv75
SVAC,Acarigua - Oswaldo Guevara Mujica
SVAE,Svae
SVAF,Medano Alto
SVAH,Coco De Mono - Cachimbo
SVAI,Svai
SVAJ,Svaj
SVAL,Sval
SVAM,Svam
SVAN,Anaco
SVAO,Svao
SVAP,Apurito
SVAQ,Svaq
SVAR,Svar
SVAS,Guayabal - Armando Schwarck
SVAT,San Fernando De Atabapo
SVAU,Svau
SVAV,Svav
SVAW,Svaw
SVAX,Svax
SVAY,Svay
SVAZ,Svaz
SVBA,Boca De Anaro
SVBC,Barcelona Intl
SVBD,Svbd
SVBE,Svbe
SVBF,Svbf
SVBG,La Cruz Apt
SVBH,Svbh
SVBI,Barinas
SVBJ,Svbj
SVBK,Bocono
SVBL,Svbl
SVBM,Barquisimeto
SVBN,Svbn
SVBP,Svbp
SVBQ,Svbq
SVBR,Svbr
SVBS,Maracay - Escuela Mariscal Sucre
SVBT,Svbt
SVBU,Bobures - Central
SVBV,Svbv
SVBW,Svbw
SVBX,Svbx
SVCB,Svcb
SVCD,Svcd
SVCE,Cuenca De Unare - Apruna
SVCG,Casigua El Cubo
SVCH,Svch
SVCI,Svci
SVCJ,San Carlos Apt
SVCK,El Poblado - Cano Lucas
SVCL,Guarico - Calabozo
SVCM,Tinaco - Canita Mendera
SVCN,Canaima
SVCO,Carora
SVCP,Carupano - Francisco Bermudez
SVCQ,Svcq
SVCR,Coro - Jose Leonardo Chirinos
SVCS,Caracas - Oscar Machado Zuluaga
SVCT,Svct
SVCU,Svcu
SVCV,Cunaviche
SVCW,Svcw
SVCX,Svcx
SVCY,Las Campanas - Cuartel Yaruro
SVCZ,Carrizal - Capitan Manuel Rios
SVDA,Isla La Tortuga
SVDB,Svdb
SVDC,Svdc
SVDF,Svdf
SVDG,Svdg
SVDM,Isla Los Roques - Dos Mosquises
SVDP,Svdp
SVDR,Cordereno
SVDS,Svds
SVDV,Svdv
SVDW,Svdw
SVDX,Svdx
SVDZ,Svdz
SVEB,Sveb
SVED,Bolivar - El Dorado
SVEE,El Saman De Apure Apt
SVEF,Svef
SVEG,Sveg
SVEJ,Svej
SVEK,Svek
SVEL,Svel
SVEM,El Paraiso
SVEN,Sven
SVEP,Svep
SVER,Sver
SVES,El Saman De Apure
SVET,Svet
SVEW,Svew
SVEX,Svex
SVEY,Svey
SVEZ,Svez
SVFE,Svfe
SVFG,Svfg
SVFK,La Mosca
SVFL,Svfl
SVFM,La Carlota
SVFR,Guarico - El Frio
SVFS,Svfs
SVFT,Svft
SVFU,San Antonio De Caparo - La Fortuna
SVFX,Svfx
SVFY,Svfy
SVGA,Svga
SVGC,Svgc
SVGD,Svgd
SVGE,Svge
SVGG,Svgg
SVGH,Svgh
SVGI,Svgi
SVGL,Svgl
SVGP,Svgp
SVGR,Svgr
SVGT,Svgt
SVGU,Guanare
SVGX,Svgx
SVGZ,Svgz
SVHA,Svha
SVHC,Svhc
SVHD,Svhd
SVHE,Svhe
SVHG,Svhg
SVHH,Churuguara
SVHK,Svhk
SVHL,Svhl
SVHM,Hato Los Mamomes
SVHN,Svhn
SVHO,La Palmita - El Oasis
SVHP,Las Vegas Del Tuy - Hacienda El Paso
SVHR,Los Marimares - Hato El Carito
SVHS,Svhs
SVHT,Svht
SVHX,Svhx
SVHY,Svhy
SVIC,Svic
SVIE,Isla De Coche - Marcano
SVIM,Svim
SVJC,Paraguana - Josefa Camejo
SVJF,Svjf
SVJH,Soledad - Juancho
SVJI,Svji
SVJJ,Anzoategui - Curujujul
SVJL,Svjl
SVJM,San Juan De Los Morros
SVJO,Svjo
SVJU,Svju
SVKA,Svka
SVKB,Svkb
SVKC,Svkc
SVKI,Svki
SVKL,Las Clavellinasmer
SVKM,Svkm
SVKN,Svkn
SVKV,La Bombita - Viejo
SVLA,Las Colmenas
SVLB,La Blanquilla - Isla Margarita
SVLC,El Lucero
SVLD,Mata De Vino - Las Brisas
SVLE,Svle
SVLF,Svlf
SVLG,Svlg
SVLH,Banco Del Medio - Las Delicias
SVLI,Svli
SVLJ,La Ceiba Apt
SVLK,Svlk
SVLL,Callejas
SVLM,Svlm
SVLN,Svln
SVLO,Svlo
SVLP,Svlp
SVLS,Svls
SVLT,Svlt
SVLU,El Lechozo
SVLW,Svlw
SVLX,Svlx
SVLY,Svly
SVLZ,Svlz
SVMA,Svma
SVMB,Svmb
SVMC,Maracaibo - La Chinita
SVMD,Merida - Alberto Carnevalli
SVME,Svme
SVMF,Svmf
SVMG,Isla Margarita - Marino
SVMH,Svmh
SVMI,Caracas - Maiquetia
SVMJ,Svmj
SVMK,Svmk
SVML,Svml
SVMM,Svmm
SVMN,Mene Grande
SVMO,Svmo
SVMP,Svmp
SVMQ,Svmq
SVMS,Svms
SVMT,Svmt
SVMV,Svmv
SVMW,Svmw
SVMX,Las Fernandez - Mata
SVMY,Svmy
SVMZ,Mantecal
SVNA,Svna
SVNB,Svnb
SVNE,Svne
SVNF,Morichito - Morichitos
SVNG,Svng
SVNJ,Svnj
SVNK,Svnk
SVNP,Svnp
SVNR,Svnr
SVNT,La Guarandinga - Mata De Turagua
SVNV,Svnv
SVNX,Svnx
SVOA,Svoa
SVOB,Svob
SVOC,Svoc
SVOD,Svod
SVOE,Sabaneta
SVOF,Svof
SVOG,Svog
SVOH,Svoh
SVOI,Svoi
SVOJ,Svoj
SVOK,Svok
SVOL,Santa Ana - San Roque
SVON,Cabimas - Oro Negro
SVOO,Svoo
SVOP,Svop
SVOQ,Svoq
SVOR,Svor
SVOS,Svos
SVOT,Svot
SVOW,Svow
SVOZ,Svoz
SVPA,Svpa
SVPB,Svpb
SVPC,Svpc
SVPD,Svpd
SVPE,Svpe
SVPF,Pariaguan
SVPG,Svpg
SVPH,Svph
SVPI,Svpi
SVPJ,Svpj
SVPK,Svpk
SVPL,Svpl
SVPM,Svpm
SVPN,Svpn
SVPO,Svpo
SVPP,Svpp
SVPQ,Svpq
SVPR,Puerto Ordaz-Ciudad Guayana - Manuel Carlos Piar
SVPS,San Pedro - Hacienda La Pastora
SVPT,Palmarito
SVPU,Svpu
SVPV,Pedraza La Vieja
SVPW,Svpw
SVPX,Svpx
SVPY,Svpy
SVPZ,Svpz
SVQA,Svqa
SVQB,Svqb
SVQC,Svqc
SVQD,Svqd
SVQI,Svqi
SVQJ,La Trinidad
SVQK,Svqk
SVQL,Guri - Tocomita
SVQN,Svqn
SVQO,Svqo
SVQP,Svqp
SVQQ,Svqq
SVQR,El Diero - Santa Rita
SVQS,Svqs
SVQT,Svqt
SVQU,San Isidro - Guanare
SVQW,Svqw
SVQX,El Paso - Tamayare
SVQY,Svqy
SVQZ,Svqz
SVRA,Svra
SVRB,Svrb
SVRC,Svrc
SVRE,Svre
SVRG,La Leona
SVRH,Svrh
SVRI,Cano Riecito
SVRK,Svrk
SVRL,Svrl
SVRM,Svrm
SVRN,Svrn
SVRO,Svro
SVRQ,Svrq
SVRR,Svrr
SVRS,Los Roques - Gran Roque
SVRT,Svrt
SVRU,Svru
SVRW,Svrw
SVRX,Svrx
SVRY,Svry
SVRZ,Svrz
SVSA,Svsa
SVSB,Santa Barbara
SVSC,Svsc
SVSD,Svsd
SVSE,Svse
SVSF,Svsf
SVSG,Barinas Apt
SVSH,Svsh
SVSI,Svsi
SVSJ,Svsj
SVSK,Svsk
SVSL,Svsl
SVSM,Svsm
SVSN,Svsn
SVSO,Santo Domingo - Buenaventura Vivas
SVSP,San Felipe - Nestor Arias
SVSQ,Svsq
SVSR,Inglaterra
SVSS,San Jose De Trujillo
SVST,Svst
SVSU,Svsu
SVSW,Svsw
SVSX,Svsx
SVSY,Svsy
SVSZ,Svsz
SVTB,Svtb
SVTC,Tucupita
SVTD,La Estacada
SVTE,Svte
SVTF,Svtf
SVTG,Svtg
SVTJ,Central Matilde
SVTK,L Trinidad De Orichuna
SVTL,Svtl
SVTM,Svtm
SVTN,Svtn
SVTO,El Toco
SVTP,Svtp
SVTR,Svtr
SVTT,Svtt
SVTU,Turagua
SVTV,Svtv
SVTY,Las Mercedes Del Llano - Toromacho
SVUA,Svua
SVUK,Svuk
SVUM,Svum
SVUP,Svup
SVUQ,Svuq
SVUY,Svuy
SVVA,Valencia - Arturo Michelena
SVVB,Svvb
SVVD,Svvd
SVVG,El Vigia - Juan Pablo Perez
SVVH,Svvh
SVVK,Las Queseritas - La Verdad
SVVL,Valera - Antonio Nicolas Briceno
SVVM,Svvm
SVVP,Svvp
SVVQ,Quebrada Arriba - Venelac
SVVR,Svvr
SVVS,Svvs
SVVV,Svvv
SVVX,Svvx
SVWA,Santa Barbara - Mata De Agua
SVWB,Svwb
SVWE,Svwe
SVWX,Svwx
SVXF,Svxf
SVYA,Svya
SVYG,Svyg
SVYI,Svyi
SVYP,Svyp
SVYT,Svyt
SWAA,Nova Crixas - Fazenda Ykarai
SWAE,Alto Alegre - Uaicas
SWAF,Rondonopolis - Agroer Aviacao Agricola
SWAH,Aripuana - Agropecuaria Floresta Sao
SWAK,Sao Gabriel Da Cachoeira - Icana
SWAN,Arenapolis
SWAO,Sao Gabriel Da Cachoeira - Anamoim
SWAP,Barra Do Bugres - Apemag
SWAQ,Boa Vista - Erico
SWAR,Ribeirao Cascalheira - Aruana
SWAT,Alto Araguaia - Fazenda Cachoeira
SWAU,Pirajuba - Nossa Senhora
SWAV,Diamantino - Agua Verde
SWAY,Araguaiana
SWAZ,Sao Gabriel Da Cachoeira - Atanazio
SWBA,Buriti Alegre
SWBB,Barra Do Bugres
SWBC,Barcelos
SWBF,Pium - Boa Fortuna
SWBG,Pontes E Lacerda - Uniao Do Vale
SWBH,Brejinho De Nazare
SWBI,Barreirinha
SWBJ,Canarana - Fazenda Itarema
SWBL,Presidente Figueiredo - Balbina
SWBN,Barao De Melgaco - Fazenda Barreirinhos
SWBO,Campos Verdes - Sao Joao
SWBQ,Vila Bela Da Santissima Trindade - Barracao Queimado
SWBR,Borba
SWBT,Nova Canaa Do Norte - Fazenda Beira Rio
SWBU,Peixoto De Azevedo - Fartura Baixao Novo
SWBV,Boa Vista - Auaris
SWBW,Vila Bela Da Santissima Trindade - Guapore
SWBX,Itiquira - Antonio
SWBY,Bom Jesus De Goias - Goiasa
SWBZ,Sorriso - Jpo
SWCA,Carauari
SWCB,Campos Belos
SWCC,Comodoro - Fazenda Curitiba
SWCD,Alexania - Santa Monica
SWCE,Santo Antonio Do Leverger - Fazenda Cedro
SWCF,Comodoro - Fazenda Confap
SWCG,Cacu - Fazenda Varjao Grande
SWCH,Alta Floresta - Charqueada Norte
SWCJ,Formoso Do Araguaia - Coperjava
SWCK,Canarana - Fazenda Cocal
SWCL,Alta Floresta - Chacara Santa
SWCM,Agua Boa - Fazenda Couto Magalhaes
SWCN,Cocalinho - Fazenda Saudade
SWCO,Cocalinho - Fazenda Continental
SWCP,Campo Novo Do Parecis
SWCQ,Costa Marques
SWCR,Pocone - Porto Caracara
SWCT,Pocone - Complexo Turistico S.
SWCU,Formoso Do Araguaia - Canuana
SWCV,Vila Bela Da Santissima Trindade - Casalvasco
SWCW,Cavalcante
SWCX,Cabixi
SWCY,Nova Maringa - Norte
SWCZ,Ceres Apt
SWDA,Barra Do Garcas - Duas Ancoras Secao
SWDB,Barra Do Garcas - Fazenda Eldorado
SWDC,Alto Garcas - Fazenda Arco-Iris
SWDE,Sao Miguel Do Araguaia - Fazenda Piratininga
SWDF,Novo Mundo - Fazenda Braco Forte
SWDG,Reginopolis - Sao Jose
SWDI,Peixe - Dois Irmaos
SWDJ,Barra Do Garcas - Duas Ancoras Secao
SWDK,Colorado D`Oeste - Dona Olga
SWDM,Diamantino
SWDN,Dianopolis
SWDO,Rosario Do Leste
SWDQ,Santo Antonio Do Leverger Apt
SWDS,Pontes E Lacerda - Fazenda Favo De
SWDT,Diamantino - Fazenda Pioneira
SWDU,Barra Do Garcas - Diauarum
SWDV,Caceres - Descalvados
SWDW,Diamantino - Divisao
SWDY,Nova Crixas - Agua Fria
SWDZ,Indiavai - Agua Limpa
SWEB,Juara - Fazenda Arauna
SWEC,Aragarcas - Estancia Das Cascatas
SWED,Arapoema - Fazenda Eldorado
SWEE,Atalaia Do Norte Apt
SWEF,Cocalinho - Fazenda Europa
SWEG,Barao De Melgaco - Duas Marias
SWEI,Eirunepe
SWEK,Canarana
SWEL,Araguaiana - Fazenda Santa Eulalia
SWEM,Primavera Do Leste - Ltda.
SWEN,Alta Floresta - Estancia Recanto
SWEO,Rorainopolis - Itapara Sport Fishing
SWER,Cuiaba - Estancia Santana
SWET,Sapezal - Fazenda Encantado
SWEU,Caracarai - Ecotur Univini Park
SWEW,Porto Esperidiao - Fazenda Felicidade
SWEX,Pedra Preta - Santa Escolastica
SWEY,Santa Tereza De Goias
SWEZ,Jangada - Santa Rita De
SWFA,Cristalina - Pamplona
SWFC,Juscimeira - Colorado
SWFD,Brasnorte - Fazenda Tombador
SWFE,Lucas Do Rio Verde - Fazenda Colen
SWFF,Sinop - Figueira Branca
SWFG,Barra Do Garcas - Fazenda Guanabara
SWFH,Araguacema - Fazenda Manchete
SWFJ,Feijo
SWFK,Padre Bernardo - Juquei Agropecuaria
SWFL,Santa Terezinha - Fazenda Peixe Bravo
SWFN,Manaus - Flores
SWFO,Jangada - Fazenda Bocaina
SWFP,Porto Alegre Do Norte - Fazenda Paraiso
SWFQ,Porto Nacional - Fazenda Alvorada
SWFR,Formosa Apt
SWFS,Sinop - Fazenda Sucuri
SWFT,Caiaponia - Santa Marcia
SWFU,Fortuna
SWFW,Barra Do Garcas - Jangada
SWFX,Sao Felix Do Araguaia
SWFY,Vila Rica - Fazenda Ipe
SWFZ,Alta Floresta - Serafino Ferruzzi
SWGA,Vila Bela Da Santissima Trindade - Guara
SWGE,Barao De Melgaco - Fazenda Pirigara
SWGF,Porto Velho - Hidreletrica De Jirau
SWGH,Caceres - Fazenda Primavera
SWGI,Gurupi
SWGK,Ribeirao Cascalheira - Sete Barras
SWGL,Serranopolis - Goalcool
SWGM,Cuiaba - Das Aguias
SWGN,Araguaina
SWGO,Goianesia
SWGP,Palmeiras De Goias
SWGQ,Nova Olimpia - Fazenda Monte Alegre
SWGS,Santana Do Araguaia - Fazenda Divisa
SWGT,Jandaia - Fazenda Nova
SWGU,Sandolandia - Agua Fria
SWGV,Agua Boa - Fazenda Cocal
SWGW,Jussara - Santa Rita
SWGZ,Nova Olimpia - Fazenda Guanabara
SWHA,Guarinos - Soberbinho
SWHE,Marvelandia - Agropecuaria Cajabi
SWHF,Porto Nacional - Fazenda Frigovale I
SWHG,Santa Helena De Goias
SWHJ,Nova Monte Verde - Bela Vista
SWHL,Campo Verde - Fazenda Maraba
SWHN,Nova Monte Verde - Nossa Senhora De
SWHO,Porto Dos Gauchos - Oscar Americano
SWHP,Agua Boa - Fazenda Olhos D`Agua
SWHQ,Vila Bela Da Santissima Trindade - Santa Cruz
SWHS,Maurilandia - Sao Joao
SWHT,Humaita
SWHU,Racharia - Izaura Usina
SWHY,Rondon Do Para - Fazenda Esperanca I
SWHZ,Carlinda - Taquarucu Retiro
SWIA,Iaciara
SWIB,Nova Santa Helena Apt
SWID,Sao Miguel Do Araguaia - Fazenda Indiara
SWIE,Mundo Novo - Sao Francisco
SWIG,Pontes E Lacerda - Sao Jose
SWII,Santo Antonio Do Ica - Ipiranga
SWIJ,Itiquira - Fazenda Sao Jorge
SWIK,Cocalinho - Fazenda Vanguarda
SWIL,Pedra Preta - Taruma
SWIM,Montes Claros De Goias - Tres Ranchos
SWIN,Campo Novo Do Parecis - Itamarati Norte
SWIO,Edeia - Fazenda Triangulo
SWIP,Ipameri
SWIU,Aripuana - Madeirinha
SWIV,Almeirim - Paru
SWIW,Nova Mutum - Brigadeiro Eduardo Gomes
SWIX,Itiquira - Michelin
SWIY,Cristalandia - Santa Izabel
SWJA,Juina Apt
SWJB,Tangara Da Serra - Juba
SWJC,Jaciara
SWJD,Sao Domingos - Fazenda Genipapo
SWJE,Baliza - Fazenda Ibia
SWJF,Juruena - Fazenda Sao Marcelo
SWJG,Arenapolis - Jaragua
SWJI,Ji-Parana
SWJJ,Salto Do Ceu - Fazenda Januarinho
SWJK,Britania - Sao Paulo
SWJL,Itaja - Fazenda Invernada
SWJM,Novo Alegre - Fazenda Bom Jesus
SWJN,Juina
SWJO,Britania - Sao Paulo
SWJP,Japura - Bittencourt
SWJQ,Selviria - Fazenda Colibri
SWJR,Santa Carmen - Fazenda Uniao
SWJS,Jussara - Samambaia
SWJT,Sao Felix Do Araguaia - Fazenda Joatao
SWJU,Juruena
SWJV,Atalaia Do Norte Apt
SWJW,Jatai
SWJX,Prudente De Morais - Das Perobas
SWJY,Alto Garcas - Iii
SWJZ,Juscimeira - Fazenda Morro Vermelho
SWKA,Jussara - Fazenda Canada
SWKB,Boca Do Acre - Fazenda Campina
SWKC,Caceres
SWKE,Formoso Do Araguaia - Cobrape
SWKG,Nova Ubirata - Agua Limpa
SWKH,Campo Verde - Fazenda Floresta
SWKJ,Dom Aquino - Fazenda Mutum
SWKL,Alto Alegre Dos Parecis - Terebinto
SWKM,Tangara Da Serra - Agricola Rondon
SWKO,Coari
SWKP,Pontes E Lacerda - Chacara Veneza
SWKQ,Sao Raimundo Nonato - Serra Da Capivara
SWKR,Itaruma - Mangue Che Ii
SWKT,Catalao
SWKU,Sao Gabriel Da Cachoeira - Cucui
SWKV,Itauba - Fazenda Beira Rio
SWKX,Caceres - Corixa
SWKY,Cristais Paulista - Recanto Da Cachoeira
SWKZ,Brasnorte - Fazenda Cerejal
SWLA,Juina - Fazenda Amalia
SWLB,Labrea
SWLC,Rio Verde - Leite De Castro
SWLD,Januaria - Porto Cajueiro
SWLE,Pontes E Lacerda
SWLF,Sao Jose Dos Quatro Marcos - Dona Laura
SWLG,Ribeirao Cascalheira - Recanto
SWLI,Barao De Melgaco - Fazenda Liberdade
SWLK,Juara - Conceicao
SWLM,Vila Bela Da Santissima Trindade - Fazenda Excalibur
SWLN,Sapezal - Fazenda Franciosi
SWLP,Aripuana - Fazenda Rosa Paralelo
SWLR,Pontes E Lacerda - Miura
SWLT,Marcelandia - Tatiana
SWLV,Santo Antonio Do Leverger Apt
SWMA,Barreiras - Agricola Fulanete
SWMB,Goiatuba - Fazenda Marimbondo
SWMC,Luis Antonio - Capao Da Cruz
SWME,Mineiros
SWMG,Monte Alegre De Goias - Fazenda Caraibas
SWMH,Itapirapua - Fazenda Bom Pastor
SWMJ,Corumba - Pousada Xaraes
SWMK,Sao Gabriel Da Cachoeira - Maturaca
SWML,Monte Alegre De Goias
SWMM,Aripuana - Buritizal
SWMN,Matrincha - Fazenda Forquilha
SWMO,Itiquira - Maria Jose
SWMQ,Aripuana - Fazenda Muiraquita
SWMR,Morro Redondo
SWMT,Nova Ubirata - Centro Da Mata
SWMU,Boa Vista - Sumuru
SWMV,Mucajai - Paa-Piu
SWMW,Maues
SWMX,Morrinhos
SWMY,Barra Do Garcas - Missu
SWMZ,Rondonopolis - Estancia Aeronaldo
SWNA,Novo Aripuana
SWNB,Nobres
SWNC,Nova Bandeirantes - Fazenda Procomp
SWNF,Colider - Agropecuaria Tratex
SWNG,Sorriso - Nossa Senhora
SWNH,Aruana
SWNI,Ariquemes - Nova Vida
SWNJ,Novo Sao Joaquim - Fazenda Itaquere
SWNK,Boca Do Acre - Novo Campo
SWNL,Lambari D`Oeste - Aracatuba
SWNM,Normandia
SWNN,Canta - Novo Intento
SWNO,Nova Olinda Do Norte
SWNQ,Niquelandia
SWNR,Nortelandia
SWNS,Anapolis
SWNT,Cacu - Antonio
SWNV,Goiania - Aviacao
SWNW,Nobres - Fazenda Tuiuiu
SWNX,Santo Antonio Do Leste - Independencia
SWOA,Goianira - Arnapar
SWOB,Fonte Boa
SWOC,Caracol - Sao Bento
SWOE,Caceres - Duas Lagoas
SWOF,Boa Vista - Ouro Fino
SWOG,Sao Jose Do Rio Claro - Fazenda Itaipu
SWOI,Juara Apt
SWOJ,Brasnorte - Nova Alvorada
SWOK,Itiquira - Fazenda Pontal
SWOL,Barra Do Garcas - Fazenda Roncador
SWOM,Novo Sao Joaquim - Salto Bello Ii
SWOO,Britania - Tres Marias
SWOP,Nova Monte Verde - Agropecuaria Embu
SWOQ,Luziania - Fazenda Surucucu
SWOR,Britania - Colorado
SWOS,Goianesia - Tapajos
SWOT,Sapezal - Fazenda Planorte
SWOV,Itiquira - Retiro Arrombadinho
SWOW,Moura
SWOX,Nossa Senhora Do Livramento - Estancia Barbosa
SWOY,Pontal Do Araguaia - Fazenda Duas Barras
SWOZ,Campo Verde - Antonio
SWPA,Pedro Afonso
SWPB,Costa Marques - Da Beira
SWPC,Sao Gabriel Da Cachoeira Apt
SWPD,Canta - Pouso Da Aguia
SWPE,Carlinda - Fazenda Lagoa Da
SWPG,Porto Dos Gauchos
SWPH,Barra Do Garcas - Paulo Abreu
SWPI,Parintins
SWPJ,Pontal Do Araguaia - Fazenda Sao Caetano
SWPK,Pocone
SWPL,Chapada Dos Guimaraes - Leonardo Vilas Boas
SWPM,Pimenta Bueno
SWPN,Parana Apt
SWPO,Santa Terezinha - Amazonia
SWPP,Mozarlandia - Fazenda Pica-Pau
SWPQ,Porto Alegre Do Norte - Fazenda Piraguassu
SWPR,Pires Do Rio
SWPS,Diamantino - Porto Sao Sebastiao
SWPT,Sinop - Fazenda Piratinga
SWPV,Brasilia - Planaltina
SWPW,Barao De Melgaco - Pouso Da Garca
SWPY,Primavera Do Leste
SWPZ,Posse - Oricanga De Abreu
SWQE,Sao Gabriel Da Cachoeira - Querari
SWQG,Maracaju - Fazenda Sossego
SWQH,Aripuana - Agropecuaria Nova Santana
SWQI,Caracarai
SWQJ,Campos De Julio
SWQK,Pedra Lavrada
SWQL,Doverlandia - Tres Companheiros
SWQM,Acorizal - Fazenda Boa Vista
SWQP,Junqueiropolis - Alcool
SWQQ,Camapua - Fazenda Fundao Alegre
SWQR,Boa Vista - Estancia Norteagro
SWQT,Aripuana - Fazenda Cotriguacu
SWQU,Vila Bela Da Santissima Trindade - Fazenda Guapore
SWQV,Porto Esperidiao - Maristela
SWQW,Alta Floresta - Bacaeri
SWQX,Monte Alegre De Goias - Fazenda Barro Preto
SWQZ,Ribas Do Rio Pardo - Fazenda Quatro Irmaos
SWRA,Arraias
SWRB,Barra Do Bugres Apt
SWRC,Ribeirao Cascalheira - Fazenda Sevilha
SWRD,Rondonopolis
SWRF,Brasnorte - Fazenda Toloza
SWRG,Guajara-Mirim - Tereza
SWRI,Querencia - Fazenda Roncador I
SWRJ,Rosario Oeste - Fazenda Panflora
SWRK,Swrk
SWRL,Corumbiara - Pouso Redondo
SWRM,Santo Antonio Do Descoberto
SWRO,Porto Velho Apt
SWRP,Aripuana
SWRR,Planalto Da Serra Apt
SWRS,Rondonopolis - Santa Monica
SWRT,Santa Rita Do Araguaia Apt
SWRU,Tesouro - Meruri
SWRV,Diamantino - Verde
SWRW,Mirassol D`Oeste - Santa Alice
SWRX,Vila Bela Da Santissima Trindade - Santa Cruz
SWRY,Porto Estrela - Santa Maria
SWRZ,Nortelandia - Fazenda Arrossensal
SWSA,Diamantino - Sao Joao
SWSB,Araguaiana - Fazenda Sabia
SWSC,Sao Felix Do Araguaia - Santa Cruz
SWSD,Araguaiana - Antonio
SWSF,Vila Bela Da Santissima Trindade - Sao Francisco
SWSG,Campos De Julio - Fazenda Simarelli
SWSH,Alta Floresta - Sao Raimundo Ii
SWSI,Sinop - Presidente Joao Batista
SWSK,Boa Vista - Fazenda Sao Marco
SWSM,Lambari D`Oeste - Santa Maria
SWSN,Swsn
SWSP,Paranatinga - Norte
SWSQ,Sao Gabriel Da Cachoeira Apt
SWSR,Sertania Apt
SWSS,Vila Bela Da Santissima Trindade - Silmar
SWST,Santa Terezinha
SWSU,Ribeirao Cascalheira - Santa Juliana
SWSV,Cocalinho - Santa Silvia
SWSX,Sena Mafureira - Seringal
SWSY,Vila Bela Da Santissima Trindade - Sao Simao
SWSZ,Nova Bandeirantes - Fazenda Santa Luzia
SWTA,Araputanga - Santa Marcia
SWTB,Ariquemes - Tabajara
SWTC,Tocantinia
SWTD,Agua Boa - Setembro
SWTE,Diamantino - Fazenda Trescinco
SWTH,Alta Floresta - Fazenda Trescinco Juruena
SWTI,Nova Lacerda - Sao Vicente
SWTJ,Tangara Da Serra - Fazenda Cachoeira
SWTK,Vila Bela Da Santissima Trindade - Santa Maria
SWTL,Pimenta Bueno - Fazenda Corumbiara
SWTN,Araputanga - Fazenda Arapucel
SWTO,Paraiso Do Tocantins
SWTP,Santa Isabel Do Rio Negro - Tapuruquara
SWTQ,Rio Quente
SWTR,Sao Gabriel Da Cachoeira - Taraqua
SWTS,Tangara Da Serra
SWTU,Sapezal - Fazenda Tucunare
SWTV,Salto Do Ceu - Fazenda Rio Preto
SWTW,Pontes E Lacerda - Sao Lucas
SWTX,Torixoreu - Fazenda Olho D`Agua
SWTY,Taguatinga
SWUA,Sao Miguel Do Araguaia
SWUB,Pontes E Lacerda - Fazenda Serra Alegre
SWUC,Luciara
SWUE,Nova Canaa Do Norte - Fazenda Tapayuna
SWUI,Pauini
SWUJ,Vera - Tagua Agropecuaria
SWUK,Sao Gabriel Da Cachoeira Apt
SWUL,Ananas - Fazenda Furna Azul
SWUM,Comodoro - Fazenda Rancho Novo
SWUN,Nova Monte Verde - Santa Eunice
SWUP,Uirapuru
SWUQ,Alto Alegre - Surucucu
SWUR,Palmeira Do Piaui - Fazenda Vista Verde
SWUS,Campo Novo Do Parecis - Sao Benedito
SWUT,Campo Novo Do Parecis - Lavoura Fazenda
SWUU,Sinop - Fazenda Uirapuru
SWUW,Alto Paraguai - Ii
SWUY,Coari - Urucu
SWUZ,Luziania - Brigadeiro
SWVB,Vila Bela Da Santissima Trindade
SWVC,Vila Rica
SWVD,Serranopolis - Fazenda Rio Verde
SWVE,Bujari - Fazenda Vista Alegre
SWVF,Vila Bela Da Santissima Trindade - Sto Antonio Guapore
SWVH,Alta Floresta - Fazenda Vaca Branca
SWVI,Sao Valerio - Fazenda Pirassununga
SWVJ,Nova Mutum - Fazenda Uiapuru
SWVK,Nova Ubirata - Celeste
SWVL,Santo Antonio Do Leverger - Fazenda Vertente
SWVN,Comodoro - Valdir Masutti
SWVO,Claudia - Panorama
SWVP,Cutias - Santa Isabel
SWVR,Sinop - Estancia Rosalia
SWVS,Vila Bela Da Santissima Trindade - Sto Antonio
SWVT,Querencia - Estrela D`Alva
SWVU,Rio Brilhante - Fazenda Ramalhete
SWVV,Vila Bela Da Santissima Trindade - Fazenda Esperanca
SWVY,Corumba - Carvalho
SWVZ,Nobres - Ltda
SWWA,Porangatu
SWWB,Claudia - Fazenda Rio Azul
SWWD,Barcelos - Bais
SWWF,Caceres - Hotel Baiazinha
SWWG,Quirinopolis - Fazenda Canamari
SWWI,General Carneiro - Fazenda Fortaleza
SWWJ,Barao De Melgaco Apt
SWWK,Urucara
SWWL,Barra Do Garcas - Fazenda Agrocentro
SWWM,Mantena - Fazenda Pupila
SWWN,Alta Floresta - Fazenda Santa Amalia
SWWT,Morada Nova De Minas Apt
SWWU,Uruacu
SWWV,Barao De Melgaco Apt
SWWW,Barao De Melgaco Apt
SWWX,Barao De Melgaco Apt
SWWY,Barao De Melgaco Apt
SWWZ,Cascavel - Darinha
SWXA,Jussara - Fazenda Canadazinho
SWXC,Cerejeiras - Fazenda Tropical
SWXD,Itapolis - Aerogardi
SWXG,Barra Do Garcas - Xingu
SWXH,Sao Desiderio Apt
SWXJ,Cuiaba - Chacara Sao Jose
SWXK,Sao Jose Do Rio Claro Apt
SWXL,Sandolandia - Fazenda Lago Grande
SWXM,Matupa - Villas Boas
SWXO,Sao Felix Do Xingu - Porto Seguro
SWXP,Sapezal - Fazenda Santa Luzia
SWXR,Porto Esperidiao - Faria
SWXS,Pontes E Lacerda - Sao Joao
SWXT,Vila Bela Da Santissima Trindade - Medalha Milagrosa
SWXU,Xapuri
SWXV,Nova Xavantina Apt
SWXW,Pontes E Lacerda - Sao Joao
SWXY,Santa Terezinha - Fazenda Transoeste
SWXZ,Comodoro - Fazenda Taquarussu
SWYA,Jaciara - Nossa Senhora
SWYC,Mirassol D`Oeste - Jair Feliciano De
SWYG,Aracruz - Sao Jose
SWYH,Araputanga - Fazenda Alianca
SWYI,Dianopolis - Barragem Manoel Alves
SWYJ,Novo Progresso - Agropecuaria Fr Ltda
SWYK,Pocone - Fazenda Ilha Camargo
SWYM,Pontes E Lacerda - Fazenda Anhanguera
SWYN,Apui - Prainha
SWYO,Adamantina - Usina Branco Peres
SWYP,Nova Mutum - Fazenda Ribeiro
SWYQ,Sinop - Nova Fronteira
SWYR,Jauru - Nossa Senhora
SWYT,Novo Acordo - Fazenda Formosa
SWYU,Aruana - Entre Rios
SWYV,Ibira
SWYW,Alto Garcas - Adriana
SWYY,Nova Xavantina Apt
SWZA,Juara - Agrosan
SWZB,Barao De Melgaco - Arara Azul
SWZC,Porto Esperidiao - Fazenda Corixo
SWZD,Jandaia - Destilaria
SWZE,Pontes E Lacerda - Fazenda Tamboril
SWZF,Araputanga - Fazenda Araguari
SWZG,Porto Esperidiao - Fazenda Lagoa Encantada
SWZH,Acreuna - Fazenda Cacapava
SWZJ,Crixas - Sao Joao
SWZL,Itambacuri - Fazenda Americana
SWZM,Sao Simao
SWZN,Acreuna - Fazenda Frances
SWZO,Campo Verde - Fazenda Lagoa Funda
SWZP,Guiratinga - Vale Rico
SWZQ,Jussara Apt
SWZR,Itapirapua - Santa Rita
SWZS,Caceres - Nova Larga
SWZT,Paraopeba - Fazenda Do Brejo
SWZU,Ivinhema - Fazenda Rodoserv I
SWZV,Bela Vista - Fazenda Rodoserv Iii
SWZW,Sao Jose Do Xingu Apt
SWZY,Brasnorte - Fazenda Sete Estrelas
SXP,Nunam Iqua
SYAH,Aishalton
SYAN,Annai
SYAP,Apoteri
SYAW,Awaruwaunau
SYBE,Bemichi
SYBR,Baramita
SYBT,Bartica
SYCJ,Georgetown - Cheddi Jagan
SYEB,Ebini
SYGO,Ogle
SYIB,Imbaimadai
SYKA,Syka
SYKK,Kurukabaru
SYKM,Kamarang
SYKR,Karanambo
SYKS,Karasabai
SYKT,Kato
SYKW,Kwakwani
SYKZ,Sykz
SYLD,Linden
SYLP,Lumid Pau
SYLT,Lethem
SYMB,Mabaruma
SYMD,Mahdia
SYMK,Symk
SYMM,Monkey Mountain
SYMN,Manari
SYMP,Mountain Point
SYMR,Matthews Ridge
SYMW,Marurawana
SYNA,New Amsterdam
SYOR,Orinduik
SYPR,Paruma
SYSC,Sysc
SYWI,Wichabai
T00,Anahuac - Chambers County
T03,Tuba City
T05,Port Mansfield - Charles R Johnson
T12,Kirbyville
T13,Palmer - Dallas
T14,Quinlan - Rockin M
T15,Marlin
T16,Reserve
T19,Freer - Duval
T20,Gonzales - Roger M Dreyer
T23,Albany Muni
T24,Pineland
T25,Frankston - Aero Estates
T26,Louise - Flying V Ranch
T27,New Windsor - Independent
T28,Slidell - Cain
T29,Whitesboro - Flying H Ranch
T30,Pearsall - Mc Kinley
T31,Mc Kinney - Aero Country
T32,Collinsville - Sudden Stop
T34,Dickinson - Talon Air
T35,Cameron Muni
T36,Tylertown - Paul Pittman Meml
T37,Goldthwaite
T38,Bolivar - Bar V K
T39,Archer City
T41,La Porte Muni
T42,Ruth
T44,Kodiak - Trident Basin
T45,Panhandle
T47,Howe - Finney
T48,Rockwall - Poetry Flying Ranch
T50,Menard
T51,Houston - Dan Jones
T54,Rosenberg - Lane
T55,Dimmitt
T56,Midlothian - Eagle'S Nest Estates
T57,Garland
T58,Sanger - Ironhead
T59,Wheeler
T60,Aspermont - Stonewall County
T66,Wasilla - Visnaw Lake
T67,Fort Worth - Hicks
T69,Sinton
T70,Laughlin Aux Nr 1 Afb
T71,Cuero Muni
T73,Lancaster - Kirk Air
T74,Taylor Muni
T76,Rhome
T78,Liberty Muni
T79,Pearland - Skyway Manor
T80,Celina - Bishop'S Landing
T82,Fredericksburg - Gillespie County
T85,Yoakum Muni
T87,Sanger - Flying C
T88,Colorado City
T89,Lajitas
T90,Winnie/Stowell
T92,Mason County
T93,Follett
T94,San Antonio - Twin-Oaks
T95,League City - Bay Electric Supply
T96,Wolfforth - Southwest Lubbock
TA00,Sweetwater - Rafter P
TA01,Alvarado - Phillips Farm
TA02,Rhome - Howard
TA03,Galveston Helicopter
TA04,Waco - Sheriff Department
TA05,Corsicana - Anxiety Aerodrome
TA06,Cumby - Morris Manor
TA07,Dayton - Jet Ag Inc
TA08,Floyd - Flying M
TA10,Kingsville Christus
TA11,Midlothian - Tsa
TA12,Waller - Flying B Ranch
TA13,Texline - Nebtex Land Company
TA14,Channelview - Lyb
TA15,Columbus Community
TA16,Spur - Travis
TA17,Brenham - Live Oak Ranch
TA18,Forney - Sunset
TA19,Weatherford - Post Oak
TA20,Mc Cook - Bfs
TA21,Lewisville - Windmill Hill
TA22,Dripping Springs - Mirasol Hills
TA23,Marquez - Ranch
TA24,Mullin - Smoky Bend Ranch
TA25,Ranger - Cook Canyon Ranch
TA26,Maypearl - Coyote Crossing
TA27,Mineola - Alpha Whisky Airstrip
TA28,Raymondville - Scott
TA29,Alice Christus
TA30,Sante Fe - Old Forker
TA31,Brackettville - Tularosa
TA32,Mineral Wells - Upham
TA33,Rosharon - Meyer
TA34,Crystal City - Flying G
TA35,Glen Rose - Rancho Hielo Brazos
TA36,Beeville Christus
TA37,Ben Wheeler - Vaca Moo
TA38,Abilene - Hendrick Medical Center
TA39,Eagle Lake - Rice Medical Center
TA40,Atlanta Christus
TA41,El Paso - University Medical Center
TA42,Burton - Twisted T
TA43,Corrigan - Anderosa
TA44,Hebbronville - Puesta Del Sol
TA46,Kaufman - Baum
TA47,Krum - Richards
TA48,Argyle - Hawk Nest
TA49,Athens Christus
TA50,Larue - Wilkeys
TA51,Brock - Eagle
TA52,Barksdale - Flying Bull Ranch
TA53,Blanco - Rocky Top Ranch
TA54,Sterling City - Mccrea
TA55,Del Valle
TA56,Orange Grove - Floyd Ranch
TA57,Texas Valley
TA58,Cotulla - Rancho Encantado
TA59,Jacksboro - Flamingo
TA60,Fly Navy
TA61,Winona - Kay Ranch
TA62,Clint - Rancho San Lorenzo
TA63,Livingston Base
TA64,Marathon - Persimmon Gap Ranch
TA65,Palo Pinto - Sportsman'S World
TA66,Pipe Creek - Freedom Springs Ranch
TA67,Shallowater - Biggin Hill
TA68,Georgetown - Randys
TA69,Sunnyvale - Lupton Farms
TA70,Tennessee Colony - W J E
TA72,San Antonio - Methodist Westover Hills
TA73,Kerrville - Barclay'S Roost
TA74,Alvin - Ineos Cbw
TA75,Lexington - Cotton Patch
TA76,Goldthwaite - Flying 7H Ranch
TA77,Willis - Flyers Ridge
TA78,Hico - Putty Ranch
TA79,Lubbock - University Medical Center
TA80,Whitesboro - U U Ranch
TA81,Del Rio - Morning Star Ranch
TA82,Midway - Trinity
TA83,Victoria - The Oasis
TA84,Carrizo Springs - Miller Ranch
TA85,Seguin - Chips
TA86,Canton - Dennis'S Flying Farm
TA87,Boyd - Carter Norman
TA89,Mullin - Vaughan Ranch
TA90,Granbury - Doublewide Ranch
TA91,Childress Medical
TA92,Fort Worth - Hdc1
TA93,Sherman - Lm Ranch
TA94,Mesquite - Creech
TA95,Hartley - Central
TA97,Orchard - White Wing Ranch
TA98,Baytown - Chevron Chemical Company
TA99,Richardson Campbell
TAPA,St. George - V.C. Bird
TAPH,Codrington
TAPT,Coco Point
TBPB,Bridgetown - Grantley Adams
TCYT,Tcyt
TDCF,Canefield
TDPD,Marigot - Melville Hall
TE00,Aransas Pass - North Bay General
TE01,Centerville - Dillard Ranch
TE02,Dublin - Rivet Ranch
TE03,Huntsville Meml
TE04,Canadian - Split B Ranch
TE05,Perryton - Little B Farms
TE06,Leonard - Casey
TE07,Wharton - Center
TE08,Wingate - Flying W
TE09,Alvin - Minard Pegasus
TE10,Henrietta - Pierce
TE11,Fresno - Life Flight/Refuel
TE12,Round Mountain - Rescue
TE13,Castroville - Weiblen
TE14,Jonestown - Winns
TE15,Menard - Company
TE16,Parker - Cow Pasture
TE17,Robinson - Heathrow
TE18,Tyler - Mother Frances Hospital
TE19,Woodville - Tyler County Hospital
TE21,Bandera - Lobo Mountain Ranch
TE22,Texas Scottish
TE24,Sanger - Horseshoe Lake
TE25,Brackettville - Back Porch Ranch
TE26,Cambellton - Arrow 'S' Ranch
TE27,Catarina - Harrison Piloncillo Ranch
TE28,Deer Park Shell
TE29,Encinal - La Esperanza Ranch
TE30,Fort Worth - Harris Hospital
TE32,Laredo - Rancho Blanco
TE33,Mountain Home - Riata Ranch
TE34,Millsap - Reb Folbre'S Place
TE35,Walnut Springs - Fill Or Kill
TE36,Shiner - Gerum Farm
TE37,Sonora - Canyon Ranch
TE38,Goodrich - Loghouse Stol
TE39,Era - Bucker
TE40,Breckenridge - Caselman Ranch
TE41,Conroe - Center
TE42,Corpus Christi - D.F.C.H.
TE43,Dallas - System
TE44,Merit - R-Ranch Airstrip
TE45,Joshua - Buffalo Chips
TE46,Refugio - Meml Hospital
TE47,Rio Vista - Cross Wind Acres
TE48,Lampasas - Kings Ranch
TE49,Tomball - H S I
TE50,Milford - Hirok
TE51,Seguin - Lackorn
TE52,Cresson - Chigger
TE54,San Angelo - Wright
TE55,Liberty Dayton
TE56,Van Horn - Culberson Hospital
TE57,Hondo - Haass
TE58,Beeville - Trml D Ranch
TE59,Bulverde - Holler
TE60,New Braunfels - Hospital
TE61,Big Spring - Pad
TE62,Robstown - Airstrip
TE63,Tilden - Arrowhead Ranch
TE64,Yoakum Community
TE65,North Richland Hills - Nrh Fire Department
TE66,Mc Kinney - Lmc
TE67,New Berlin - Cibolo Sea-Willo
TE68,Pottsboro - Nuggs Flying M
TE69,Richmond - Center
TE70,Lockney - Bfs
TE71,Wallis - Ghsa Glideport
TE72,Bivins - Taylor
TE73,Winnie - Griffith Ranch
TE74,Point - Bucker
TE75,Lexington Airfield
TE76,Alvord - Vance Fld
TE77,Angleton - Farms
TE78,Camp Wood - Fossil Creek Ranch
TE80,Arlington Medical
TE81,Denton - Smither
TE82,Fate - 5-State
TE83,La Pryor - Westwind Ranch
TE84,Mc Gregor - Mockingbird Hill
TE85,Montgomery - Marmack
TE86,New Berlin - Heritage
TE87,Portland - Magee
TE88,Rosharon - Bb
TE89,Mirando City - Jacalon Ranch
TE90,Bandera - Flying L
TE91,Troup - Harrison Farm
TE92,Northlake - Hardeman Ranch
TE93,Weatherford - Staggs
TE94,Austin - Starflight Facility
TE95,El Paso - Rocky Point
TE96,Coupland - Crosswinds
TE97,Fredericksburg - Cameron Ranch
TE98,Pearsall - Frio
TE99,Peoria - Barnstormer
TF8,Chicago/Tinley Park
TFFA,Grande Anse - La Desirade
TFFB,Basse Terre - Baillif
TFFC,St-Francois
TFFF,Martinique
TFFG,Grand Case
TFFJ,Gustavia - Gustaf Iii
TFFM,Grand Bourg - Les Bases
TFFR,Pointe-A-Pitre Le Raizet
TFFS,Les Saintes - Terre-De-Haut
TGPY,Saint George'S - Point Salines
TGPZ,Carriacou Island - Lauriston
TIST,Charlotte Amalie - Cyril E King
TISX,Christiansted - Henry E Rohlsen
TJAB,Arecibo - Antonio/Nery/Juarbe Pol
TJBQ,Aguadilla - Rafael Hernandez
TJCP,Isla De Culebra - Benjamin Rivera Noriega
TJFA,Fajardo - Diego Jimenez Torres
TJIG,San Juan - Fernando Luis Ribas
TJMZ,Mayaguez - Hostos
TJPS,Ponce - Mercedita
TJRV,Ceiba - Torre
TJSJ,San Juan - Luis Munoz Marin
TJVQ,Isla De Vieques - Antonio Rivera Rodriguez
TKE,Tenakee Springs
TKPK,Basseterre - Robert L. Bradshaw
TKPN,Charlestown - Vance W. Amory
TLPC,Castries - George F. L.
TLPL,Vieux Fort - Hewanorra
TN00,Springfield - Northcrest Medical Center
TN01,Rosemark - Ray
TN02,Telford
TN03,Chattanooga - System
TN04,Bristol Rgnl Medical Center
TN05,Jackson Madison
TN06,Dyersburg - Ae75
TN07,Eagleville - Hawk Haven
TN08,Oliver Springs
TN09,Carthage - Bearhawks Den
TN10,Sharps Chapel - Lake View
TN11,Sneedville - Mountain Outlaw
TN12,Lewisburg - Hudgin Air
TN13,Sharps Chapel - Old Valley
TN14,Eagleville - T-Top
TN15,Shelbyville - Bedford Hospital
TN16,Huntingdon
TN17,Sweetwater - Vintage
TN18,Eads - Richardson Strip
TN19,Harriman - Roane Medical Center
TN20,Seymour Air
TN21,Hohenwald - Palmer Village-Napier Lake
TN22,Centerville - Services
TN23,Clarksville - Titan
TN24,Waynesboro - Wayne Medical Center
TN25,Memphis - Methodist Hospital
TN26,Lebanon - Tk Farm
TN27,Chapel Hill - Racecar
TN28,Memphis - Anderson Tully County
TN29,Memphis - Ltd
TN30,Niota - Cub Haven
TN31,Cookeville
TN32,Loudon
TN33,Tennessee & Ntl Guard Army
TN34,Nashville - St
TN35,Nashville - Center
TN36,Ripley - Flying I Ranch
TN37,Toone - Anderson
TN38,Woodbury - Stones River Hospital
TN39,Tullahoma - Amacher Strip
TN40,Jellico
TN41,Jonesborough - Ward Farms
TN42,Whitwell - Living
TN43,Memphis - Isle-A-Port
TN44,Lafollette - Deerfield Resort
TN45,Dunlap - Magic Valley
TN46,Paris - Center
TN47,Dandridge
TN48,Dresden - Turner
TN49,Lebanon - Bellwood
TN50,New Hope - Indian Hill Farm
TN51,Harriman - Natural Selection
TN52,Winchester - King
TN53,Clarksville - Parr Fld
TN54,Johnson City - Mountain View
TN56,Mayland - Carey
TN57,Johnson City - Air Trade Center
TN58,Brighton - Parsons
TN59,Arlington Bmh/Freestanding
TN60,Nashville - Wsmv-Tv
TN62,Franklin - Freaky Fast
TN64,Sweetwater - West
TN65,Murfreesburg - Long Meadow Airstrip
TN66,Pikeville - Austin
TN67,Estill Springs - Myers-Smith
TN68,Elmwood - River Runway
TN69,Germantown Methodist
TN70,Collierville - Burkeen
TN71,Lenoir City - Cox Farm
TN72,Waverly - Three Rivers Hospital
TN73,Murfreesboro - Ascension St Thomas
TN74,Lenoir City - Farm
TN75,Rutledge - Joppa
TN76,Paris - Mobley-Wood
TN77,Chapmansboro - Whifferdill
TN78,Soddy-Daisy
TN79,Nashville - Oakley
TN80,Cookeville - Schiff
TN81,Indian Mound - Rattlesnake Ridge
TN83,Murfreesboro - Cedar Glade Aerodrome
TN84,Nashville - Mc Gavock
TN85,Spencer - Hogue
TN86,Clarksville - Emergency Air Lift
TN87,Maryville - Montvale
TN88,Sparta - Hospital
TN89,Whitwell - Possum Bottom
TN90,Chattanooga - Mathews
TN91,Johnson City Medical
TN92,Nashville - Metrocenter
TN93,Clarksville - Gateway Medical Center
TN94,Knoxville - Robertson Farm
TN95,Ridgely
TN96,Lebanon - Fall Creek
TN97,Nashville - Triune
TN98,Knoxville - Sky Ranch
TN99,Memphis - Nelson Airfield
TNCA,Oranjestad - Queen Beatrix
TNCB,Kralendijk - Flamingo
TNCC,Willemstad - Hato
TNCE,Oranjestad - F D Roosevelt
TNCM,Philipsburg - Princess Juliana
TNCS,Saba - Juancho E. Yrausquin
TPO,Port Alsworth
TQPF,The Valley - Clayton J Lloyd
TRPG,Gerald'S Park - John A. Osborne
TS00,Fort Worth - Fuller
TS01,Georgetown - Landry
TS02,Jacksboro - Place
TS03,Walnut Springs - Bryant'S Landing
TS04,Del Rio Vista
TS05,Woodsboro - La
TS06,Dallas City
TS07,Cypress - Dry Creek
TS08,Ganado - Kubecka Aviation
TS09,Beaumont Baptist
TS10,Beaumont - Sheraton Spindletop Hotel
TS11,Campbell - Glenmar
TS12,Bay City - Enterprise Products 809
TS13,Garden City - Glass Ranch
TS14,De Leon - Smith Flying Service
TS15,Marfa - Cibolo Creek Ranch
TS17,Houston - Garage
TS18,Kingsland
TS20,Muenster - Joseph
TS21,Justiceburg - Roy Ranch
TS22,Post - Wwd Farms
TS23,Austin - Mgm
TS25,Wimberly - 4 S Ranch
TS26,Houston - The Huntingdon
TS27,Columbus - River
TS29,Eddy - Liberty Hill
TS30,Vernon - Wilbarger General Hospital
TS32,Waskom
TS35,Dayton - West
TS36,Fredricksburg - Silver Wings
TS37,Houston - Courthouse
TS39,Lockney - Sherman
TS40,Catarina - San Ysidro Ranch
TS41,Utopia - Waresville
TS42,San Antonio - Bexar
TS43,Palacios - Wagner
TS44,Pattison - Dry Branch Ranch
TS45,Pearland - Gulfcoast
TS46,Llano - Hopf
TS47,Floresville - Peeler
TS48,Sabine Pass Arco
TS49,Sour Lake - Station
TS50,Texas City - Austinia
TS51,Point Comfort - Formosa Plastics
TS52,Tomball
TS53,El Paso - Tecma
TS54,Pickton - Flying B
TS55,Garden Ridge - Bat Cave
TS56,Fort Worth - Ktvt Channel 11
TS57,Wharton - Giles Va Ranch
TS58,Denton Medical
TS61,Glen Rose - Little 'L' Ranch
TS62,Jayton - Norris
TS63,Mc Kinney - Square Air
TS65,San Angelo - Ducote
TS66,Lubbock Covenant
TS67,Garden Ridge - Kitty Hawk Flying
TS68,Harlingen - Vbmc
TS69,Hebbronville - Barronena
TS70,Corsicana - Deep Water Cove
TS71,Ovilla - Flying B Ranch
TS72,Gun Barrel City East
TS73,Fort Worth - Stubbs Strip
TS74,Sanger - Glass
TS75,Plantersville - Hammer
TS76,Stonewall - Redstone Ranch
TS78,Booker - Loesch Ranch
TS79,Booker - Fourth Creek Ranch
TS80,Catarina - Wildlife/Stroud
TS81,Lott - Flanders
TS84,Ropesville - Pro Agri
TS85,Pottsboro - Diamond J
TS87,Fort Mckavett - Plane & Fancy
TS89,Granbury - Parker
TS90,Utopia - Hidden Valley Ranch
TS91,Sabine Pass - Tenneco Shorebase
TS92,Temple - Little Peach
TS93,Houston - Cathexis
TS94,Bay View - Rancho Buena Vista
TS95,Sterling City - Alvie Cole Ranch
TS96,El Campo Airpark
TS98,Houston - Hospital
TS99,Kennard - Hogg
TSG,Tanacross
TT00,Weimar - Tree Top Air
TT01,Shomu-Shon - Pagan Airstrip
TT02,Ulithi
TT04,Gualo Ral
TT05,Floresville - Patton Air Park
TT06,Leakey - Frio Canon
TT07,Coleman County
TT10,Knox City - Hutson Ranch
TT11,Sulphur Springs - Goggans
TT12,Rainbow - Pastrana Ranch
TT13,Bastrop - Hospital
TT16,Graford - Cosmo
TT18,Bellville - Lionwood
TT19,Hardin - Circle C Ranch
TT20,Madisonville - Ranch
TT21,Alvord - Grant Ranch
TT23,South Padre Island - Redline Helicopter Tours
TT27,Justiceburg - Johnson Ranch
TT29,Roxton - Davidson Farms
TT31,Fowlerton - Y Bar Ranch
TT32,Royse City - Kudlacek
TT33,Amarillo - Alexander Landing
TT34,Langtry - Newberry Ranches
TT35,Wimberley - Mount Sharp
TT37,Jefferson - Dragon Lady
TT40,Graham - Burkett Ranch/Jackson Pasture
TT41,Huntsville - Four Notch
TT44,Paris - Flying H
TT45,Marion - Nighthawks Nest
TT46,Bryan - Pc
TT47,Anna - Adams
TT48,Dandridge - Wingman Aerodrome
TT50,Crowell - Airstrip
TT53,Terlingua - Aeromigos
TT57,Mullin - Mangham
TT59,Kingwood Hca
TT60,Tow
TT62,Mc Faddin - The Bluff
TT65,Bleiblerville - 3 Barrel Ranch
TT66,Frost - Rowdy T Ranch
TT73,Canton - Vogt'S Vista
TT74,Perrin - Moura
TT75,Conroe - Berkley Ranch
TT83,Horseshoe Bay - Hbr
TT87,Rocksprings - Agua Nada Ranch
TT91,Junction - Orth Pasture
TT97,Seagraves
TT98,Bells - Kelly Air
TT99,Merit - Leinart Farms Airstrip
TTCP,Tobago
TTPP,Port Of Spain - Piarco
TUPA,Anegada - Auguste George
TUPJ,Roadtown - Terrance B Lettsome
TUPW,Spanish Town - Virgin Gorda
TVSA,Tvsa
TVSB,Bequia - J F Mitchell
TVSC,Canouan
TVSM,Mustique Island
TVSU,Union Island
TVSV,Kingstown - E. T. Joshua
TX0,La Ward - Shank N Bank
TX00,Abilene Exec
TX01,Austin Lyj
TX02,Abilene - Portlock
TX03,Abbott - Stapleton
TX04,Brenham - Lucky Star Ranch
TX05,Austin - Bud Dryden
TX06,Bartonville - Carrington
TX07,Comstock - Strip
TX09,Pritchett - Lz Glen
TX1,Frankston - Aero Estates
TX10,Corpus Christi - Halo-Flight Inc
TX11,Cross Plains - Ross Planes
TX12,Paducah - Buckle L Ranch
TX13,Pampa - Mesa Vista Ranch
TX14,Washington - Boneyard Airstrip
TX15,Aledo Beggs
TX16,Van Alstyne - Parkers Landing
TX17,Athens East
TX18,Dallas - Redmond Taylor Ahp
TX19,Annona - Russells Ranch
TX2,Beeville - Chase
TX20,Anson - Steen
TX21,Archer City - Hornady Ranch
TX22,Argyle - Leroux
TX23,Briggs - Flf
TX24,Arp - Oaks
TX25,Athens - Lochridge Ranch
TX26,Austin - Mabry Arng
TX28,Morgan - Devil'S Finger
TX29,Bardwell - Flying O
TX30,Bedford - Hospital
TX31,Big Spring - Ranch
TX32,Santo - Yellowstone Air Park
TX33,Houston Hca
TX34,Mineral Wells - Windy Tales
TX35,Boxelder/Lydia - Molair
TX36,Morgan - Boyd
TX37,Bridgeport - Flying S Ranch
TX38,Darrouzett - Duke Ranch
TX39,Era - Ruby
TX40,Brownsboro - Echo Lake
TX41,Blanco - Pippen-York Ranch
TX42,Monaville - Fair Weather
TX43,Canton - Goode
TX44,El Paso - Sierra Medical Center
TX45,Center - Hawkeye Hunting Club
TX46,Cleburne - Blackwood
TX47,Revenna - Sandy Creek Ranch
TX48,Clifton - Talley
TX49,Lufkin - One Eyed Creek
TX50,Texas Denton
TX51,Corsicana - Smith
TX52,Cranfills Gap - Parrish Airstrip
TX53,Dallas - Police H Port-Redbird
TX54,Smithville Rgnl
TX56,Freer - Douglass Ranch
TX57,Port Isabel - Guard
TX61,Elgin - Baker
TX62,Mineola - Rhodes Ranch
TX63,Brownfield
TX64,Decatur - Lazy 9 Ranch
TX66,Alta Loma - Rebel
TX67,Keene - Hodges Air
TX68,Ector - Parker Place
TX69,San Antonio - Southwest General Hospital
TX70,Chappell Hill - Eberly Ranch
TX71,Whitt - Rock Creek Ranch
TX72,Elgin - Wood Triple D
TX73,Baytown - Patients Emergency Room
TX74,Parker - Thomas Flying
TX75,Franklin - Sandbur Ranches Pvt
TX76,Houston The
TX77,Austin - Jej Helipad
TX78,Alvarado - Block Ranch
TX79,Cotulla - Crescent C Ranch
TX81,Gainesville - Robotek
TX82,Laguna Park
TX84,Texarkana - Christus St Michael
TX85,Henderson Christus
TX86,Houston - Methodist Hospital Alkek
TX87,Jourdanton - Methodist Hospital
TX88,Rising Star
TX89,Sugar Land
TX90,Lissie
TX91,Garland - Madeira
TX92,Georgetown - Green
TX93,Glen Rose - Wright
TX94,Era - Flying D Ranch
TX95,Austin - Wild Basin
TX96,Sanger - Maxwell
TX97,Cranfills Gap - Cade
TX98,Dallas - Crespi Helistop
TX99,Goodland - Williams
TXKF,Hamilton - L F Wade
TYE,Tyonek
U00,Leadore
U01,American Falls - Savage
U02,Blackfoot - Mccarley
U03,Buhl
U05,Philipsburg - Riddick
U06,Cokeville
U07,Glen Canyon Natl Rec Area - Bullfrog Basin
U08,Overton - Perkins
U09,Harlem - Fort Belknap Agency
U10,Preston
U12,St Anthony - Stanford
U13,Junction
U14,Nephi
U30,Temple Bar
U34,Green River
U36,Aberdeen Muni
U37,Atomic City - Midway
U41,Dubois Muni
U45,Atlanta - Graham Usfs
U46,Atomic City - Big Southern Butte
U48,Atomic City - Coxs Well
U51,Bancroft
U52,Beaver Muni
U53,Island Park - Henrys Lake
U54,Bernard
U55,Panguitch
U56,Rigby
U58,Downey
U60,Big Creek
U61,Ketchum - Twin Bridges
U62,Mackay
U63,Stanley - Bruce Meadows
U64,Monticello
U65,Carey
U68,Cowley/Lovell/Byron - North
U69,Duchesne
U70,Cascade
U72,Challis - Usfs
U74,Crescent Valley
U76,Mountain Home Muni
U78,Soda Springs - Allen H
U79,Chamberlain Guard Station
U81,Cold Meadows Guard Station
U82,Council Muni
U84,Donnelly - Donald D Coski
U86,Fairfield Frostenson
U87,Smiley Creek
U88,Garden Valley
U89,Glenns Ferry
U91,Grasmere
U92,Moore - Antelope Valley
U93,Hailey - Magic Reservoir
U94,Hazelton Muni
U96,Halls Crossing - Cal Black Meml
U97,Howe
U98,Idaho Usfs
U99,Kimama - Laidlaw Corrals
UA34,Shardara - Chardara
UA36,Lugovoy Apt
UA66,Chirchik
UAAA,Almaty
UAAH,Balkhash
UAAL,Usharal
UAAR,Aima Ata - Boralday
UAAT,Taldy Kurgan - Taldykorgan
UACC,Astana
UACK,Kokshetau
UACP,Petropavlosk
UADD,Taraz
UAFA,Tamga
UAFB,Batken
UAFE,Kerben
UAFF,Tokmok
UAFG,Cholpon-Ata
UAFI,Isfana
UAFJ,Jalal-Abad
UAFM,Uafm
UAFN,Naryn
UAFO,Uafo
UAFR,Balykchy
UAFS,Kyzyl-Kiya
UAFT,Talas
UAFW,Kant
UAFZ,Kazarman
UAII,Shymkent
UAIT,Turkistan - Hazrat Sultan
UAKD,Zhezkazgan
UAKK,Karaganda - Sary Arka
UAOL,Baikonur - Krainiy
UAON,Baikonur - Yubileyniy
UAOO,Kzyl-Orda
UARR,Uralsk
UASA,Ayaguz
UASB,Ekibastuz
UASK,Ust Kamenogorsk
UASP,Pavlodar
UASS,Semey
UATA,Aralsk
UATE,Aktau
UATG,Atyrau
UATR,Chelkar
UATT,Aktyubinsk - Aktobe
UAUR,Arkalyk
UAUU,Kostanay
UBBA,Akstafa
UBBB,Baku - Heydar Aliyev
UBBF,Ubbf
UBBG,Ganja
UBBL,Lankaran
UBBN,Nakhchivan
UBBQ,Gabala
UBBY,Zaqatala
UBBZ,Zangilan
UBEE,Yevlakh
UCFL,Issyk-Kul
UCFM,Bishkek - Manas
UCFO,Osh
UCFP,Karakol
UD21,Yerevan
UDLS,Stepanavan
UDSG,Gyumri
UDYE,Yerevan - Erebuni
UDYZ,Yerevan - Zvartnots
UEBB,Batagay
UEBN,Nizhneyansk
UEBS,Uebs
UEBT,Ust-Kuyga
UEBW,Uebw
UECT,Uect
UEEA,Aldan
UEEE,Yakutsk
UELL,Chulman
UEMA,Honuu - Moma
UEMH,Tyopliy Klyuch
UEMM,Magan
UEMO,Olyokminsk
UEMT,Ust-Nera
UEMU,Ust-Maya
UENI,Verkhnevilyuisk
UENK,Kyzyl-Syr
UENN,Nyurba
UENS,Suntar
UENW,Vilyuisk
UERA,Uera
UERL,Lensk
UERO,Olenyok
UERP,Yakutia - Polyarny
UERR,Mirny
UERS,Saskylakh
UERT,Vitim
UESG,Belaya Gora
UESK,Uesk
UESO,Chokurdah - Chokurdakh
UESS,Cherskiy
UEST,Tiksi
UESU,Zyryanka
UEVV,Zhigansk
UEWD,Deputatskiy
UG0U,Gudauta
UGB,Pilot Point - Ugashik Bay
UGEJ,Dzhermuk
UGKO,Kutaisi - Kopitnari
UGMM,Ugmm
UGSB,Batumi
UGSP,Poti
UGSS,Sukhumi
UGTB,Tbilisi
UHB1,Birofeld
UHBB,Blagoveschensk - Ignatyevo
UHBE,Zeya
UHBI,Magdagachi
UHBP,Ekimchan
UHBS,Svobodny
UHBW,Tynda
UHHB,Uhhb
UHHH,Khabarovsk Novy
UHHT,Khabarovsk Apt
UHHY,Chumikan
UHK1,Blagodatnoye
UHK2,Khabarovsk - Garovka Air
UHKD,Komsomolsk-Na-Amur - Dzemgi
UHKG,Kamenny Ruchey Navy
UHKK,Komsomolsk-On-Amur
UHKM,Sovetskaya Gavan - Maygatka Apt.
UHMA,Anadyr - Ugolny
UHMD,Chukotka - Provideniya Bay
UHME,Egvekinot - Zaliv Kresta
UHMF,Omsukchan
UHMG,Chaybukha
UHMI,Mys Shmidta
UHMK,Keperveem
UHML,Lavrentiya
UHMM,Magadan - Sokol
UHMN,Omolon
UHMO,Markovo
UHMP,Pevek
UHMR,Beringovsky - Beringovskiy
UHMS,Seymchan
UHMT,Magadan
UHMW,Evensk - Severo
UHNA,Ayan - Munuk
UHNB,Bogorodskoye
UHNN,Nikolayevsk-Na-Amure Airport
UHOO,Okhotsk
UHPA,Ust-Pakhachi
UHPG,Tigil
UHPH,Petropavlovsk-Kamchatskiy - Khalaktyrka
UHPK,Ust-Kamchatsk
UHPL,Palana
UHPM,Milkovo
UHPP,Petropavlovsk-Kamchatsky - Yelizovo
UHPT,Tilichiki
UHPU,Ust-Khayryuzovo
UHPX,Nikolskoye
UHSB,Iturup Island - Burevestnik
UHSH,Okha
UHSI,Uhsi
UHSK,Shakhtersk - Shakhtyorsk
UHSM,Kunashir Island - Mendeleyevo
UHSN,Uhsn
UHSO,Tymovskoye - Zonalnoye
UHSS,Yuzhno-Sakhalinsk
UHTG,Uhtg
UHU1,Vladimiro-Aleksandrovskoye - Zolotaya Dolina
UHWP,Plastun
UHWW,Vladivostok
UIAA,Chita
UIAE,Krasnokamensk
UIAO,Barguzin
UIAR,Chara
UIBB,Bratsk
UIBS,Ust-Ilimsk
UIBV,Zheleznogorsk-Ilimsky
UIIB,Usolye-Sibirskoye - Belaya Air
UIII,Irkutsk Apt
UIIR,Irkutsk Northwest
UIIV,Uiiv
UIKB,Bodaybo
UIKE,Erbogachen - Yerbogachen
UIKK,Kirensk
UIKM,Mama
UIOO,Ust-Ordynskiy
UITK,Kazachinskaya
UITT,Ust-Kut
UIUB,Uiub
UIUN,Nizhneangarsk
UIUU,Ulan Ude Apt
UJAP,Ujae Atoll
UK59,Chuhuiv
UK61,Gorodok - Cherlyany
UKBB,Kiev - Boryspil
UKBF,Konotop
UKCC,Donetsk
UKCK,Kramatorsk
UKCM,Mariupol
UKCS,Sievierodonetsk
UKCW,Luhansk
UKDB,Berdyansk
UKDD,Dnipro
UKDE,Zaporizhia - Zaporizhzhia
UKDR,Kryvyi Rih
UKFB,Ukfb
UKFF,Simferopol Intl Apt
UKFG,Sarabuz - Gvardeyskoe Air
UKFI,Saki
UKFK,Kerch
UKFV,Yevpatoriya
UKFY,Dzhankoy
UKHD,Kharkiv North
UKHH,Kharkiv Intl
UKHP,Poltava - Suprunovka
UKHS,Sumy
UKKE,Cherkasy
UKKG,Kirovograd
UKKH,Uzin - Chepelevka
UKKK,Kiev
UKKL,Ukkl
UKKM,Kiev - Gostomel
UKKT,Svyatoshyn
UKKV,Zhytomyr
UKLC,Lutsk
UKLH,Khmelnytskyi
UKLI,Ivano-Frankivsk
UKLL,Lviv
UKLN,Chernivtsi
UKLR,Rivne
UKLT,Ternopil
UKLU,Uzhhorod
UKOH,Kherson - Chernobayevka
UKOI,Izmail
UKOM,Limans'Ke
UKON,Mykolaiv
UKOO,Odessa Intl
UKWW,Vinnitsa - Vinnytsia/Gavyryshivka
ULAA,Archangelsk - Talagi
ULAE,Mezen
ULAH,Arkhangelsk - Vaskovo
ULAK,Severomorsk 1
ULAL,Leshukonskoye
ULAM,Naryan Mar
ULAN,Shenkursk
ULAO,Onega
ULAP,Karpogory
ULAR,Kargopol
ULAS,Solovetsky Islands - Solovki
ULAT,Pertominsk
ULAV,Nizhnyaya Pesha
ULBC,Cherepovets Apt
ULBD,Dolgoshchelye
ULBI,Chizha
ULBL,Lopshenga
ULBM,Purnema
ULBO,Shoyna
ULBW,Ulbw
ULBZ,Letnyaya Zolotitsa
ULDA,Belaya - Rogachyovo Air Base
ULDD,Amderma
ULDT,Karatayka
ULDW,Uldw
ULEH,Khorey-Ver
ULER,Kharuta
ULJC,Tsenogora
ULJO,Olema
ULKK,Kotlas
ULKO,Oktyabrskiy
ULKS,Kotlas - Savvatiya Air
ULKW,Velsk
ULLI,St. Petersburg - Pulkovo
ULLK,Novgorod - Krechevitsy Air
ULLP,St. Petersburg - Pushkin
ULLS,Siversky
ULMA,Umba
ULMK,Apatity - Kirovsk
ULML,Lovozero
ULMM,Murmansk
ULMU,Tetrino
ULMX,Krasnoshchelye
ULNB,Borovichi
ULNN,Ulnn
ULNR,Staraya Russa
ULOL,Velikiye Luki
ULOO,Pskov
ULPA,Pudozh
ULPB,Petrozavodsk
ULPK,Kalevala
ULPM,Kostomuksha
ULPP,Petrozavodsk - Peski
ULPS,Segezha
ULPW,Ulpw
ULSC,Seltso
ULSG,Gostilitsy
ULSI,Kusino
ULSK,Gatchina - Korpikyulya
ULSM,Manushkino
ULSO,Rozhdestveno - Kuznetsovo
ULSS,Ulss
ULWC,Cherepovets Apt
ULWK,Kichmengskiy Gorodok
ULWR,Vytegra
ULWU,Velikiy Ustyug
ULWW,Vologda
UMBB,Brest
UMDD,Lida
UMGG,Gomel
UMII,Vitebsk
UMKK,Kaliningrad - Khrabrovo
UMLI,Minsk Machulishchy
UMMA,Baranavichi
UMMB,Minsk - Borovaya
UMMG,Hrodna
UMMM,Minsk 1
UMMO,Byaroza - Osovtsy Air
UMMR,Ross
UMMS,Minsk Intl
UMNB,Babruisk
UMNM,Mahiylow - Novo-Pashkovo
UMNV,Pruzhany
UMOO,Mogilev
UNAA,Abakan
UNAU,Kazantsevo - Shushenskoye
UNBB,Barnaul
UNBG,Gorno-Altaysk
UNBI,Biysk
UNBM,Volchikha
UNBU,Ust-Koksa Airport
UNCC,Novosibirsk
UNCN,Krasnoozyorskoye - Krasnoozyorsk
UNEE,Kemerovo
UNIB,Baykit
UNII,Yeniseysk
UNIJ,Yartsevo
UNIP,Bor - Tunguska
UNIS,Severo-Eniseysk
UNIT,Tura
UNIW,Vanavara
UNKB,Boguchany
UNKI,Unki
UNKK,Krasnoyarsk
UNKL,Krasnoyarsk - Yemelyanovo
UNKM,Krasnoyarsk - Cheremshanka
UNKO,Sharypovo
UNKS,Achinsk
UNKY,Kyzyl
UNLL,Kolpashevo
UNNE,Novosibirsk - Yeltsovka
UNNS,Severnoe - Severnoye
UNNT,Novosibirsk - Tolmachevo
UNOK,Kalachinsk
UNOO,Omsk Central
UNOS,Omsk Severny
UNOT,Tara
UNOW,Tevriz
UNRR,Barabinsk
UNSA,Aleksandrovskoye
UNSS,Strezhevoy
UNTT,Tomsk - Bogashevo
UNWW,Novokuznetsk - Spichenkovo
UODD,Dikson
UODN,Murmansk - Nagurskoye Air
UODS,Khatanga - Sredniy Ostrov Air
UOHH,Khatanga
UOIC,Snezhnogorsk
UOIG,Svetlogorsk
UOII,Igarka
UOOO,Norilsk
UOOW,Valek
UOTT,Turukhansk
URFB,Sevastopol - Belbek
URFF,Simferopol Intl Apt
URKA,Anapa
URKE,Yeysk
URKG,Gelendzhik
URKH,Maykop - Khanskaya
URKK,Krasnodar
URKM,Maykop
URKR,Armavir
URKS,Enem
URME,Yessentuki
URMG,Grozny
URML,Makhachkala - Uytash
URMM,Mineralnyye Vody
URMN,Nalchik
URMO,Beslan
URMS,Magas
URMT,Stavropol
UROD,Dudinka
URRH,Shakhty
URRM,Morozovsk
URRP,Rostov-On-Don - Platov
URRR,Rostov
URRS,Salsk
URRT,Taganrog
URRW,Urrw
URRY,Urry
URSS,Sochi
URWA,Astrakhan
URWI,Elista
URWW,Volgograd
USCC,Chelyabinsk Balandino
USCG,Chelyabinsk Shagol
USCM,Magnitogorsk
USCV,Chelyabinsk - Kalachevo
USDA,Sabetta
USDB,Bovanenkovo
USDD,Salekhard
USDH,Kharasavey
USDK,Mys Kamennyi
USDO,Tolka
USDP,Krasnoselkup
USDR,Usdr
USDS,Tarko-Sale
USDT,Tazovskiy
USDU,Urengoy
USHB,Ushb
USHH,Khanty-Mansiysk
USHI,Ushi
USHK,Kondinskoye
USHL,Lugovoy Apt
USHN,Nyagan
USHQ,Ushq
USHS,Sovetskiy
USHU,Uray
USII,Izhevsk
USKK,Kirov - Pobedilovo
USMM,Nadym
USMQ,Yamburg
USMU,Novy Urengoy
USNN,Nizhnevartovsk
USNR,Usnr
USPB,Perm - Bakharevka
USPP,Perm - Bolshoye Savino
USPT,Solikamsk - Berezniki
USRK,Kogalym
USRN,Nefteyugansk
USRO,Noyabrsk
USRR,Surgut
USSK,Yekaterinburg - Uktus
USSS,Yekaterinburg - Koltsovo
USTL,Tyumen - Plekhanovo
USTO,Tobolsk
USTR,Tyumen - Roshchino
USUK,Kurtamysh
USUU,Kurgan
UT00,Alton - Swains Creek
UT01,Paradise - Musselman Airstrip
UT02,Kanab - Kane County Hospital
UT03,Hanksville - Hite
UT04,Moab - Arches Tours
UT05,Utah Ntl
UT06,Logan Hospital
UT07,Moab
UT08,Salt Lake City - Center
UT09,Green River - Tavapats Ranch
UT10,Eagle Mountain - Cedar Valley
UT11,Murray - Intermountain Medical Center
UT12,Cedar City - Gilbert Development Shop
UT13,South Jordan - Number 18
UT14,Brigham City Community
UT15,Paragonah - Rancheros
UT16,Ogden - Center
UT17,Panguitch - Pfeiler Ranch
UT18,Big Water - Amangiri
UT19,Salt Lake City Rgnl
UT1M,Goran - Kakaydy
UT1N,Karshi South
UT1O,Beleuli
UT1P,Kagan
UT1Q,Pakhtakor
UT21,Salt Lake City - Medical Center Helistop
UT22,Logan - Western Surgery Center
UT23,West Valley City
UT24,Alton - Strawberry Valley Estates
UT25,Monument Valley
UT26,Hatch - Strip
UT27,Bluebell - Ccr
UT28,Lund - Sun Valley Estates
UT29,Mendon - Holyoak
UT30,Kanab - Deer Springs Ranch
UT31,Salt Lake City - American Stores
UT32,Vernal - Center
UT33,Salt Lake City - Kutv Channel Two
UT34,Tooele Depot
UT35,Payson - Mountain View Hospital
UT36,Cedar City - Wecco
UT37,Mt. Pleasant - Sanpete Valley Hospital
UT38,Moab - 1
UT39,North Salt Lake - Inc
UT40,Richfield - Sevier Valley Hospital
UT41,Cedar Fort - Glenmar Ranch
UT42,Cisco - Westwater
UT43,Kanarraville - Citabriair
UT44,Layton - Center
UT45,Salt Lake City - Site
UT46,Tooele Area
UT47,Hurricane - Assn
UT48,Delta Community
UT49,Delta - Desert Aviation
UT50,Cedar City Hospital
UT51,Utah Valley
UT52,St George - Dixie
UT53,Moab - Sky Ranch
UT54,Leeds - Crystal Springs Ranch
UT55,Salt Lake City - Lds Hospital
UT56,American Fork
UT57,Knolls
UT58,Bonanza
UT59,Cedar City - Gdc
UT60,Peoa
UT61,Roosevelt - Center
UT62,Peoa - Wooden Shoe
UT63,Sandy - Alta View Hospital
UT64,Salt Lake City - St Marks
UT65,Ibapah - Goshute
UT67,Tridell - Paradise Air Park
UT68,Moab - Caveman Ranch
UT69,Randlett - Pelican Lake
UT70,Virgin - Zion Helicopters
UT72,Moab - 2
UT73,Toquerville - Diamond 'G' Ranch
UT74,Fry Canyon
UT75,Moab - Mineral Canyon Strip
UT76,Huntsville - Lr Wasatch
UT77,Kungrad
UT78,Orem - Timpanogos
UT79,Jensen - Split Mountain Air
UT80,Cedar City - Hamilton Fort Ranch
UT81,Blanding Ambulance
UT82,Beryl
UT83,Fruitland - Thunder Ridge
UT84,South Salt Lake City - Skaggs
UT85,Orem - Cirque Lodge Studio
UT86,Tooele - Miller Motorsports Park
UT87,West Jordan
UT89,Mendon - Cold Water
UT9,Fairfield - West
UT90,Wellsville - Cavok Ranch
UT91,Enterprise - Mackie Ranch
UT92,Vernal Ubmc
UT94,Snowville - Locomotive Springs
UT95,Millcreek - St
UT97,Happy Canyon
UT98,Salt Lake City - Redwood Health Center
UT99,Lehi Primary
UTAA,Ashgabat
UTAE,Kerki
UTAK,Krasnovodsk - Turkmenbashi
UTAM,Mary
UTAT,Dashoguz
UTAV,Turkmenabat
UTDD,Dushanbe
UTDK,Kulyab - Kulob
UTDL,Khudzhand
UTDT,Kurgan-Tyube - Qurghonteppa
UTFN,Utfn
UTKA,Andizhan
UTKF,Fergana
UTKK,Kokand
UTKN,Namangan
UTNM,Muynak
UTNN,Nukus
UTNT,Turtkul
UTNU,Urgench
UTOD,Khorog
UTSA,Navoi
UTSB,Bukhara
UTSH,Shakhristabz
UTSK,Karshi Apt
UTSL,Khanabad
UTSM,Tandy Bulak
UTSN,Zarafshan - Sugraly
UTSR,Sariasiya
UTSS,Samarkand
UTST,Termez
UTSU,Uchkuduk
UTTP,Tashkent East
UTTT,Tashkent Intl
UUBA,Kostroma
UUBB,Moscow - Bykovo
UUBC,Kaluga - Grabtsevo
UUBD,Uubd
UUBI,Ivanovo
UUBK,Rybinsk - Staroselye
UUBL,Vladimir - Semyazino
UUBM,Moscow - Myachkovo
UUBN,Tver - Zmeyevo
UUBP,Bryansk
UUBS,Smolensk South
UUBT,Uubt
UUBW,Zhukovsky - Ramenskoye
UUDD,Moscow - Domodedovo
UUDL,Uudl
UUEE,Moscow - Sheremetyevo
UUEI,Kimry
UUEM,Tver - Migalovo Air
UUMI,Stupino
UUML,Voskresensk - Severka
UUMO,Moscow - Ostafyevo
UUMT,Lukhovitsy - Tretyakovo
UUMU,Moscow - Chkalovskiy
UUMX,Sergiev Posad - Blagoveshchenye
UUOB,Belgorod
UUOD,Voronezh - Pridacha
UUOK,Kursk
UUOL,Lipetsk
UUOO,Voronezh
UUOR,Orel - Oryol Yuzhny
UUOS,Stary Oskol
UUOT,Tambov - Donskoye
UUUS,Moscow - Tushino
UUWE,Balabanovo - Yermolino
UUWR,Ryazan - Turlatovo
UUWV,Tula - Klokovo
UUWW,Moscow - Vnukovo
UUYH,Ukhta
UUYI,Inta
UUYK,Vuktyl
UUYM,Emva - Yemva
UUYP,Pechora
UUYS,Usinsk
UUYT,Ust-Kulom
UUYV,Izhma
UUYW,Vorkuta
UUYX,Ust-Tsylma
UUYY,Syktyvkar
UWGB,Bolshoye Boldino
UWGG,Nizhny Novgorod
UWKB,Bugulma
UWKD,Kazan
UWKE,Nizhnekamsk - Begishevo
UWKG,Kazan - Borisoglebskoye
UWKI,Chistopol
UWKJ,Yoshkar-Ola
UWKS,Cheboksary
UWLL,Ulyanovsk Baratayevka
UWLS,Uwls
UWLW,Ulyanovsk East
UWOF,Dombarovskiy
UWOO,Orenburg
UWOR,Orsk
UWOX,Buzuluk
UWPP,Penza
UWPS,Saransk
UWSB,Balakovo
UWSG,Saratov Gagarin
UWSK,Krasny Kut
UWSS,Saratov Central
UWUA,Sibay
UWUB,Beloretsk
UWUF,Neftekamsk
UWUK,Kzyl-Yar - Oktyabrskiy
UWUM,Ufa - Maksimovka
UWUU,Ufa
UWWB,Buguruslan Severny
UWWE,Tolyatti - Verkhneye Sancheleyevo
UWWG,Samara - Bezymyanka
UWWS,Samara - Smyshlyayevka
UWWT,Tolyatti
UWWW,Samara - Kurumoch
UWWZ,Buguruslan Glavny
VA00,Steeles Tavern - Brook Hill Farm
VA02,Ridgeway - Pace
VA03,Bedford - Hospital
VA04,Fincastle - Barrows
VA06,Floyd - Deer Run
VA07,Tazewell - Burkes Garden
VA08,Kilmarnock - Longbranch
VA10,Blacksburg - Catawba Valley
VA11,Chilhowie - White Oak Stand
VA12,Martinsville - Gravely
VA13,Rustburg - Breezy Knoll
VA14,Capron - Southampton Correctional Center
VA15,Norfolk - Sentara Leigh Hospital
VA16,Centreville
VA17,Strasburg - Mulberry Run
VA18,Charlottesville - Bundoran
VA19,Charlottesville - Snow Hill
VA1B,Va1B
VA1C,Va1C
VA1D,Va1D
VA1E,Va1E
VA1F,Va1F
VA1G,Va1G
VA1H,Va1H
VA1J,Va1J
VA1K,Va1K
VA1L,Va1L
VA1M,Va1M
VA1N,Va1N
VA1O,Va1O
VA1P,Diu
VA20,Painter
VA22,Christiansburg - Carilion Clinic
VA23,Coles Point - Sanford Fld
VA24,Concord - Skovhus
VA25,Chase City - Twin Towers
VA26,Portsmouth - Coastal Seaplanes
VA27,Critz - Moorefield'S Airstrip
VA28,Cullen - Layne Farm Airstrip
VA29,Culpeper Uva
VA2A,Va2A
VA2B,Va2B
VA2C,Va2C
VA2D,Va2D
VA30,Culpeper - Berryvale
VA31,Kilmarnock - Apple Grove
VA32,Edinburg - Longs
VA33,Willis - Floyd Co Volunteer
VA34,Yorktown Coastal
VA35,Fort Lee
VA36,Front Royal - Warren Memorial Replacement
VA38,Virginia Beach - Lz Alfa
VA39,Petersburg - Fort
VA40,Danville - Facility
VA41,Withams - High Hopes
VA42,Fredericksburg - Dogwood
VA43,Glasgow - Balcony Downs Airstrip
VA44,Virginia Beach Coastal
VA45,Gordonsville - Lous
VA46,Gore - Timber Ridge
VA47,Harrisonburg - Rockingham Meml Hospital
VA48,Gretna - Lockerman
VA49,Mcgaheysville - Lynnhaven
VA50,Hanover - Woods Farm Airstrip
VA51,Big Stone Gap - Dmme
VA52,Harrisonburg - Frank
VA53,White Stone - Nichols
VA54,Reston - Crippen'S
VA56,Ivor - Wells
VA57,King George - Powhatan
VA58,Maurertown - River Bend
VA59,Marion - South
VA60,Unison - Flying Horse Farm
VA61,Lovettsville
VA62,Lovettsville - The Grass Patch
VA63,Bridgewater - Weavers Landing
VA64,Amelia - Hill Top
VA65,Fairfield - Rock
VA66,Catlett - Breeden
VA67,Pearisburg - Hospital
VA68,Moneta - Lakeview Aerodrome
VA70,Gloucester - Hospital
VA71,Manassas - Aden
VA72,Martinsville - Covington
VA73,Matoaca - Mazza
VA74,Va74
VA75,Mc Dowell - Smith
VA76,Mc Kenney - Baskerville
VA77,Farmville - Southside Community Hospital
VA78,Surry - White Oak Farm
VA79,Middleburg - Hickory Tree Farm
VA80,Galax - Twin County
VA81,Mineral - Cub
VA82,Alexandria - Mount Vernon Hospital
VA83,Fincastle
VA84,Cape Charles - Point Farm
VA85,New Castle Intl
VA86,Williamsburg - Doctors Hospital
VA87,Nokesville - Valley View
VA88,Norfolk Sentara
VA89,Tappahannock - Doves Nest
VA90,Smithfield - Squad
VA91,Onancock - Johnson
VA92,Onancock - Farm
VA93,Columbia Furnace - Ayers
VA94,Powhatan - Plainview
VA95,Powhatan - Spring Valley
VA96,Lovingston - Faber
VA97,Dillwyn - Buckingham County Rescue
VA98,Reedville
VA99,Reedville - Federhart-Ophelia
VAAH,Ahmedabad - Sardar Vallabhbhai Patel
VAAK,Vaak
VAAU,Aurangabad
VABB,Mumbai - Chhatrapati Shivaji
VABI,Vabi
VABJ,Bhuj
VABM,Vabm
VABO,Vadodara
VABP,Bhopal
VABV,Bhavnagar
VADN,Vadn
VADS,Vads
VAGN,Vagn
VAHB,Hubli
VAHS,Rajkot Intl
VAID,Indore - Devi Ahilyabai Holkar
VAJB,Vajb
VAJJ,Mumbai - Juhu Aerodrome
VAJL,Vajl
VAJM,Jamnagar
VAKE,Kandla
VAKJ,Khajuraho
VAKP,Vakp
VAKS,Vaks
VALT,Latur - Murod Kond
VAND,Nanded
VANP,Naqpur - Babasaheb Ambedkar
VANR,Nashik - Gandhinagar
VAOZ,Nasik - Ozar Air Force
VAPO,Pune
VAPR,Porbandar
VARG,Varg
VARK,Rajkot Apt
VARP,Raipur
VASD,Kakadi - Shirdi
VASL,Solapur
VASU,Vasu
VAUD,Udaipur - Maharana Pratap
VBHD,Vbhd
VCBI,Colombo Intl
VCCA,Anuradhapura Afb
VCCB,Batticaloa
VCCC,Colombo
VCCG,Amparai
VCCH,Hingurakgoda Afb
VCCJ,Jaffna - Kankesanturai
VCCK,Galle - Koggala
VCCN,Katukurunda Afb
VCCS,Sigiriya Afb
VCCT,Trincomalee - China
VCCV,Vavuniya
VCCW,Weerawila
VCRI,Mattala
VDBG,Battambang
VDKC,Kompong Cham
VDKH,Vdkh
VDKK,Kaoh Kong
VDKT,Kratie
VDMK,Sen Monorom - Mondulkiri
VDPP,Phnom Penh
VDRK,Ratanakiri
VDSA,Siem Reap
VDSR,Siem Reap - Angkor
VDST,Stung Treng
VDSV,Sihanukville - Sihanoukville
VDTI,Phnom Penh - Techo
VE23,Ve23
VE24,Ve24
VE36,Ve36
VE41,Ve41
VE44,Jalpaiguri - Hashimara Air Force
VE54,Ve54
VE62,Ve62
VE67,Ve67
VE91,Ve91
VE96,Ve96
VEAH,Azamgarh
VEAL,Angul - Savitri Jindal
VEAN,Vean
VEAT,Agartala
VEAY,Ayodhya
VEBA,Behala
VEBD,Siliguri - Bagdogra
VEBG,Balurghat
VEBI,Shillong
VEBK,Vebk
VEBN,Varanasi - Lal Bahadur Shastri
VEBS,Bhubaneswar - Biju Patnaik
VEBU,Vebu
VECA,Dibrugarh - Chabua Air Force
VECC,Kolkata - Netaji Subhash
VECK,Veck
VECO,Veco
VECT,Chitrakoot
VECX,Kanpur
VEDB,Vedb
VEDG,Vedg
VEDH,Darbhanga
VEDO,Deoghar
VEDX,Vedx
VEDZ,Vedz
VEGK,Gorakhpur
VEGT,Guwahati - Lokpriya Gopinath Bordoloi
VEGY,Vegy
VEHK,Sambalpur - Hirakud
VEHO,Itanagar - Donyi Polo
VEIM,Imphal
VEJH,Jharsuguda
VEJP,Jeypore
VEJS,Vejs
VEJT,Jorhat
VEKI,Kushinagar
VEKM,Vekm
VEKR,Vekr
VEKU,Silchar
VEKW,Khowai
VELP,Aizawl - Lengpui
VELR,Lilabari - North Lakhimpur
VEMH,Malda
VEMN,Dibrugarh
VEMR,Dimapur
VEMZ,Vemz
VENP,Nawapara
VEPG,Pasighat
VEPH,Veph
VEPI,Barrackpore
VEPT,Patna - Lok Nayak Jayaprakash
VEPU,Vepu
VEPY,Pakyong
VERC,Ranchi - Birsa Munda
VERK,Verk
VERL,Verl
VERU,Veru
VETJ,Tezu
VETZ,Vetz
VEUK,Veuk
VEVZ,Vevz
VEZO,Vezo
VG00,Eastville - Mears
VG01,Keysville - Eureka
VG02,Richmond - Innsbrook Technical Center
VG05,Kents Store - Payne
VG06,Amherst - Fulcher Family Farms
VG07,Remington - Rular
VG08,Blacksburg - Montgomery
VG09,Cape Charles - Starbase
VG10,Richmond - Cntr
VG11,Franklin - Dept
VG12,Rhoadesville - Simpsonville
VG13,White Stone
VG14,Woodstock - Meml
VG15,White Stone Family
VG16,Patrick Springs - Landis
VG17,Richmond Defense
VG18,Basye - Sky Bryce
VG19,New Church - Sawyer
VG20,Onley
VG22,Nellysford - Rockfish
VG23,Arcola - Smith
VG24,Ashland - Mayers
VG25,Bedford - Robinson
VG27,Bedford - Windy Ridge
VG28,Boykins - Mann
VG29,Warsaw - Branham Mill
VG30,Cape Charles - Scott Farm Strip
VG31,Laurel Fork - Nester Funny Farm
VG32,Buckingham - Eastview
VG33,Cape Charles - Bull Farm
VG34,Clarksville - Merifield
VG36,Keysville
VG37,Whaleyville - Greenway
VG38,Amelia - Easter
VG39,Cape Charles - Earth
VG40,Rocky Mount - Woody
VG41,Richmond - Johnston Willis
VG42,Hopewell - Henshaw
VG43,Madison - Arrowpoint
VG45,Richmond - Hosp
VG46,Rocky Mount - Hospital
VG47,Roanoke - Services
VG49,Tappahannock Hospital
VG50,Big Stone Gap - Lonesome Pine Hospital
VG51,Elephant Fork - Sentara Obici Hospital
VG52,Lovingston - Woodridge
VG53,Rocky Mount - Venning'S Landing
VG54,Mcgaheysville - Bear River
VG55,Woodstock - Burner
VG56,Bloxom - Midway
VG57,Catlett - Maples
VG58,Rocky Mount - Abbott
VG59,Dublin - Cedar Point Landing
VG62,Roanoke Carilion
VG64,West Point - Lee
VG65,Franktown - Bigler
VG67,Appomattox - Stuart Red House
VG68,Midlothian - Center
VG93,Fort Belvoir
VGBR,Barisal
VGCB,Cox'S Bazar
VGCM,Comilla
VGEG,Chittagong - Shah Amanat
VGHS,Dhaka
VGIS,Ishurdi
VGJR,Jashahor - Jessore
VGLM,Lalmonirhat
VGRJ,Rajshahi - Shah Mokhdum
VGSD,Saidpur
VGSG,Thakurgaon
VGSH,Shamshernagar
VGSY,Sylhet - Osmany
VGTJ,Dhaka - Tejgaon
VHHH,Hong Kong - Chek Lap Kok
VHSK,Hong Kong Base
VHST,Vhst
VI01,Frederiksted  St Croix - Dps
VI02,Charlotte Amalie - St
VI04,Charlotte Amalie - Resort
VI20,Vi20
VI22,Charlotte Amalie St Thomas
VI32,Christiansted St Croix
VI40,Vi40
VI43,Vi43
VI57,Vi57
VI65,Vi65
VI66,Vi66
VI69,Vi69
VI70,Vi70
VI71,Vi71
VI73,Vi73
VI75,Vi75
VI76,Vi76
VI82,Vi82
VI88,Vi88
VI90,Vi90
VIAG,Viag
VIAH,Aligarth - Dhanipur Airstrip
VIAL,Allahabad
VIAM,Viam
VIAR,Amritsar
VIAW,Viaw
VIAX,Viax
VIBK,Bikaner - Nal
VIBL,Lucknow - Bakshi Ka Talab
VIBN,Varanasi - Lal Bahadur Shastri
VIBR,Vibr
VIBT,Vibt
VIBW,Vibw
VIBY,Viby
VICG,Chandigarh
VICX,Kanpur - Chakeri Air Force
VIDD,Vidd
VIDF,Vidf
VIDN,Dehradun
VIDP,New Delhi - Indira Gandhi
VIDX,Vidx
VIGG,Vigg
VIGR,Gwalior
VIHR,Vihr
VIHX,Vihx
VIJN,Vijn
VIJO,Jodhpur
VIJP,Jaipur
VIJR,Vijr
VIJU,Jammu
VIKA,Vika
VIKG,Kishangarh
VIKO,Viko
VILD,Vild
VILH,Leh
VILK,Lucknow - Chaudhary Charan Singh
VILP,Lalitpur
VIND,Noida
VIPK,Vipk
VIPL,Vipl
VIPT,Pantnagar
VIRB,Virb
VISA,Visa
VISM,Vism
VISP,Visp
VISR,Srinagar - Alam
VIST,Vist
VISV,Shravasti
VIUT,Viut
VIUX,Viux
VLAP,Attopeu
VLHS,Vlhs
VLKG,Vlkg
VLLB,Luang Phabang
VLLN,Luang Namtha
VLOS,Oudomsay
VLPS,Pakse
VLPV,Vlpv
VLSB,Sayaboury
VLSK,Vlsk
VLSN,Vlsn
VLSV,Saravane
VLTK,Thakhek
VLVT,Vientiane - Wattay
VLXK,Xieng Khouang
VMMC,Taipa - Macau
VNBG,Bajhang
VNBJ,Bhojpur
VNBL,Baglung
VNBP,Bharatpur
VNBR,Bajura
VNBT,Baitadi
VNBW,Bhairawa - Bhairahawa
VNCG,Bhadrapur
VNDG,Dang - Tulsipur
VNDH,Dhangarhi
VNDL,Darchula
VNDP,Dolpa
VNDR,Dhorpatan
VNDT,Silgadi Doti
VNGK,Gorkha
VNJI,Jiri
VNJL,Jumla
VNJP,Janakpur
VNJS,Jomsom
VNKL,Vnkl
VNKT,Kathmandu - Tribhuvan
VNLD,Lamidanda
VNLK,Lukla
VNLT,Langtang
VNMA,Ngawal - Manang
VNMG,Meghauli
VNMN,Mahendranagar
VNNG,Nepalgunj
VNPK,Pokhara Apt
VNPL,Phaplu
VNPR,Pokhara Intl
VNRB,Rajbiraj
VNRC,Ramechhap
VNRK,Rukumkot
VNRP,Rolpa
VNRT,Rumjatar
VNSB,Vnsb
VNSI,Simara
VNSK,Surkhet
VNSR,Sanfebagar
VNST,Simikot
VNTH,Khotang Bazar - Thamkharka
VNTJ,Taplejung - Suketar
VNTP,Tikapur
VNTR,Tumling Tar
VNVT,Biratnagar
VO26,Vo26
VO52,Vo52
VO94,Vo94
VO95,Vo95
VOAR,Voar
VOAT,Voat
VOBG,Bangalore - Hal
VOBI,Bellary
VOBL,Bangalore - Bengaluru
VOBR,Vobr
VOBZ,Vobz
VOCB,Coimbatore
VOCC,Kochi - Willingdon Island Air
VOCI,Cochin
VOCL,Calicut
VOCP,Vocp
VOCX,Vocx
VODG,Hyderabad - Academy
VODK,Dunakonda
VOGA,Mopa - Manohar
VOGB,Kalaburagi
VOGO,Dabolim
VOHK,Vohk
VOHS,Hyderabad - Rajiv Gandhi
VOHY,Hyderabad - Begumpet
VOJV,Vojv
VOKN,Mattanur - Kannur
VOKP,Koppal
VOKU,Kurnool
VOMD,Madurai
VOML,Mangalore
VOMM,Chennai
VOMY,Mysore
VONS,Vons
VONV,Vonv
VOPB,Port Blair - Vir Savarkar
VOPC,Vopc
VOPN,Vopn
VORG,Vorg
VORM,Ramnad Navy
VORY,Rajahmundry
VOSH,Shimoga - Shivamogga
VOSM,Vosm
VOSX,Sulur - Coimbatore Air Force
VOTJ,Tanjore Afb
VOTK,Thoothukkudi - Tuticorin
VOTP,Tirupati
VOTR,Tiruchirappally - Tiruchirapally
VOTV,Trivandrum
VOTX,Chennai - Tambaram Air Force
VOVR,Vellore
VOVZ,Visakhapatnam - Vishakhapatnam
VOWA,Warrangal - Warangal
VOYK,Yelahanka
VQ10,Vq10
VQBT,Vqbt
VQGP,Vqgp
VQPR,Paro
VQTY,Vqty
VRAH,Hoarafushi
VRBK,Kulhudhuffushi
VRCF,Funadhoo
VRDA,Maafaru
VREI,Ifuru
VRGD,Naifaru - Madivaru
VRMD,Vrmd
VRMF,Fuvahmulah Island
VRMG,Gan
VRMH,Haa Dhaalu Atoll - Hanimaadhoo
VRMK,Kadhdhoo
VRMM,Male
VRMO,Vrmo
VRMT,Huvadhu Atoll - Kaadedhdhoo
VRMU,Vrmu
VRMV,Maamigili - Villa
VRNT,Vrnt
VRQM,Gadhdhoo - Maavaarulaa
VT01,Huntington - Teal Farm
VT02,Bondville - Red Fox
VT03,Lincoln - Maules Roost
VT04,Bennington Southwestern
VT06,Putney - Santa
VT08,Bradford Armory
VT09,Addison - Spencer
VT10,Bridport - Manning Personal Airstrip
VT11,Addison - Ass-Pirin Acres
VT12,Charlotte - Farm
VT13,Chester - Holloway
VT14,Weybridge - Axinn
VT15,Grand Isle - Savage Island
VT17,Ludlow - Smith
VT20,Pawlet - Mach Personal Strip
VT21,Leicester
VT22,Shelburne Farms
VT23,Shelburne - Bostwick Farm
VT24,Cornwall - West Street
VT25,South Burlington - Sky Acres
VT26,South Hero - Allenholm
VT28,Vergennes
VT29,Waitsfield - Mad River Fly-In
VT30,Waitsfield - Ketcham Lndg Area
VT31,Washington - Carriers Skypark
VT33,Brandon Blsg
VT34,Westminster - Major W Guth
VT37,Windsor Armory
VT38,Alburg - Greenwoods
VT39,Wolcott - Taylor
VT41,Brattleboro - Moore'S
VT42,Morrisville - Two Tails
VT43,Townshend - Onyon
VT44,Morrisville - Perras
VT45,Jericho - Davis
VT46,Alburg - Northern Lights
VT47,Vernon - Miller Farm
VT48,Burlington - Fairholt
VT51,Essex Junction
VT52,Milton - Shaw Meadow
VT53,Panton - Bailey
VT54,Cornwall - Rla
VT55,Randolph - Brandon
VT56,West Burke
VT57,Colchester - Malletts Head
VT59,Manchester - Ardell Flying
VT60,West Pawlett - Hulett Landing Strip
VT61,Rutland Medical
VT62,Cabot - Catamount
VT63,North Troy - Douglas
VT64,Morristown - Mountain View Farm
VT65,Barre Central
VT70,Newport - North
VT72,Jericho - Villeneuve
VT73,Bridport - Melrose Springs Airfield
VT8,Shelburne
VT80,Weybridge - Monument Farms
VT88,South Lincoln - Vtpad
VT95,Randolph - Gifford Meml Hospital
VT96,Milton - Mansfield Heliflight Inc
VTBD,Bangkok - Don Mueang
VTBF,Vtbf
VTBH,Vtbh
VTBI,Vtbi
VTBK,Nakhon Pathom - Kamphaeng Saen
VTBL,Vtbl
VTBN,Prachuap Khiri Khan
VTBO,Trat
VTBP,Vtbp
VTBS,Bangkok - Suvarnabhumi
VTBT,Bang Pra
VTBU,Rayong - U-Tapao
VTBW,Vtbw
VTCB,Phayao
VTCC,Chiang Mai
VTCH,Vtch
VTCI,Mae Hong Son
VTCL,Lampang
VTCN,Nan
VTCO,Lamphun
VTCP,Phrae
VTCR,Vtcr
VTCS,Mae Sariang
VTCT,Chiang Rai
VTED,Ban Mak Khaen - Udorn Air
VTPB,Phetchabun
VTPH,Hua Hin
VTPI,Vtpi
VTPL,Vtpl
VTPM,Vtpm
VTPN,Vtpn
VTPO,Sukhothai
VTPP,Phitsanulok
VTPR,Photharam
VTPT,Tak
VTPU,Uttaradit
VTPY,Vtpy
VTSA,Vtsa
VTSB,Surat Thani
VTSC,Narathiwat
VTSE,Chumphon
VTSF,Nakhon Si Thammarat
VTSG,Krabi
VTSH,Songkhla
VTSK,Pattani
VTSM,Na Thon (Ko Samui Island)
VTSN,Vtsn
VTSP,Phuket
VTSR,Ranong
VTSS,Hat Yai
VTST,Trang
VTSY,Yala
VTUD,Udon Thani
VTUI,Vtui
VTUJ,Surin
VTUK,Khon Kaen
VTUL,Loei
VTUN,Vtun
VTUO,Vtuo
VTUQ,Vtuq
VTUR,Vtur
VTUU,Ubon Ratchathani
VTUV,Vtuv
VTUW,Vtuw
VTUZ,Khon Kaen - Nam Phung Dam
VVBM,Buon Ma Thuot
VVCA,Dung Quat Bay - Chu Lai
VVCI,Haiphong - Cat Bi
VVCL,Vvcl
VVCM,Ca Mau City
VVCR,Nha Trang - Cam Ranh
VVCS,Con Ong
VVCT,Can Tho - Tra Noc
VVDB,Dien Bien Phu
VVDH,Dong Hoi
VVDL,Dalat - Lien Khuong
VVDN,Da Nang
VVGL,Hanoi - Gia Lam Air
VVKP,Kep
VVNB,Hanoi - Noi Bai
VVNS,Son-La - Na-San
VVNT,Nha Trang
VVPB,Hue - Phu Bai
VVPC,Quy Nohn - Phu Cat
VVPK,Pleiku
VVPQ,Duong Dong - Phu Quoc
VVPR,Phan Rang
VVPT,Phan Thiet
VVRG,Rach Gia
VVTH,Tuy Hoa - Dong Tac
VVTS,Ho Chi Minh City - Tan Son Nhat
VVTX,Thanh Hóa - Thọ Xuân
VVVD,Vân Đồn - Van Don
VVVH,Vinh
VVVT,Vung Tau
VY02,Magway Apt
VY03,Taungkamet - Toungkomei
VYAN,Aeng - Ann
VYAS,Anisakan
VYBG,Nyaung U - Bagan
VYBM,Banmaw
VYBP,Bokpyinn
VYCI,Coco Island
VYCZ,Mandalay - Chanmyathazi
VYDW,Dawei
VYEL,Pyinmana - Naypyidaw
VYGG,Gangaw
VYGW,Gwa
VYHB,Hmawbi
VYHH,Heho
VYHL,Hommalinn
VYHN,Tilin
VYKG,Kengtung
VYKI,Kanti
VYKL,Kalemyo - Kalay
VYKP,Kyaukpyu
VYKT,Kawthoung
VYKU,Kyauktu
VYLK,Loikaw
VYLN,Lonekin
VYLS,Lashio
VYLY,Lanywa
VYMD,Mandalay
VYME,Mkeik - Myeik
VYMH,Mong Hpayak
VYMI,Mongyai
VYMK,Myitkyina
VYML,Meiktila
VYMM,Mawlamyine
VYMN,Manaung
VYMO,Vymo
VYMP,Mongpyin
VYMS,Mong Hsat
VYMT,Mong Tong
VYMU,Myauk U
VYMW,Magway
VYMY,Monywar
VYNM,Naungmom
VYNP,Myitkyina - Nampong Air
VYNS,Namsang
VYNT,Namtu
VYPA,Hpa-N
VYPB,Phonngbyin
VYPE,Paletwa
VYPI,Pearl Island
VYPK,Pauk
VYPL,Pinlebu
VYPN,Pathein
VYPP,Pa Pun - Hpapun
VYPT,Putao
VYPU,Pakhokku
VYPW,Palaw
VYPY,Pye - Pyay
VYSA,Saw
VYSL,Salingyi
VYSO,Sedoktayar
VYST,Meiktila - Shante Air Base
VYSW,Sittwe
VYTD,Thandwe
VYTL,Tachileik
VYTN,Tanai
VYTO,Taungoo
VYTY,Tanyang
VYXG,Kyaukhtu South
VYYE,Ye
VYYY,Yangon
W00,Bowie - Freeway
W01,Tonasket
W03,Wilson Industrial
W04,Ocean Shores
W05,Gettysburg Rgnl
W09,Kahlotus - Lower Monumental State
W10,Langley - Whidbey Air Park
W11,Sullivan
W12,Mazama - Lost River
W13,Waynesboro - Eagle'S Nest
W16,Monroe - First Air
W17,Knightdale - Raleigh
W20,Moses Lake
W22,Buckhannon - Upshur County
W23,Wild Rose
W24,Lynchburg - Falwell
W27,Woodland State
W28,Sequim Valley
W29,Stevensville - Bay Bridge
W31,Kenbridge - Lunenburg County
W33,Friday Harbor
W34,Shiocton
W35,Berkeley Springs - Potomac
W36,Renton - Meml
W37,Lakewood - American Lake
W39,Roche Harbor
W40,Mount Olive
W41,Crisfield
W42,Fallston
W43,Hulett
W48,Baltimore - Essex Skypark
W49,Rosario
W50,Laytonsville - Davis
W52,Battle Ground - Goheen
W55,Seattle - Kenmore Air
W56,Vancouver - Fly For Fun
W57,Round Lake
W58,Battle Ground - Cedars
W63,Clarksville - Lake Country Rgnl
W66,Port Angeles
W73,Fairfield - Center
W75,Saluda - Hummel
W78,South Boston - William M Tuck
W81,Crewe
W87,Carleton - Buzzwick
W88,Greensboro - Air Harbor
W90,Forest - New London
W91,Moneta - Smith Mountain Lake
W94,Williamsburg - Strip
W95,Ocracoke
W96,Quinton - New Kent County
W99,Petersburg - Grant County
WA00,Alderdale - Mercer Ranch
WA01,Naselle - Wirkkala
WA02,Anacortes - Island Health Ems
WA04,Snohomish - Kyles
WA05,Brinnon - Cormorant
WA06,Auburn - Don Johnson Home
WA07,Mount Vernon - Barker
WA08,Reardan - Zwainz Farms
WA09,Roche Harbor
WA10,Walla Walla - Page
WA11,Lake Stevens - Hartford Industrial
WA12,Acme
WA13,Chelan - Seaplane Landing Area
WA14,Connell
WA15,Coulee City
WA16,Brooklyn - Banas
WA17,Quilcene - Millionaire
WA18,Decatur Island
WA19,Redmond - Berkley Structures
WA1B,Fekfetal / Jerdera-Trangan Island - Aru
WA20,Carlton - Pianosa Flying Farm
WA21,Colbert - Sunshine Acres
WA22,Hansville - Mirth
WA23,Springdale - Pine Bluff
WA24,Pasco - Pfister'S
WA25,Granite Falls - Green Valley
WA26,Harrah
WA28,Auburn - Private H/C Pad
WA29,La Center
WA30,Lacrosse
WA31,Lake Stevens - Reoh1
WA32,Kirkland - Point
WA33,Shaw Island
WA34,Newhalem
WA35,Eastsound - Clam Harbor
WA37,Kittitas - Chinook Farms
WA38,Redmond - South
WA39,Eastsound - Crow Valley
WA40,Darrington Clinic
WA41,Black Diamond - Lake Sawyer Double
WA42,Port Townsend - Stacey'S
WA43,Marysville - Janes
WA44,Waha-Tomea Island - Maranggo
WA45,Discovery Bay/Maynard - Olympic
WA46,La Center - Daybreak
WA47,Sedro Woolley - The Time Portal
WA49,Cheney - Flying R Ranch
WA50,Gig Harbor - Ems
WA51,Moses Lake - Samaritan Hospital Rms
WA52,Deer Park Flat
WA53,Seattle - Harborview Medical Center
WA54,Seattle - Fourth Avenue Plaza
WA55,Seattle - Elliott Park
WA56,Quilcene - Blackheart
WA57,Addy - Bluecreek
WA58,Quilcene - Neptune Spear
WA59,Sequim - Rake'S Glen
WA60,Cle Elum - Waldblick
WA61,Kingston - Thompson
WA62,Spangle - Paradise Air Ranch
WA63,Washougal - Pleasant Farm
WA65,Washington Ntl
WA66,White Salmon - Spring Creek Ranch
WA67,Vancouver - Green Mountain
WA68,Port Townsend - Sky Valley Airstrip
WA69,Cusick - Tacoma Command Post
WA70,Taholah - Quinault Indian Nation
WA71,Issaquah - Kelly Ranch
WA72,Colville - Zema Private
WA73,Colville - Smith
WA74,Quincy Flying
WA76,Selah - Dogs Run Free
WA77,Enumclaw
WA78,Washougal - Sky River Ranch
WA79,Amboy - Walter Suttons Strip
WA80,Amboy - Mc Clellan
WA81,Vancouver - Evergreen
WA82,Everett - The
WA83,West Sound - Westsound/Wsx
WA84,Auburn Academy
WA85,Auburn - Weyerhaeuser
WA86,Auburn Boeing
WA87,Battle Ground - Parkside
WA88,Ferndale - Horse Fly
WA89,Richland - Kadlec
WA90,Bellingham - Floathaven Airstrip
WA92,Steilacoom - Pad
WA93,Bellingham - Eliza Island
WA95,Centralia - Skyqueen
WA96,Bremerton - Leisureland
WA97,Odessa - Talus Ranch
WA98,Cashmere - Cascade
WA99,Union
WAAA,Ujung Pandang-Celebes Island - Hasanuddin
WAAG,Malimpung-Celebes Island
WAAL,Wawooru-Celebes Island - Ponggaluku
WAAP,Kolaka-Celebes Island
WAAT,Makale-Celebes Island
WABB,Biak-Supiori Island - Frans Kaisiepo
WABD,Moanamani-Papua Island
WABE,Wabe
WABF,Kornasoren-Numfoor Island
WABG,Wagethe-Papua Island
WABI,Nabire-Papua Island
WABK,Wabk
WABL,Illaga-Papua Island
WABN,Kokonau-Papua Island
WABO,Serui-Japen Island
WABP,Timika-Papua Island - Moses Kilangin
WABR,Wabr
WABT,Enarotali-Papua Island
WABU,Biak-Supiori Island Apt
WABV,Wabv
WABW,Celebes Island - Waren
WADA,Mataram-Lombok Island - Selaparang
WADB,Bima-Sumbawa Island - Muhammad Salahuddin
WADD,Denpasar-Bali Island - Ngurah Rai
WADL,Mataram - Bandara
WADS,Sumbawa Island
WADT,Waikabubak-Sumba Island - Tambolaka
WADU,Wadu
WADW,Waingapu-Sumba Island
WADY,Wady
WAEE,Waee
WAFF,Waff
WAFJ,Wafj
WAGD,Wagd
WAGG,Wagg
WAHI,Yogyakarta
WAHL,Wahl
WAHP,Wahp
WAJA,Arso-Papua Island
WAJB,Bokondini-Papua Island
WAJC,Wajc
WAJD,Masi Masi Island - Wakde
WAJE,Waje
WAJG,Wajg
WAJI,Sarmi-Papua Island
WAJJ,Jayapura-Papua Island - Sentani
WAJL,Lereh-Papua Island
WAJM,Mulia-Papua Island
WAJN,Wajn
WAJO,Oksibil-Papua Island
WAJR,Waris-Papua Island
WAJS,Senggeh-Papua Island
WAJU,Ubrub-Papua Island
WAJW,Wamena-Papua Island
WAKD,Mindiptana-Papua Island
WAKE,Bade-Papua Island
WAKG,Agats-Papua Island
WAKK,Merauke-Papua Island - Mopah
WAKM,Wakm
WAKO,Okaba-Papua Island
WAKP,Kepi-Papua Island
WAKQ,Wakq
WAKT,Tanah Merah-Papua Island
WALE,Melak-Borneo Island
WALG,Tanjung Selor-Borneo Island
WALJ,Datadawai-Borneo Island
WALK,Tanjung Redep-Borneo Island - Barau(Kalimaru
WALL,Balikpapan-Borneo Island - Sepinggan
WALM,Walm
WALQ,Muara Badak-Borneo Island
WALR,Tarakan Island - Juwata
WALS,Samarinda - Aji Pangeran Tumenggung
WALT,Santan-Borneo Island
WALV,Bunju Island - Bunyu
WALX,Mangkajang-Borneo Island
WAMA,Galela-Celebes Island - Gamarmalamo
WAMB,Kotamubagu-Celebes Island
WAMC,Tentena-Celebes Island
WAMD,Kuripasai-Celebes Island - Jailolo/Kuripasai
WAMG,Gorontalo-Celebes Island - Jalaluddin
WAMH,Tahuna-Sangihe Island - Naha
WAMI,Toli Toli-Celebes Island
WAMJ,Gebe Island
WAMK,Kao-Celebes Island
WAML,Palu-Celebes Island - Mutiara
WAMM,Manado-Celebes Island - Sam Ratulangi
WAMN,Karakelong Island - Melangguane
WAMP,Poso-Celebes Island - Kasiguncu
WAMR,Gotalalamo-Morotai Island - Pitu
WAMT,Sango-Ternate Island - Sultan Khairun Babullah
WAMU,Wuasa-Celebes Island
WAMW,Luwok-Celebes Island - Bubung
WAMY,Buol-Celebes Island
WAOC,Batu Licin-Borneo Island
WAOH,Mekar Putih-Laut Island
WAOI,Pangkalanbun-Borneo Island - Iskandar
WAOK,Laut Island - Stagen
WAOL,Kuala Pembuang
WAOM,Murateweh-Borneo Island - Beringin
WAON,Tanta-Tabalong-Borneo Island - Warukin
WAOO,Banjarmasin-Borneo Island - Syamsudin Noor
WAOP,Palangkaraya-Kalimantan Tengah - Tjilik Riwut
WAOS,Sampit-Borneo Island - Sampit(Hasan
WAOU,Buntok
WAOW,Waow
WAPA,Amahai-Seram Island
WAPB,Bula-Seram Island
WAPC,Banda Island
WAPD,Dobo-Kobror Island
WAPE,Mangole Island
WAPF,Wapf
WAPG,Namrole-Buru Island
WAPH,Labuha-Halmahera Island
WAPI,Saumlaki-Yamdena Island
WAPK,Maikoor Island - Nangasuri
WAPL,Langgur-Seram Island - Dumatumbun
WAPN,Sanana-Seram Island
WAPO,Kepulauan Larat
WAPP,Ambon
WAPQ,Kisar-Kisar Island
WAPR,Namlea-Buru Island
WAPT,Tikong-Taliabu Island
WAPV,Seram Island
WAQC,Maratua Island
WARA,Malang-Java Island - Abdul Rachman Saleh
WARC,Tjepu-Java Island - Cepu
WARE,Ware
WARI,Madiun-Java Island - Iswahyudi
WARJ,Yogyakarta-Java Island - Adi Sutjipto
WARQ,Sukarata(Solo)-Java Island - Adi Sumarmo Wiryokusumo
WARR,Surabaya - Juanda
WARS,Semarang-Java Island - Achmad Yani
WART,Sumenep-Madura Island - Trunojoyo
WARU,Waru
WARW,Warw
WASA,Wasa
WASB,Bintuni-Papua Island - Stenkol
WASC,Ransiki-Papua Island - Abresso
WASE,Kebar-Papua Island
WASF,Fakfak-Papua Island
WASG,Wasg
WASI,Inanwatan Airport-Papua Island
WASK,Kaimana-Papua Island
WASM,Merdei-Papua Island
WASN,Wasn
WASO,Babo-Papua Island
WASR,Manokwari-Papua Island - Rendani
WASS,Sorong-Papua Island Apt
WAST,Atinjoe-Papua Island - Teminabuan
WASU,Wasu
WASW,Wasior-Papua Island
WATA,Wata
WATB,Bajawa
WATC,Maumere-Flores Island - Oti
WATE,Ende-Flores Island
WATG,Satar Tacik-Flores Island
WATL,Watl
WATM,Alor Island - Mali
WATO,Labuan Bajo-Flores Island - Komodo Mutiara Ii
WATR,Watr
WATS,Wats
WATT,Kupang-Timor Island - El Tari
WATW,Watw
WAVV,Wavv
WAWB,Bau Bau-Butung Island - Betoambari
WAWJ,Mamuju-Celebes Island - Tampa Padang
WAWM,Masamba-Celebes Island - Andi Jemma
WAWP,Kolaka - Sangia Nibandera
WAWR,Wawr
WAWS,Soroako-Celebes Island
WAWT,Tanah Toraja-Celebes Island - Pongtiku
WAWW,Kendari-Celebes Island - Wolter Monginsidi
WAXX,Sorong-Papua Island - Dominique Edward Osok
WBAK,Anduki/Seria
WBB,Stebbins
WBGA,Long Atip
WBGB,Bintulu
WBGC,Belaga
WBGD,Long Semado
WBGE,Long Geng
WBGF,Long Datih
WBGG,Kuching
WBGI,Long Seridan
WBGJ,Limbang
WBGK,Mukah
WBGL,Long Akah
WBGM,Marudi
WBGN,Sematan
WBGO,Lio Matu
WBGP,Kapit
WBGQ,Bakalalan
WBGR,Miri
WBGS,Sibu
WBGT,Tanjung Manis
WBGU,Long Sukang
WBGW,Lawas
WBGY,Simanggang
WBGZ,Bario
WBKA,Semporna
WBKB,Kota Belud
WBKD,Lahad Datu
WBKE,Telupid
WBKG,Keningau
WBKH,Sahabat
WBKK,Kota Kinabalu
WBKL,Labuan
WBKM,Tomanggong
WBKN,Long Miau
WBKO,Sepulot
WBKP,Pamol
WBKR,Ranau
WBKS,Sandakan
WBKT,Kudat
WBKU,Kuala Penyu
WBKW,Tawau
WBMU,Mulu
WBSB,Bandar Seri Begawan - Brunei
WBTM,Wbtm
WH0,Winifred - Woodhawk
WI00,Eland - Norrie Brook
WI01,Kenosha Aurora
WI02,Portage - Inc
WI03,Union Grove - Horner
WI04,Tomahawk - Aspen Creek Lussow
WI05,Elk Mound - Stocktrade
WI06,Two Rivers - Aurora Medical Center
WI07,Waupun
WI08,Mequon - St
WI09,Dousman - Heitman
WI10,Brule - Cedar Island
WI11,Orfordville - Mumm
WI12,Neshkoro - Wood Tick Strip
WI13,Wisconsin Rapids - Jennie
WI14,Baldwin
WI15,Bloomer
WI16,Mineral Point - Jim Benson Fld
WI18,Bloomer - Gateway
WI19,Montello - Cacic
WI1A,Pangandaran-Java Island - Nusawiru
WI1B,Bandung-Java Island - Batujajar
WI1C,Rumpin-Java Island
WI1G,Wonosari-Java Island
WI1S,Tingkeum-Sumatra Island - Simpangtiga Redelong
WI20,Platteville - Southwest Health
WI21,Cadott - Crane
WI22,Hortonville - Rocket
WI23,Cornucopia
WI24,Mt Horeb - Cardinal Ridge
WI25,Durand Muni
WI26,Eau Claire - Mertinkes
WI27,Menomonie - Skyport
WI28,Rio Creek - Walter'S Agri-Center
WI29,Baldwin - Rush River
WI30,Baraboo - St Clare Hospital
WI31,Lake Nebagamon - Minnesuing
WI32,Chippewa Falls - T-Bo
WI33,Minong - Ben Sutherland
WI34,Barron - System-Northland
WI35,New Richmond - Ceder Lake
WI36,Lake Tomahawk - Dolhun
WI37,Ojibwa - Rainbow
WI38,Beloit Meml
WI39,Oconomowoc - Center
WI40,Oregon - Spiegel
WI41,Columbus - Prairie Ridge Health
WI42,Rhinelander - Pine Grove
WI43,Daleyville - Atkins Ridge
WI44,Dodgeville - Upland Hills Health
WI45,Antigo - Aspirus Langlade Hospital
WI46,Van Dyne - Fun-Air
WI47,Scandinavia - Timberline
WI48,Fond Du Lac - St Agnes Hospital
WI49,Blair
WI50,Merrimac - Loeber Mcdaniel
WI51,Arlington - Del Monte
WI52,Clintonville - Schewe
WI53,Mosinee - Maguire
WI54,Wonewoc - Northwood Airstrip
WI55,Berlin - Broken Prop
WI56,Bloomington - C Jeidy Farms
WI57,Durand Advent
WI58,Bristol - Winfield
WI59,Grantsburg - Burnett Medical Center
WI60,Cecil - Deer Haven Ranch
WI61,Arena - Forseth
WI62,Cedarburg - Sss Aerodrome
WI63,Hillsboro - Joseph'S
WI64,Iola
WI65,Dane
WI66,Black Earth - Hallick Farm
WI67,Ripon - Bennett
WI69,East Troy Air
WI70,Elkhorn - Swan
WI71,New Richmond - Meister'S
WI72,North Cape - Valhalla
WI73,Eureka - Strip
WI74,Durand - Buck Knob
WI75,West Bend Froedtert
WI76,Fort Atkinson - Maggies Farm Llc
WI77,Germantown - Willow Creek
WI78,Green Bay - Martins Aerodrome
WI79,Greenwood - Town Line
WI80,Kendall - Pisha Farm
WI81,Hazel Green - Rigdon Private
WI82,Kenosha Froedtert
WI84,Janesville - Johnstown Center
WI85,Janesville - Omniflight Helicopters
WI86,Kansasville - Ori
WI87,Merrill - Pine River
WI88,Weston - St Clares Hospital
WI89,Lake Geneva
WI90,Pembine - Maverick
WI91,Larsen - Larson
WI92,Lyons - Wag-Aero
WI93,Madison - Meriter/Park
WI94,Guard Army
WI95,Bristol - Binzel
WI96,Manitowoc - Center
WI97,Marshall - Mathaire
WI98,Ashland - Bobs
WI99,Edgerton - Tru
WIAG,Menggala-Sumatra Island
WIAJ,Wiaj
WIAK,Bandung-Java Island - Margahayu
WIAP,Banyumas-Java Island
WIBB,Pekanbaru-Sumatra Island - Tiga
WIBD,Dumai-Sumatra Island - Pinang Kampai
WIBJ,Wibj
WIBR,Sipora Island - Rokot
WIBS,Bengkalis-Sumatra Island
WIBT,Karinmunbesar Island - Tanjung Balai
WICA,Kertajati
WICB,Tangerang-Java Island - Budiarto
WICC,Bandung-Java Island - Husein Sastranegara
WICD,Cirebon-Java Island - Penggung
WICM,Tasikmalaya-Java Island - Cibeureum
WICN,Wicn
WICT,Bandar Lampung-Sumatra Island - Branti
WIDD,Batam Island - Hang Nadim
WIDE,Pasir Pengarayan-Sumatra Island
WIDL,Widl
WIDN,Tanjung Pinang-Bintan Island - Kijang
WIDS,Pasirkuning-Singkep Island - Dabo
WIEE,Ketaping/Padang-Sumatra Island - Minangkabau
WIHH,Jakarta - Halim Perdanakusuma
WIHL,Cilacap-Java Island - Tunggul Wulung
WIHP,Jakarta - Pondok Cabe Air
WIIG,Tjipara-Java Island - Pulau Panjang
WIII,Jakarta - Soekarno-Hatta
WIIJ,Wiij
WIIK,Kalijati-Java Island
WIIR,Pelabuhan Ratu-Java Island
WIKD,Wikd
WIKL,Lubuk Linggau-Sumatra Island - Silampari
WILL,Will
WIMA,Labuhan Bilik-Sumatra Island
WIMB,Gunung Sitoli-Nias Island - Binaka
WIME,Padang Sidempuan-Sumatra Island - Godang
WIMG,Padang-Sumatra Island - Tabing
WIMH,Helvetia-Sumatra Island
WIMK,Soewondo Afb
WIML,Kisaran-Sumatra Island
WIMM,Medan-Sumatra Island - Polonia
WIMN,Siborong-Borong - Sisingamangaraja Xii
WIMO,Wimo
WIMP,Parapat-Sumatra Island
WIMR,Pematang Siantar-Sumatra Island
WIMS,Sibolga-Sumatra Island - Lumban Tobing
WIMT,Tabbing Tinggi-Sumatra Island
WIOB,Bengkayang-Borneo Island
WIOD,Tanjung Pandan-Belitung Island - Buluh Tumbang
WIOG,Nanga Pinoh-Borneo Island
WIOI,Sinkawang-Borneo Island - Singkawang
WIOK,Ketapang-Borneo Island - Ketapang(Rahadi Usman
WIOM,Matak Island - Tarempa
WION,Ranai-Natuna Besar Island
WIOO,Pontianak-Borneo Island - Supadio
WIOP,Putussibau-Borneo Island - Pangsuma
WIOS,Sintang-Borneo Island - Sintang(Susilo
WIPA,Jambi-Sumatra Island - Sultan Thaha
WIPB,Wipb
WIPD,Pasar Bandingagung-Sumatra Island - Banding Agung
WIPF,Kuala Tungkal-Sumatra Island
WIPH,Wiph
WIPI,Wipi
WIPK,Pangkal Pinang-Palaubangka Island
WIPL,Bengkulu-Sumatra Island - Padang Kemiling
WIPO,Batu Raja-Sumatra Island - Gatot Subrato
WIPP,Palembang-Sumatra Island - Ii
WIPQ,Talang Gudang-Sumatra Island - Pendopo
WIPR,Rengat-Sumatra Island - Japura
WIPT,Ketaping/Padang-Sumatra Island - Minangkabau
WIPU,Muko Muko-Sumatra Island
WIPV,Keluang-Sumatra Island
WIPY,Bentayan-Sumatra Island
WITA,Tapak Tuan-Sumatra Island - Teuku Cut Ali
WITC,Peureumeue-Sumatra Island - Seunagan
WITG,Lubang-Simeulue Island - Lasikin
WITL,Lhok Sukon-Sumatra Island
WITM,Lhok Seumawe-Sumatra Island - Malikus Saleh
WITN,Sabang-We Island - Maimun Saleh
WITS,Seumayam-Sumatra Island
WITT,Banda Aceh-Sumatra Island - Sultan Iskandarmuda
WMAA,Bahau
WMAB,Batu Pahat
WMAC,Benta
WMAD,Bentong
WMAE,Bidor
WMAG,Dungun
WMAH,Grik
WMAJ,Jendarata
WMAL,Kuala Kerai
WMAN,Taman Negara - Sungai Tiang
WMAP,Kluang
WMAQ,Labis
WMAU,Mersing
WMAV,Muar
WMAZ,Segamat
WMBA,Sitiawan
WMBB,Sungei Patani
WMBE,Temerloh - Termeloh
WMBF,Ulu Bernam
WMBH,Kroh
WMBI,Taiping
WMBT,Pulau Tioman
WMGK,Wmgk
WMKA,Alor Satar - Abdul Halim
WMKB,Butterworth
WMKC,Kota Baharu - Sultan Ismail Petra
WMKD,Kuantan
WMKE,Kerteh
WMKF,Kuala Lumpur - Simpang
WMKI,Ipoh - Sultan Azlan Shah
WMKJ,Senai
WMKK,Kuala Lumpur
WMKL,Langkawi
WMKM,Malacca
WMKN,Kuala Terengganu - Sultan Mahmud
WMKP,Penang
WMLU,Wmlu
WMPA,Pangkor Island
WMPR,Redang
WMSA,Subang - Abdul Aziz Shah
WN00,Quilcene - Kimshan Ranch
WN01,Seattle Private
WN02,Mauston - Center
WN03,Sheboygan - Van Der Vaart
WN04,Elk
WN05,Toledo - Harris
WN06,Walla Walla - Park
WN07,Anacortes - Decatur Shores
WN08,Kendall
WN09,Plainfield - Bucky'S
WN10,Cougar - Mount St Helen'S
WN11,Beecher - Red Roof
WN13,Port Orchard - Vaughan Ranch
WN14,Deer Park - Pete
WN15,Wilkeson - Burnett Landing
WN16,Seattle - Komo Tv
WN17,Wenatchee - Hoverhawk Ranch
WN18,Anacortes - Becker'S
WN19,Toppenish - Bell-Aire
WN20,Monroe - Van De Plasch
WN21,Port Angeles - Lawson
WN22,Washtucna - Bar U View
WN23,Sequim - Grand View
WN24,Castle Rock - Cougar Flat Airstrip
WN25,Menomonie - Cedar
WN26,Palouse - Schoepflin
WN27,Collins - Redoft
WN28,Livingston - Hird
WN29,Sequim - Blue Ribbon
WN30,Benge - Clinesmith Ranch
WN31,Mesa - Slinkard
WN32,Newport Community
WN33,Pasco - Columbia Ag 2
WN34,Ethel Intl
WN35,Ferndale - Meadowmist
WN36,Olympia - Kari
WN37,Port Angeles - Mclaughlin
WN38,Vancouver - Ross Complex
WN39,Wyocena - Knutson
WN40,Coupeville Airpark
WN41,Sprague - Redfern Aerodrome
WN42,Buckley - Flying H Ranch
WN43,Colfax - Lower Granite Dam
WN44,Merrill - Podeweltz
WN45,Yakima - Take Five
WN46,Oconomowoc - Battle Creek
WN47,Mc Cleary - Bear Valley Skyranch
WN48,Oakville - Kimbrel Farm
WN49,Sequim - Blue Heron
WN50,Tacoma - St
WN51,Burlington - Bayview Farms
WN52,Cougar
WN53,Lake Stevens - Frontier
WN54,Newman Lake - Ellerport
WN55,Randle
WN56,Ephrata - Columbia Basin Hospital
WN58,Olympia - Capital Medical Center
WN59,Onalaska - Nelsons Nitch
WN60,Sequim - Swanton Ultralightport
WN61,Spokane - Tai'S
WN63,Bristol
WN64,Ellensburg - Farms
WN65,Elma - My
WN66,Eagle River - Cranberry
WN67,Vancouver Southwest
WN68,Burlington Aurora
WN71,Bellevue - Evans
WN72,Washtucna - Kinch Farms
WN73,Bellingham - St
WN74,Onalaska - Burnt
WN75,Hartford - Erin Aero
WN76,Enumclaw - Bergseth
WN77,Richland - Facility
WN80,Kelso - Walters Arv
WN81,Pasco - Ice Harbor Dam
WN82,Republic - #1
WN84,Kahlotus - Lower Monumental Dam
WN85,Morrisonville
WN86,Osceola - St Croix Valley
WN87,Enumclaw - Bryan
WN88,Ocean Park - Fairhurst
WN89,Chattaroy - Lee
WN90,Bruce - Taylorport
WN91,Redmond - Evans
WN92,Spokane - Sky Meadows
WN93,Seattle - Park 90
WN94,Ritzville - East
WN95,Vantage - Brown Boy
WN96,Vashon - Misty Isle Farms
WN97,Pleasant Prairie
WN98,Birchwood - Florida
WN99,Durand - Hayes Road
WPAT,Atauro
WPDB,Suai
WPDL,Dili - Presidente Nicolau Lobato
WPEC,Baucau - Cakung
WPFL,Fuiloro - Abisu
WPMN,Maliana
WPOC,Oecussi-Ambeno
WPVQ,Viqueque
WRBK,Wrbk
WRBU,Buntok-Borneo Island
WRKA,Atambua-Timor Island - Haliwen
WRKB,Bajawa-Flores Island - Padhameleda
WRKJ,Mena-Timor Island
WRKL,Larantuka-Flores Island - Gewayentana
WRKM,Kalabahi-Alor Island
WRKN,Naikliu-Timor Island
WRKR,Namodale-Rote Island
WRKS,Sawu-Sawu Island
WRLA,Sanggata-Timor Island
WRLB,Long Bawan-Borneo Island
WRLC,Bontang-Borneo Island
WRLF,Nunukan-Nunukan Island
WRLH,Tanah Grogot-Borneo Island
WRLL,Seppingan-Borneo Island - Balikpapan
WRLM,Malinau-Borneo Island
WRLN,Long Mawang-Borneo Island
WRLP,Long Apung-Borneo Island
WRLU,Sangkulirang-Borneo Island
WRLW,Muara Wahau-Borneo Island
WRSP,Surabaya-Java Island
WS01,Janesville - Archie'S
WS02,Oxford - Polish Paradise
WS03,Milwaukee St
WS04,Arkdale - Zanadu
WS05,Kennan - Lonely Pines
WS06,Park Falls - Springstead
WS08,Appleton - Five Corners Airways
WS09,Coloma - Rox
WS10,Waupaca - Casey Lake
WS11,Pound - Frievalt
WS12,De Forest - Elert
WS13,Chetek - Cloud Dancer Pvt
WS14,Amherst - Lake Ell
WS15,Wyocena - Mill House
WS16,Mosinee - Scherrico Meadows
WS17,Oshkosh - Pioneer
WS19,Bayfield - Petit Cache
WS20,Fort Mc Coy - Site
WS21,Menomonee Falls - Community Meml Hospital
WS22,New London - Wolfgram
WS23,Merrill - Strip
WS24,Hayward - Round Lake
WS25,Beecher - Shangrila
WS26,Kewaunee - Ranch Side
WS27,Madison - Clinics
WS28,Portage - Coleman
WS29,Pound - Fld
WS30,Star Prairie - Hexum Flight Park
WS31,Wayside - Otto-Gibbons
WS32,Wyocena - Prescott
WS33,Oregon - Storytown
WS34,Fort Atkinson Meml
WS35,Neenah Rgnl
WS36,Almond - Swan
WS38,Eau Claire Mayo
WS39,Goodnow - Pinewood Air Park
WS40,Janesville - Mercy Hospital
WS41,Roberts - Farms
WS42,Withee - Owen
WS43,De Pere - Birch Creek
WS44,Hawkins - Diderrich Ranch
WS45,Irma - Circle K
WS46,Ripon - Aviation
WS47,Chippewa Falls - Joseph'S
WS48,Boscobel - Meml Hospital
WS49,Fort Atkinson - Christie Aerodrome
WS50,Oshkosh - Mercy Medical Center
WS51,Soldiers Grove - Leeward Farm
WS52,Madison Ssm
WS53,Racine - St
WS54,Reedsburg Area
WS55,Sharon - Barten
WS56,Sheboygan - St Nicholas Hospital
WS58,Spooner
WS59,Sturgeon Bay - Hospital
WS60,Thorp - Vern Air Park
WS61,Tomah
WS62,Verona - Sugar Ridge
WS63,Ashland - Meml Medical Center
WS64,St Germain - Schiffmann
WS65,Wausau Aspirus
WS67,Herbster - Vietmeier
WS68,Montello - Krist Island
WS69,Eleva - Log Cabin
WS70,Beaver Dam
WS71,St Croix Falls - Flying J
WS72,Stiles - Cain'S
WS73,Walworth - Big Foot Farms
WS74,Watertown - Al'S Airway
WS75,Waupun Meml
WS76,New London - Black Dog Farm
WS77,Grantsburg - Circle T
WS78,Rhinelander - River Valley
WS79,Shell Lake - Indianhead Medical Center
WS81,Webster - Alpha Hotel
WS82,Mountain - Johnson Island
WS84,Warrens - Cran Bog N
WS87,Twisp - Port
WS89,Appleton Medical
WS91,Boscobel - Sky Hollow
WS96,Monroe - Hughes
WS98,Marshfield - Joseph'S
WSAC,Singapore - Changi Air Base
WSAG,Sembawang
WSAP,Wsap
WSAT,Wsat
WSJ,San Juan Uganik
WSM,Wiseman
WSSL,Seletar
WSSS,Singapore
WT00,Aberdeen - Harbor
WT01,Ellensburg - Hillcrest Farms
WT02,Richland - Pad
WT03,Prescott - Twisted Prop
WT04,Cheney - Silverbird
WT15,Bellingham - Cutty
WT18,Moses Lake - Meise
WT21,Deer Park - Radial Flyer
WT22,Seattle - Graves Fld
WT24,Cheney - Reed
WT28,Clarkston - Kiwi Air
WT29,Port Angeles - Maletti Hill Lz
WT32,Hartline - Hart
WT33,Clarkston - Skid Row
WT34,Blaine
WT37,Okanogan - Dry Coulee
WT44,Cathlamet - Michair
WT51,Mossyrock - Fire District 3
WT55,Monse - Smith
WT70,Diablo
WT77,Vaughn - Rocky Bay
WT78,Seattle - Helistop
WT88,Palouse - Hill
WT89,Clarkston - Ems
WV00,Arbovale - Deer Creek Farm
WV01,Ansted - Lee Massey
WV02,Huntington - St
WV03,Beckley - 2
WV04,Beckley
WV05,Martinsburg - Va Medical Center
WV06,Romney - Lost Mountain
WV08,Chesapeake - Island
WV09,Corinne - Mike Ferrell Fld
WV10,Peterstown
WV11,Fan Rock - Swope Farm
WV12,South Charleston - Mallory
WV13,Upland - Minnick'S
WV15,Keyser - Gerstell Farms
WV16,Clarksburg - Cng Division 4
WV17,Martinsburg - Michaels Farms
WV18,Keyser - Miller
WV19,Kingwood - Moore
WV20,New Martinsville - Wetzel County Hospital
WV21,Harpers Ferry - Needwood Farm
WV22,Hedgesville - Green Landings
WV23,Weston - Louis Bennett
WV24,Sutton - Coon Knob
WV26,Beckley - Glade Springs
WV27,Huntington Cabell
WV28,Clarksburg - Ruth
WV29,Valley Point
WV30,Rainelle
WV31,Lewisburg - Pratt Mining
WV32,Lansing - New River
WV34,Bluefield Rgnl Medical Center
WV35,Mason - Pomeroy
WV37,New Martinsville
WV38,Parkersburg West
WV39,Ravenswood
WV40,St Mary'S
WV41,East Liverpool - Chester
WV42,Weirton Steubenville
WV43,Wheeling - Warwood Martins Ferry
WV44,Moundsville
WV45,Princeton Community
WV46,Wellsburg
WV47,Mount Nebo - Pad
WV48,Martinsburg - Berkeley Medical Center
WV50,Fairplain - Dickirson
WV51,Morgantown - University Hospital
WV52,Green Bank
WV53,Newburg - Larew
WV56,Charleston - Camc-Meml
WV57,Terra Alta - Mckee Sky Ranch
WV58,Point Pleasant Valley
WV59,Fayetteville - Fayette
WV61,Berkeley Springs - Buzzards Gap
WV62,Davis - Windwood Fly-In Resort
WV63,Craigsville - Herold
WV64,Mineral Wells - Scott
WV65,Fairmont - Carr
WV66,Glendale Fokker
WV67,Romney - Eastview
WV68,Gerrardstown - Taylors
WV69,Bluefield Rgnl Medical Center
WV70,Elkins - Fairview
WV71,Letart - Lieving
WV73,Parkersburg - Wood County
WV74,Snowshoe
WV75,Weston - Hospital
WV76,Spencer - Slate Run
WV77,Pence Springs - Hinton-Alderson
WV78,Richwood - Rach
WV86,Ranson - Jefferson Medical Center
WV95,Fayetteville - Waters
WWT,Newtok
WY00,Ten Sleep - Red Reflet Ranch
WY01,Bill - Dilts Ranch
WY02,Carpenter - Morrison
WY03,Big Piney Marbleton
WY04,Powell Hospital
WY05,Cheyenne - Skyview
WY06,Cody - Luckinbill Airstrip
WY07,Douglas - Hardy Ranch
WY08,Alta - Sundance Ranch
WY09,Dull Center/Sw Clareton/ - Sherwin
WY11,Encampment - Ranch
WY12,Gillette - Ohman Ranch
WY13,Gillette - Little Buffalo Ranch
WY14,Hulett - Ipy Ranch
WY15,Powell - Bunch Grass Intergalactic
WY16,Medicine Bow - Robbins
WY17,Medicine Bow - Ellis Ranch
WY18,Midwest - 2
WY19,Big Piney - Fish Creek Ranch
WY20,Jackson - Heli X
WY21,Gillette - Hospital
WY22,Savageton - 1
WY23,Sussex - Iberlin Strip
WY24,Riverton Meml
WY25,Wheatland - Snell
WY26,Torrington - Community Hospital
WY27,Douglas - Wagonhound
WY29,Chugwater - Vowers Ranch
WY30,Dubois - Kinky Creek Divide
WY31,Jackson - Melody Ranch
WY32,Cokeville - Circle B
WY33,Daniel - Mountain King Ranch
WY34,Lysite - Bridger Creek
WY35,Worland - Washakie Medical Center
WY36,Powell - Bakers
WY37,Pinedale - District
WY38,Ten Sleep - Orchard Ranch
WY39,Thayne - Star Valley Ranch
WY40,Laramie - Ivinson Meml Hospital
WY41,Lovell - 5 Springs
WY42,Meeteetse - Yu
WY43,Wyoming Game
WY44,Mule Creek Junction - Robbers Roost Ranch
WY45,Hillsdale - Michael Skypark
WY46,Cheyenne - Radio Ranch
WY47,Casper - True
WY49,Rock Springs - County
WY50,Cheyenne Echo
WY51,Encampment - Platt Ranch
WY52,Evanston Hospital
WY53,Four Corners - Moburg Aero
WY54,Riverton Hospital
WY55,Sundance - Taylor
WY56,Hulett - Pierce Ranch
WY57,Wyoming Medical
WY58,Wheatland - Hilty Private Strip
WY59,Wheatland - Two Bar Ranch
WY60,Afton - Heiner
WY61,Laramie - Ranch
WY62,Cody
WY64,Thayne - Ranch
WY65,Gillette - Madsen
WY66,Douglas - Chamberlain Brothers Ranch
WY67,Kemmerer - South
WY68,Rawlins - Meml Hospital
X01,Everglades City Airpark
X04,Apopka Orlando
X05,Brooksville - Pilot Country
X06,Arcadia Muni
X07,Lake Wales Muni
X09,Fulshear - Covey Trails
X10,Belle Glade
X13,Carrabelle
X14,La Belle
X16,Valley View - Tailwheel Acres
X21,Titusville - Park
X23,Umatilla
X25,Lake Wales - Strip
X26,Sebastian Muni
X33,Doniphan
X35,Dunnellon - Marion County
X36,Englewood - Buchan
X39,Tampa Aero
X43,Sunray
X44,Miami
X49,Lakeland South
X50,New Smyrna Beach - Massey Ranch
X51,Homestead Miami
X52,Vero Beach - New Hibiscus
X55,Eustis - Mid-Florida
X58,Indiantown
X59,Valkaria
X60,Williston Rgnl
X61,Zellwood - Bob White
X63,Humacao - Quinones
X65,Dorchester - Aerodrome
XA0,Justin - Prose
XA00,Campbell - Volo Ranch
XA01,Grand Saline - Cozby-Germany Hospital
XA02,Johnson City - Danz Ranch
XA03,Sanger - Edgington Ranch
XA04,Glen Rose - Circle Eight Ranch
XA05,Sudan - Fairview
XA07,Chico - Spectre
XA08,Cotulla - Los Cuernos Ranch
XA09,Bellevue - Menard
XA10,Ponder
XA11,Rowlett - Pointe
XA12,Bertram - Mcfarlin Ranch
XA13,Houston - Landry'S Seafood House
XA14,Lufkin - Lmh
XA15,Riesel - Holick
XA16,Rosston - Tightwaad Air Ranch
XA17,Tira - Chuckster
XA18,Fort Worth Baylor
XA19,Houston Downtown
XA20,Houston - Landry'S Warehouse
XA21,Irving - Center
XA22,Laredo Medical
XA23,Pittsburg - Richardson
XA25,Lubbock Heart
XA26,Mineral Wells - Hospital
XA27,Pittsburg East
XA28,Lindale Christus
XA29,San Antonio Heart
XA30,Trinity Etmc
XA31,Leakey - Lewis Ranch
XA32,Buckholts - Wolfe
XA33,Caddo Mills - Thorny Woods
XA34,Decatur - Allison Farm
XA35,Greenville - Quality Care Er
XA36,Fort Worth - Center
XA37,Fort Worth - Plaza Medical Center
XA39,San Antonio - Tenet Westover Hills
XA40,Richardson Bush
XA41,Harper - Service
XA42,Kaufman - Tali Homma
XA43,Kerrville - Fall Creek Ranch
XA44,Lometa - Birchfield Ranch
XA45,Fredericksburg - Boma
XA46,Mineola - Creekside Air Park
XA47,Moody - Tick Hill
XA48,Muenster - Dreamland
XA49,Justin - Blue Jay
XA50,Quitman East
XA51,Robinson - Smith
XA52,Trinity - Grand Rock
XA53,Allen
XA54,Glen Rose
XA55,Texas Kaufman
XA56,Greenville - Hunt
XA57,Decatur City
XA58,Jacksonville Christus
XA59,Lewisville City
XA61,Dallas Baylor
XA62,Dallas Methodist
XA63,Lucas - Aaf
XA64,Texas Mansfield
XA65,Fort Worth - Medical
XA66,Encinal - El Jardin Ranch
XA67,Houston - Center
XA68,Sonora - Lmh Hospital
XA69,Tolar - Shelton Pvt
XA70,Victoria - Detar Hospital Navarro
XA71,Apple Springs - North
XA72,Krum - Stocker
XA73,San Antonio - Alto
XA74,Galveston Helipad
XA75,Grandview - Double A
XA76,Houston - Television
XA77,Lamesa - Benny White Flying
XA78,Mountain Springs - Melody Ranch
XA79,Plano Baylor
XA80,Port Aransas - Island
XA81,Honey Grove - Homerun
XA82,West Lake Hills - Tumbleweed
XA83,Houston - Hospital
XA84,Houston - Hospital
XA85,Waco - Cougar Landing
XA86,Weatherford - Driftwood Ranch
XA87,Athens - Coon Creek Club
XA88,Batesville - Dm Ranch
XA89,Carrizo Springs - Faith Ranch
XA90,Golden - Fly 1 On
XA91,Village Mills - Wildwood
XA92,Menard - Herd Ranch
XA93,Brundage - Tortuga Ranch
XA94,Burnet - Rick'S
XA95,Candelaria
XA96,Canadian - En Gedi Ranch
XA97,Canton - Mother Frances
XA98,Decatur - Jbj Ranch
XA99,Decatur - Flat Bush
XBRO,Broadford - Skye Bridge Ashaig
XIUW,Ulan Ude East
XLAP,Plesetsk - Plestsy
XLLL,Soltsy
XLLN,St. Petersburg - Kasimovo
XLML,Zapolyarnyj - Luostari Air Base
XLMV,Severomorsk 3
XLOS,Ostrov Navy
XLPD,Derevyannoe
XLPO,Lodeynoye Pole
XLWF,Fedotovo Navy
XLWT,Vologda - Trufanovo
XRMB,Budennovsk
XRWL,Kamyshin - Lebyazhye Air
XS00,Llano - Flying D
XS01,Fredericksburg - Tschirhart Ranch
XS02,Longview - In The Trenches
XS03,Marble Falls - Herbert Ranch
XS04,Fort Worth - Bell
XS05,New Fairview - Freedom
XS06,Olton - Rose Ranch
XS07,Markham - Ranch
XS08,Mason - Polk Ranch
XS09,New Waverly - Estates
XS10,Matagorda Island - Aransas
XS11,Medina - Idlewild
XS12,Liberty Hill
XS13,Medina - T-4 Ranch
XS14,Greenville - Weese
XS15,Menard - Womack Ranch
XS16,Ledbetter - Flying K Ranch
XS17,Milano - Hensley Ranch
XS18,Millican - Tom J Moore
XS19,Cedar Park
XS20,Mountain Home - Dos Arroyos Ranch
XS21,Damon - H & S
XS22,Wichita Falls - Lame Donkey
XS23,Mountain Home - Priour Ranch
XS24,Muldoon - Cherry Spraying Service
XS25,Needville - Flying C Ranch
XS26,Houston - Graco Mechanical Inc
XS27,Nome - Farm Air Service
XS28,Nome - North
XS29,Odessa - Ormc Helistop
XS30,Paris - Burress
XS31,Sadler - Graham
XS32,Jewett - Nucor Ems
XS33,Orangefield - Chesson
XS34,Ennis - Skylark
XS35,Palacios - Trull
XS36,Snyder - Covered S Ranch
XS39,Amarillo - Evans Aerodrome
XS40,Pearsall - Jay Kay Ranch
XS41,Austin Heart
XS42,Mckinney - Embarcadero
XS43,Pipe Creek - Medina River Ranch
XS44,Kent - Rancho Del Cielo
XS46,Goliad - Gritz
XS47,Poteet - Alderman Farm
XS48,Yantis - Marlin'S Meadow
XS49,Shiner - Dean Ranch
XS50,Premont - 4-G Ranch
XS51,Premont - Seeligson Ranch
XS53,Weatherford - Peaster 01
XS54,Arlington Sheraton
XS55,Malone - Gizmo
XS56,Raymondville - Flying W
XS57,Mc Gregor - Havelka Haven
XS58,Raywood - Tri-County Air Service
XS59,Refugio - Mellon Ranch
XS60,Aubrey - Mustang Community Airfield
XS61,Richland Springs - Deep Creek Ranch
XS62,Gainesville - Stahl
XS63,Bulverde - Monahan Helicopter
XS64,Rio Hondo - Farm Services Inc
XS66,Robstown - Rabb Dusting Inc
XS67,Rockport - San Jose
XS68,Brenham - Sky Lane Ranch
XS69,Rocksprings - Hackberry Ranch
XS70,Mount Pleasant - Glover
XS71,Pawnee - San Christoval Ranch
XS72,Romayor - Farm
XS73,College Station Scott
XS74,Bay City - Claytime
XS75,Round Mountain - West
XS76,Tulia - Vaughn Farm
XS77,Crystal Beach - Seafood Warehouse Park
XS78,Brady - Santiago Cattle Company
XS79,Briggs - Stiletto
XS80,Comfort - Scout
XS81,San Antonio - Santa Rosa Helistop
XS83,San Antonio - Methodist Hospital
XS84,San Antonio - Safety
XS85,San Antonio - University Health System
XS86,Castroville - T-Ranch
XS88,Paris - Parson
XS89,Royse City Rgnl
XS90,Fentress Airpark
XS91,Poynor - Pickle Plantation
XS92,College Station St
XS93,Santa Elena - Diamond O Ranch
XS94,San Ygnacio - Corralitos
XS95,Yoakum - Cardinal
XS96,Fort Worth - Hillwood
XS97,Dallas - Center
XS98,Seguin - Guadalupe Hospital
XS99,Shepherd - Lake Water Wheel
XUBS,Smolensk North
XUMR,Vyazma
XWPD,Penza - Sosnovka
XWSG,Engels
Y01,Waukon
Y03,Springfield Muni
Y14,Tea - Marv Skie Lincoln
Y19,Mandan
Y23,Chetek
Y27,Fort Yates - Standing Rock
Y30,Topinabee - Pbeaaye
Y31,West Branch
Y37,Park River
Y43,Anita
Y46,Bedford Muni
Y47,New Hudson - Oakland Southwest
Y48,Belmond
Y49,Walker
Y50,Wautoma
Y51,Viroqua
Y55,Crandon
Y58,Sleepy Eye Muni
Y59,Frankfort - Six Mile
Y63,Elbow Lake
Y65,Indian River - Campbell-Pratt
Y68,Benzonia - Joyfield
Y70,Ionia
Y71,Elgin Muni
Y72,Tomah - Bloyer
Y73,Iron River - Stambaugh
Y74,Parshall
Y77,Iron River - Bayfield
Y83,Sandusky
Y87,Empire - William B Bolton
Y88,Interlochen - Green Lake
Y89,Kalkaska
Y91,Lake City - Ranch
Y93,Atlanta Muni
Y94,East Jordan
Y95,Hillman
Y98,Grand Marais
Y99,Plaza - Trulson
YAAL,Yaal
YABA,Albany Apt
YABI,Yabi
YABS,Yabs
YABU,Yabu
YACI,Yaci
YACS,Yacs
YADD,Yadd
YADG,Aldinga
YADI,Yadi
YADM,Yadm
YADO,Yado
YADS,Yads
YADY,Yady
YAGD,Yagd
YAHD,Yahd
YAKG,Yakg
YALA,Yala
YALC,Yalc
YALG,Yalg
YALH,Yalh
YALM,Yalm
YALN,Yaln
YALX,Yalx
YALY,Yaly
YAMB,Yamb
YAMC,Yamc
YAMJ,Yamj
YAMK,Yamk
YAML,Yaml
YAMM,Yamm
YAMT,Yamt
YAND,Yand
YANG,Yang
YANJ,Yanj
YANK,Yank
YANL,Yanl
YANN,Yann
YANW,Yanw
YAOR,Yaor
YAPA,Yapa
YAPH,Yaph
YAPO,Yapo
YARA,Yara
YARD,Yard
YARG,Yarg
YARI,Yari
YARK,Yark
YARL,Yarl
YARM,Armidale
YARN,Yarn
YARP,Yarp
YARS,Yars
YARY,Yary
YASF,Yasf
YASS,Yass
YATL,Yatl
YATN,Atherton
YATR,Yatr
YATY,Yaty
YAUA,Yaua
YAUG,Yaug
YAUR,Yaur
YAUS,Yaus
YAUV,Yauv
YAVD,Yavd
YAVM,Yavm
YAWT,Yawt
YAYE,Ayers Rock
YAYR,Yayr
YBAB,Baralaba
YBAD,Ybad
YBAF,Brisbane Archerfield
YBAH,Ybah
YBAL,Ybal
YBAM,Ybam
YBAN,Yban
YBAO,Ybao
YBAR,Barcaldine
YBAS,Alice Springs
YBAU,Ybau
YBAW,Ybaw
YBBA,Ybba
YBBC,Bamboo Creek Gold Mine
YBBE,Big Bell
YBBL,Ybbl
YBBN,Brisbane Intl
YBBO,Ybbo
YBBT,Ybbt
YBCB,Ybcb
YBCG,Gold Coast
YBCH,Ybch
YBCK,Blackall
YBCL,Ybcl
YBCM,Ybcm
YBCR,Ybcr
YBCS,Cairns
YBCV,Charleville
YBDF,Ybdf
YBDG,Ybdg
YBDP,Ybdp
YBDS,Ybds
YBDU,Ybdu
YBDV,Ybdv
YBDX,Ybdx
YBEB,Bellburn - Pumululu
YBEC,Ybec
YBEE,Ybee
YBEF,Ybef
YBEL,Ybel
YBEO,Ybeo
YBEU,Ybeu
YBEV,Ybev
YBEW,Ybew
YBFR,Ybfr
YBFT,Ybft
YBGB,Ybgb
YBGD,Ybgd
YBGI,Ybgi
YBGO,Ybgo
YBGR,Ybgr
YBGT,Ybgt
YBGY,Ybgy
YBHB,Ybhb
YBHI,Broken Hill
YBHK,Ybhk
YBHM,Hamilton Island
YBIA,Ybia
YBID,Ybid
YBIE,Ybie
YBIK,Ybik
YBIL,Ybil
YBIN,Ybin
YBIR,Ybir
YBIU,Ybiu
YBIZ,Lakefield National Park - Bizant
YBJW,Ybjw
YBKE,Ybke
YBKS,Ybks
YBKT,Ybkt
YBLA,Ybla
YBLB,Yblb
YBLC,Yblc
YBLD,Ybld
YBLG,Yblg
YBLH,Yblh
YBLL,Ybll
YBLM,Yblm
YBLN,Busselton
YBLT,Yblt
YBLU,Yblu
YBMA,Mount Isa
YBMC,Maroochydore - Sunshine Coast
YBMD,Ybmd
YBMI,Ybmi
YBMK,Mackay Apt
YBMM,Ybmm
YBMO,Ybmo
YBMR,Ybmr
YBMY,Ybmy
YBNA,Ballina
YBNC,Ybnc
YBNM,Ybnm
YBNS,Ybns
YBNY,Ybny
YBOA,Yboa
YBOC,Yboc
YBOD,Ybod
YBOG,Ybog
YBOI,Yboi
YBOK,Ybok
YBOM,Ybom
YBOO,Yboo
YBOP,Ybop
YBOR,Bordertown
YBOT,Ybot
YBOU,Ybou
YBOV,Border Village
YBOY,Yboy
YBPI,Ybpi
YBPN,Proserpine
YBRA,Ybra
YBRC,Ybrc
YBRJ,Ybrj
YBRK,Rockhampton
YBRL,Ybrl
YBRM,Broome
YBRN,Ybrn
YBRO,Ybro
YBRS,Ybrs
YBRU,Ybru
YBRW,Ybrw
YBRY,Ybry
YBSG,Weipa - Raaf Scherger
YBSP,Ybsp
YBSR,Ybsr
YBSS,Ybss
YBSU,Ybsu
YBTD,Ybtd
YBTH,Bathurst Apt
YBTI,Ybti
YBTK,Ybtk
YBTL,Townsville
YBTN,Ybtn
YBTR,Ybtr
YBTS,Ybts
YBTT,Ybtt
YBTV,Ybtv
YBUA,Ybua
YBUC,Ybuc
YBUD,Bundaberg
YBUG,Ybug
YBUI,Ybui
YBUL,Ybul
YBUN,Ybun
YBUO,Ybuo
YBUP,Ybup
YBUU,Bungle Bungle
YBUX,Ybux
YBUY,Ybuy
YBVA,Ybva
YBVL,Ybvl
YBVY,Ybvy
YBWG,Ybwg
YBWI,Ybwi
YBWM,Ybwm
YBWN,Ybwn
YBWP,Weipa
YBWR,Ybwr
YBWS,Ybws
YBWT,Ybwt
YBWW,Wellcamp
YBWX,Ybwx
YBXH,Ybxh
YBYA,Ybya
YBYD,Ybyd
YBYI,Ybyi
YBYR,Ybyr
YBYS,Ybys
YBYW,Ybyw
YBZA,Ybza
YCAB,Ycab
YCAC,Ycac
YCAE,Ycae
YCAG,Ycag
YCAH,Ycah
YCAI,Ycai
YCAJ,Ycaj
YCAL,Ycal
YCAM,Ycam
YCAN,Ycan
YCAR,Ycar
YCAS,Ycas
YCBA,Ycba
YCBB,Ycbb
YCBE,Canobie
YCBG,Ycbg
YCBN,Ycbn
YCBO,Ycbo
YCBP,Ycbp
YCBR,Ycbr
YCBY,Ycby
YCCA,Ycca
YCCF,Yccf
YCCK,Ycck
YCCT,Ycct
YCCY,Cloncurry
YCDB,Ycdb
YCDE,Ycde
YCDH,Ycdh
YCDL,Middlesex - Cradle Mountain
YCDO,Ycdo
YCDR,Ycdr
YCDS,Ycds
YCDT,Ycdt
YCDU,Ycdu
YCDV,Ycdv
YCEE,Ycee
YCEL,Capella
YCEM,Coldstream
YCES,Yces
YCFD,Ycfd
YCFF,Ycff
YCFH,Clifton Hills
YCFL,Ycfl
YCFN,Ycfn
YCFS,Ycfs
YCGH,Ycgh
YCGI,Ycgi
YCGO,Ycgo
YCHB,Ychb
YCHK,Christmas Creek Mine - Graeme Rowley Aerodrome
YCHL,Ychl
YCHR,Ychr
YCHT,Ycht
YCIG,Ycig
YCIN,Ycin
YCJU,Ycju
YCKA,Ycka
YCKD,Yckd
YCKI,Ycki
YCKN,Yckn
YCKY,Ycky
YCLA,Ycla
YCLE,Ycle
YCLG,Yclg
YCLM,Yclm
YCLQ,Yclq
YCLT,Yclt
YCLY,Ycly
YCMH,Ycmh
YCMK,Ycmk
YCMM,Ycmm
YCMT,Ycmt
YCMU,Ycmu
YCMW,Ycmw
YCNA,Ycna
YCNF,Ycnf
YCNG,Ycng
YCNH,Ycnh
YCNK,Ycnk
YCNM,Ycnm
YCNN,Ycnn
YCNO,Ycno
YCNQ,Ycnq
YCNR,Ycnr
YCNS,Ycns
YCNX,Ycnx
YCNY,Ycny
YCOD,Cordillo Downs
YCOE,Ycoe
YCOF,Ycof
YCOG,Ycog
YCOH,Ycoh
YCOI,Ycoi
YCOL,Ycol
YCOM,Cooma
YCOO,Ycoo
YCOR,Ycor
YCOS,Ycos
YCOY,Ycoy
YCPD,Ycpd
YCPG,Ycpg
YCPH,Ycph
YCPN,Ycpn
YCPP,Ycpp
YCRA,Ycra
YCRG,Ycrg
YCRK,Ycrk
YCRL,Ycrl
YCRN,Ycrn
YCRT,Ycrt
YCRY,Ycry
YCSI,Ycsi
YCSL,Ycsl
YCSP,Ycsp
YCSV,Ycsv
YCTC,Yctc
YCTH,Ycth
YCTI,Ycti
YCTM,Yctm
YCTN,Yctn
YCTS,Ycts
YCTY,Ycty
YCUA,Ycua
YCUD,Ycud
YCUE,Ycue
YCUN,Ycun
YCUR,Cabramurra Township
YCUS,Ycus
YCUT,Ycut
YCVG,Ycvg
YCVS,Ycvs
YCWA,Ycwa
YCWE,Ycwe
YCWH,Ycwh
YCWI,Ycwi
YCWL,Ycwl
YCWN,Ycwn
YCWO,Ycwo
YCWR,Ycwr
YCWS,Ycws
YCWW,Ycww
YCWY,Ycwy
YCXA,Ycxa
YCYT,Ycyt
YDAG,Ydag
YDAJ,Ydaj
YDAL,Ydal
YDAR,Ydar
YDAY,Yday
YDBI,Ydbi
YDBR,Ydbr
YDBY,Ydby
YDDF,Drumduff
YDEG,Ydeg
YDEK,Denmark
YDER,Yder
YDEV,Ydev
YDGA,Ydga
YDGI,Ydgi
YDGN,Ydgn
YDGR,Ydgr
YDGT,Ydgt
YDGY,Ydgy
YDHL,Ydhl
YDIM,Ydim
YDIX,New Dixie
YDKI,Ydki
YDLC,Ydlc
YDLD,Ydld
YDLH,Ydlh
YDLK,Dulkaninna
YDLL,Ydll
YDLO,Ydlo
YDLQ,Ydlq
YDLT,Ydlt
YDLV,Ydlv
YDLW,Daly Waters
YDME,Ydme
YDMF,Ydmf
YDMG,Ydmg
YDMN,Ydmn
YDMR,Ydmr
YDNB,Ydnb
YDNI,Darnley Island
YDNK,Ydnk
YDNR,Ydnr
YDNV,Ydnv
YDOC,Singleton - Dochra
YDOD,Ydod
YDON,Ydon
YDOO,Ydoo
YDOP,Ydop
YDOR,Ydor
YDPD,Ydpd
YDPO,Devonport
YDPR,Ydpr
YDPS,Ydps
YDPT,Ydpt
YDPW,Ydpw
YDRA,Ydra
YDRC,Ydrc
YDRD,Ydrd
YDRH,Ydrh
YDRI,Ydri
YDRL,Ydrl
YDUK,Yduk
YDUM,Ydum
YDUN,Ydun
YDVE,Ydve
YDVR,Ydvr
YDWF,Ydwf
YDWU,Ydwu
YDYD,Ydyd
YDYS,Ydys
YEAB,Yeab
YEAT,Yeat
YECH,Yech
YECL,Yecl
YEDA,Etadunna
YEDE,Yede
YEDM,Yedm
YEEB,Eneabba
YEES,Yees
YEGA,Yega
YEIN,Einasleigh
YELD,Elcho Island
YELE,Yele
YELG,Yelg
YELK,Yelk
YELL,Elliott
YELM,Yelm
YELN,Elliston
YELR,Yelr
YELS,Yels
YELW,Yelw
YEMG,Yemg
YEMJ,Yemj
YEML,Emerald
YEMP,Yemp
YEPL,Yepl
YEPR,Yepr
YEQO,Yeqo
YERA,Yera
YERH,Yerh
YERL,Yerl
YERN,Yern
YERO,Yero
YERU,Yeru
YESC,Yesc
YESE,Yese
YESP,Yesp
YEUA,Euroa
YEUD,Yeud
YEUL,Yeul
YEUO,Yeuo
YEVA,Eva Downs
YEVD,Yevd
YEVP,Yevp
YEXM,Yexm
YEYD,Yeyd
YFBS,Forbes
YFCK,Yfck
YFCU,Yfcu
YFDF,Cloudbreak Village - Aerodrome
YFDN,Yfdn
YFFT,Yfft
YFIL,Yfil
YFLI,Yfli
YFLO,Yflo
YFLS,Yfls
YFNE,Finke
YFOR,Yfor
YFRD,Yfrd
YFRG,Yfrg
YFRI,Yfri
YFRK,Frankland River Grazing Co
YFRT,Yfrt
YFRV,Yfrv
YFSA,Yfsa
YFSK,Fiskville
YFST,Yfst
YFTA,Yfta
YFTN,Yftn
YFTZ,Yftz
YFVW,Yfvw
YFWY,Yfwy
YGAD,Ygad
YGAH,Ygah
YGAM,Ygam
YGAN,Ygan
YGAR,Ygar
YGAW,Ygaw
YGAY,Ygay
YGBI,Ygbi
YGBO,Ygbo
YGBW,Ygbw
YGCR,Ygcr
YGDA,Ygda
YGDH,Ygdh
YGDI,Ygdi
YGDN,Gordon Downs
YGDR,Ygdr
YGDS,Ygds
YGDV,Ygdv
YGDW,Ygdw
YGEL,Ygel
YGFN,Ygfn
YGGE,Ygge
YGGI,Yggi
YGGL,Yggl
YGGO,Yggo
YGGS,Yggs
YGHG,Yghg
YGIA,Ginbata
YGIB,Ygib
YGID,Ygid
YGIF,Ygif
YGIG,Ygig
YGIL,Ygil
YGIR,Ygir
YGKL,Ygkl
YGLA,Gladstone Apt
YGLB,Yglb
YGLD,Ygld
YGLE,Ygle
YGLG,Yglg
YGLI,Ygli
YGLN,Ygln
YGLO,Yglo
YGLP,Nicholson - Gallipolli
YGLS,Warakurna - Giles
YGLY,Ygly
YGMD,Ygmd
YGMP,Ygmp
YGNA,Ygna
YGNF,Ygnf
YGNV,Ygnv
YGNW,Ygnw
YGOM,Ygom
YGON,Ygon
YGOV,Ygov
YGPI,Ygpi
YGPR,Ygpr
YGPT,Ygpt
YGRD,Ygrd
YGRL,Ygrl
YGRM,Gruyere
YGRU,Ygru
YGSC,Ygsc
YGTE,Groote Eylandt
YGTH,Griffith Apt
YGTN,Ygtn
YGTO,Ygto
YGTP,Ygtp
YGUL,Ygul
YGUW,Yguw
YGVE,Ygve
YGWA,Ygwa
YGWD,Ygwd
YGYM,Ygym
YHAA,Yhaa
YHAB,Yhab
YHAE,Yhae
YHAG,Yhag
YHAW,Hawker - Wilpena Pound
YHAY,Yhay
YHBA,Hervey Bay
YHBK,Yhbk
YHBR,Yhbr
YHBY,Yhby
YHCT,Yhct
YHDD,Yhdd
YHDY,Yhdy
YHEC,Yhec
YHEG,Yheg
YHEW,Mulara - Hedlow
YHGR,Yhgr
YHGS,Yhgs
YHHY,Yhhy
YHID,Horn Island
YHIL,Yhil
YHKT,Yhkt
YHLC,Yhlc
YHLG,Yhlg
YHLM,Yhlm
YHLS,Yhls
YHMB,Yhmb
YHML,Yhml
YHMT,Yhmt
YHOA,Yhoa
YHOO,Yhoo
YHOT,Mount Hotham
YHOV,Yhov
YHOY,Yhoy
YHPE,Yhpe
YHPN,Yhpn
YHRD,Yhrd
YHRG,Yhrg
YHSB,Yhsb
YHSL,Yhsl
YHSM,Yhsm
YHTA,Yhta
YHTL,Yhtl
YHTN,Yhtn
YHTR,Yhtr
YHTS,Yhts
YHUG,Yhug
YHVH,Yhvh
YHYD,Yhyd
YIDK,Yidk
YIDR,Yidr
YIFL,Yifl
YIFY,Yify
YIGM,Yigm
YIGR,Yigr
YIKL,Yikl
YIKM,Yikm
YILA,Yila
YILT,Yilt
YILW,Inglewood
YIMA,Yima
YIMB,Yimb
YIMP,Yimp
YIMT,Innamincka Township
YING,Rewan - Ingelara
YINJ,Yinj
YINN,Yinn
YINO,Yino
YINV,Yinv
YINW,Inverway
YISD,Yisd
YISF,Yisf
YISV,Yisv
YITT,Yitt
YIVL,Yivl
YIVO,Yivo
YJAB,Yjab
YJAK,Yjak
YJAM,Yjam
YJBY,Jervis Bay Territory
YJCO,Yjco
YJCW,Yjcw
YJDA,Yjda
YJEM,Yjem
YJER,Yjer
YJEY,Yjey
YJGP,Yjgp
YJIG,Yjig
YJIN,Yjin
YJLC,Yjlc
YJNB,Yjnb
YJNK,Yjnk
YJNY,Yjny
YJRO,Yjro
YJST,Jamestown - Hubert Wilkins
YJUK,Yjuk
YJUN,Yjun
YJVM,Yjvm
YJVS,Yjvs
YJWB,Yjwb
YKAE,Ykae
YKAJ,Ykaj
YKAL,Ykal
YKAN,Ykan
YKAP,Kapunda
YKAR,Ykar
YKAT,Ykat
YKAY,Ykay
YKBG,Ykbg
YKBL,Ykbl
YKBN,Ykbn
YKBR,Ykbr
YKBY,Ykby
YKCA,Ykca
YKCK,Ykck
YKCS,Ykcs
YKDD,Newman - Gudai-Darri Airstrip
YKDI,Ykdi
YKDL,Ykdl
YKDM,Ykdm
YKDN,Ykdn
YKEB,Ykeb
YKEL,Ykel
YKEN,Yken
YKEP,Ykep
YKER,Yker
YKFC,Ykfc
YKGA,Ykga
YKHA,Ykha
YKHG,Ykhg
YKIA,Ykia
YKID,Ykid
YKIG,Ykig
YKII,Ykii
YKIL,Ykil
YKIR,Kirkimbie
YKIU,Ykiu
YKKG,Ykkg
YKKH,Ykkh
YKLA,Ykla
YKLB,Koolburra
YKLE,Ykle
YKLG,Yklg
YKLL,Ykll
YKLN,Ykln
YKLR,Yklr
YKMB,Ykmb
YKML,Ykml
YKMP,Ykmp
YKNC,Yknc
YKNG,Ykng
YKNM,Yknm
YKNP,Yknp
YKNT,Yknt
YKNV,Yknv
YKOG,Ykog
YKOJ,Ykoj
YKOK,Ykok
YKOL,Ykol
YKOW,Kowanyama
YKPR,Ykpr
YKPT,Ykpt
YKRV,Ykrv
YKRY,Ykry
YKSC,Yksc
YKTA,Ykta
YKTH,Ykth
YKTN,Kyneton
YKUB,Ykub
YKUW,Ykuw
YKUY,Ykuy
YKWG,Ykwg
YKYB,Private Airfield In The Shire Of Campaspe - Kyabram
YKYN,Ykyn
YLAG,Ylag
YLAH,Ylah
YLAK,Lakeside
YLAM,Ylam
YLAN,Ylan
YLAO,Ylao
YLAW,Ylaw
YLBD,Ylbd
YLBG,Ylbg
YLBO,Ylbo
YLCG,Ylcg
YLCS,Ylcs
YLDB,Yldb
YLDO,Yldo
YLEA,Ylea
YLEC,Ylec
YLED,Yled
YLEE,Ylee
YLEG,Yleg
YLEO,Leonora
YLET,Ylet
YLEV,Ylev
YLFD,Ylfd
YLGA,Ylga
YLGB,Ylgb
YLGC,Ylgc
YLGD,Ylgd
YLGL,Ylgl
YLGN,Ylgn
YLGU,Ylgu
YLHI,Lord Howe Island
YLHL,Ylhl
YLHR,Ylhr
YLHS,Lyndhurst
YLIL,Ylil
YLIM,Ylim
YLIN,Lindeman Island
YLIS,Lismore
YLKD,Ylkd
YLKE,Ylke
YLKG,Ylkg
YLKN,Ylkn
YLLA,Ylla
YLLC,Yllc
YLLD,Ylld
YLLE,Ylle
YLLR,Yllr
YLLV,Yllv
YLMB,Ylmb
YLMQ,Ylmq
YLMU,Mungo
YLND,Ylnd
YLNR,Ylnr
YLOC,Yloc
YLOD,Ylod
YLOH,Louth
YLOK,Lock
YLOR,Ylor
YLOU,Ylou
YLOV,Lotus Vale
YLOX,Ylox
YLOY,Yloy
YLPR,Ylpr
YLRA,Ylra
YLRD,Ylrd
YLRE,Longreach
YLRG,Ylrg
YLRN,Ylrn
YLRS,Ylrs
YLSM,Ylsm
YLSS,Ylss
YLST,Ylst
YLSY,Ylsy
YLTN,Yltn
YLTV,Yltv
YLUC,Yluc
YLUI,Ylui
YLUL,Ylul
YLUW,Yluw
YLVB,Ylvb
YLVD,Ylvd
YLVK,Ylvk
YLVY,Ylvy
YLWY,Ylwy
YLYD,Ylyd
YLYK,Ylyk
YLYN,Ylyn
YLZI,Ylzi
YLZR,Ylzr
YMAA,Mabuiag Island
YMAC,Ymac
YMAD,Ymad
YMAE,Ymae
YMAG,Ymag
YMAI,Ymai
YMAK,Ymak
YMAU,Ymau
YMAV,Melbourne - Avalon
YMAY,Albury
YMBA,Ymba
YMBD,Ymbd
YMBL,Ymbl
YMBT,Mount Beauty
YMBU,Ymbu
YMBX,Mundrabilla
YMBZ,Ymbz
YMCE,Ymce
YMCK,Ymck
YMCL,Ymcl
YMCO,Ymco
YMCR,Ymcr
YMCS,Ymcs
YMCT,Ymct
YMCU,Ymcu
YMDA,Ymda
YMDB,Ymdb
YMDG,Mudgee
YMDI,Mandora
YMDK,Ymdk
YMDN,Ymdn
YMDR,Ymdr
YMDS,Ymds
YMDT,Ymdt
YMDV,Ymdv
YMDW,Ymdw
YMDY,Ymdy
YMDZ,Ymdz
YMEB,Ymeb
YMED,Ymed
YMEI,Ymei
YMEK,Ymek
YMEL,Melton
YMEN,Ymen
YMEO,Merton
YMEP,Ymep
YMER,Merimbula
YMES,Ymes
YMEU,Ymeu
YMEW,Ymew
YMEY,Ymey
YMFD,Ymfd
YMGB,Milingimbi Island
YMGD,Maningrida
YMGG,Ymgg
YMGI,Ymgi
YMGN,Mount Gunson
YMGO,Ymgo
YMGR,Ymgr
YMGS,Ymgs
YMGT,Ymgt
YMGV,Ymgv
YMHB,Hobart Intl
YMHL,Ymhl
YMHO,Ymho
YMHT,Ymht
YMHU,Mcarthur River Mine
YMHW,Ymhw
YMIA,Mildura
YMIB,Ymib
YMIG,Ymig
YMIJ,Ymij
YMIL,Ymil
YMIN,Ymin
YMIP,Mitchell Plateau
YMIR,Ymir
YMIS,Ymis
YMIT,Ymit
YMIV,Ymiv
YMIX,Ymix
YMJE,Ymje
YMJM,Ymjm
YMKA,Ymka
YMKB,Ymkb
YMKT,Ymkt
YMLA,Ymla
YMLC,Ymlc
YMLD,Ymld
YMLK,Ymlk
YMLL,Ymll
YMLN,Ymln
YMLR,Ymlr
YMLS,Ymls
YMLT,Launceston
YMLX,Ymlx
YMMB,Melbourne Moorabbin
YMMI,Ymmi
YMML,Melbourne Intl
YMMN,Ymmn
YMMT,Ymmt
YMMU,Ymmu
YMNA,Ymna
YMNB,Ymnb
YMND,Ymnd
YMNE,Ymne
YMNF,Ymnf
YMNG,Ymng
YMNK,Ymnk
YMNN,Ymnn
YMNO,Ymno
YMNP,Ymnp
YMNS,Ymns
YMNT,Ymnt
YMNW,Ymnw
YMNX,Ymnx
YMNY,Ymny
YMOE,Ymoe
YMOG,Ymog
YMOM,Moulamein
YMOO,Ymoo
YMOR,Moree
YMOT,Moreton
YMOU,Ymou
YMPA,Ympa
YMPC,Point Cook
YMPE,Ympe
YMPH,Ymph
YMPK,Ympk
YMQA,Marqua
YMQD,Ymqd
YMRA,Ymra
YMRB,Moranbah
YMRE,Ymre
YMRS,Ymrs
YMRT,Ymrt
YMRW,Ymrw
YMRY,Moruya
YMSF,Ymsf
YMSK,Ymsk
YMSO,Ymso
YMSP,Ymsp
YMSS,Ymss
YMTA,Ymta
YMTB,Ymtb
YMTC,Ymtc
YMTG,Ymtg
YMTI,Ymti
YMTO,Ymto
YMTP,Ymtp
YMTW,Ymtw
YMTX,Ymtx
YMTZ,Ymtz
YMUA,Ymua
YMUC,Muccan Station
YMUE,Ymue
YMUG,Mungeranie
YMUI,Murray Island
YMUJ,Ymuj
YMUK,Mulka
YMUL,Ymul
YMUP,Ymup
YMUR,Ymur
YMUX,Ymux
YMVG,Ymvg
YMVH,Ymvh
YMVM,Mangrove Mountain
YMVN,Ymvn
YMVR,Ymvr
YMVY,Ymvy
YMWA,Ymwa
YMWE,Ymwe
YMWM,Ymwm
YMWO,Ymwo
YMWT,Ymwt
YMWX,Ymwx
YMYB,Ymyb
YMYH,Ymyh
YMYI,Ymyi
YMYR,Ymyr
YMYT,Ymyt
YMYV,Ymyv
YMYW,Ymyw
YMYY,Ymyy
YMZI,Ymzi
YNAB,Ynab
YNAN,Ynan
YNAP,Ynap
YNAR,Narrandera
YNAU,Ynau
YNBR,Narrabri
YNCD,Yncd
YNCS,Yncs
YNDG,Yndg
YNDR,Yndr
YNDS,Ynds
YNES,Ynes
YNGB,Yngb
YNGU,Yngu
YNHE,Ynhe
YNHL,Ynhl
YNHP,Ynhp
YNHS,Nambucca Heads
YNHV,Ynhv
YNIC,Ynic
YNIG,Ynig
YNIN,Ynin
YNKA,Ynka
YNMN,Ynmn
YNNT,Ynnt
YNOC,Ynoc
YNOF,Ynof
YNON,Ynon
YNOO,Ynoo
YNOR,Ynor
YNPA,Ynpa
YNPB,Ynpb
YNPD,Ynpd
YNPE,Ynpe
YNPU,Ynpu
YNRB,Ynrb
YNRC,Ynrc
YNRG,Ynrg
YNRL,Ynrl
YNRM,Ynrm
YNRR,Ynrr
YNRV,Ynrv
YNSH,Ynsh
YNSM,Ynsm
YNTI,Ynti
YNTM,Yntm
YNTN,Yntn
YNUB,Ynub
YNUD,Nammuldi Mine
YNUE,Ynue
YNUJ,Ynuj
YNUL,Ynul
YNUM,Ynum
YNUT,Ynut
YNVE,Ynve
YNVL,Ynvl
YNVR,Ynvr
YNWL,Ynwl
YNWN,Newman
YNWT,Ynwt
YNYG,Ynyg
YNYM,Ynym
YNYN,Ynyn
YNYP,Ynyp
YOAD,Yoad
YOAP,Yoap
YOAS,Yoas
YOAY,Yoay
YOBR,Yobr
YODA,Yoda
YODL,Yodl
YOEN,Yoen
YOIT,Yoit
YOKE,Yoke
YOKV,Yokv
YOLA,Yola
YOLD,Olympic Dam
YOLW,Yolw
YOLY,Yoly
YOMI,Yomi
YOMO,Yomo
YOOD,Yood
YOOK,Yook
YOOM,Yoom
YOOO,Yooo
YORA,Yora
YORB,Yorb
YORC,Yorc
YORG,Orange
YORL,Yorl
YORR,Yorr
YORT,Yort
YORV,Ord River
YORW,Yorw
YOSB,Yosb
YOTN,Yotn
YOUN,Youn
YOUY,Youy
YPAC,Ypac
YPAD,Adelaide Intl
YPAG,Ypag
YPAM,Ypam
YPAY,Ypay
YPBH,Ypbh
YPBO,Paraburdoo
YPCC,Cocos (Keeling) Islands
YPCE,Ypce
YPCH,Ypch
YPCS,Ypcs
YPDI,Ypdi
YPDN,Darwin
YPDO,Pardoo
YPDY,Ypdy
YPEA,Bullsbrook - Raaf
YPEC,Ypec
YPED,Adelaide - Raaf
YPEF,Sunbury - Penfield
YPFT,Ypft
YPGH,Ypgh
YPGV,Nhulunbuy - Gove
YPID,Ypid
YPIN,Ypin
YPIR,Ypir
YPIX,Ypix
YPIY,Ypiy
YPJI,Ypji
YPJT,Perth Jandakot
YPKA,Karratha
YPKE,Ypke
YPKG,Kalgoorlie
YPKH,Ypkh
YPKI,Ypki
YPKL,Ypkl
YPKS,Parkes
YPKT,Ypkt
YPKU,Kununurra
YPLC,Port Lincoln
YPLG,Yplg
YPLI,Ypli
YPLL,Ypll
YPLM,Exmouth - Learmonth
YPLU,Yplu
YPMB,Ypmb
YPME,Ypme
YPMH,Ypmh
YPMP,Ypmp
YPMQ,Port Macquarie
YPNC,Ypnc
YPNG,Ypng
YPNI,Ypni
YPNN,Ypnn
YPNW,Ypnw
YPOD,Ypod
YPOK,Ypok
YPOP,Ypop
YPPD,Port Hedland
YPPF,Adelaide Parafield
YPPH,Perth Intl
YPRA,Ypra
YPRE,Ypre
YPSH,Ironstone - Penneshaw
YPTB,Yptb
YPTJ,Patjarr
YPTN,Yptn
YPUA,Ypua
YPUN,Ypun
YPVD,Ypvd
YPWH,Ypwh
YPWR,Woomera
YPXM,Christmas Island
YPYD,Ypyd
YPYF,Ypyf
YQBE,Yqbe
YQBK,Yqbk
YQDG,Yqdg
YQDI,Yqdi
YQLP,Yqlp
YQNS,Yqns
YQON,Yqon
YQRN,Yqrn
YQUA,Yqua
YQUE,Yque
YRAG,Yrag
YRAM,Yram
YRAT,Yrat
YRAV,Yrav
YRAW,Yraw
YRBB,Yrbb
YRBE,Robe
YRBM,Yrbm
YRBR,Yrbr
YRBT,Yrbt
YRBW,Yrbw
YRDA,Yrda
YRDM,Yrdm
YRDY,Yrdy
YRED,Redcliffe Apt
YREN,Yren
YRHL,Yrhl
YRID,Riddell
YRKD,Yrkd
YRKE,Yrke
YRKS,Yrks
YRLE,Yrle
YRLL,Yrll
YRMD,Yrmd
YRNG,Yrng
YRNW,Yrnw
YROB,Yrob
YROE,Roebourne
YROI,Yroi
YROK,Yrok
YROM,Roma
YROT,Yrot
YROV,Yrov
YRRB,Yrrb
YRRG,Yrrg
YRRR,Yrrr
YRSB,Yrsb
YRSH,Yrsh
YRSK,Yrsk
YRSV,Yrsv
YRSY,Romsey
YRTI,Yrti
YRTP,Yrtp
YRUD,Yrud
YRUG,Yrug
YRVE,Yrve
YRWA,Yrwa
YRWH,Yrwh
YRXB,Yrxb
YRYH,Yryh
YRYK,Yryk
YSAH,Ysah
YSAI,Ysai
YSAN,Sandstone
YSAR,Ysar
YSBG,Ysbg
YSBK,Sydney Bankstown
YSBO,Ysbo
YSCA,Ysca
YSCB,Canberra
YSCH,Coffs Harbour
YSCN,Yscn
YSCO,Ysco
YSCR,Yscr
YSDL,Ysdl
YSDN,Ysdn
YSDU,Dubbo
YSDW,Ysdw
YSEN,Ysen
YSFI,Ysfi
YSFL,Ysfl
YSFY,Ysfy
YSGD,Ysgd
YSGE,Ysge
YSGR,Ysgr
YSGT,Singleton
YSGW,Ysgw
YSHG,Shay Gap
YSHK,Monkey Mia - Shark Bay
YSHN,Yshn
YSHR,Yshr
YSHT,Ysht
YSHW,Yshw
YSIA,Siam
YSII,Saibai Island
YSLE,Ysle
YSLG,Yslg
YSLK,Yslk
YSLN,Ysln
YSLT,Yslt
YSLV,Yslv
YSMB,Ysmb
YSMI,Ysmi
YSMP,Ysmp
YSMR,Ysmr
YSMY,Ysmy
YSNB,Ysnb
YSNF,Burnt Pine - Norfolk Island
YSNT,Ysnt
YSNW,Ysnw
YSOL,Karijini National Park - Solomon
YSOW,Ysow
YSPE,Yspe
YSPF,Yspf
YSPI,Yspi
YSPK,Yspk
YSPT,Yspt
YSPV,Yspv
YSRD,Ysrd
YSRI,Richmond Base
YSRN,Ysrn
YSRT,Ysrt
YSSY,Sydney Kingsford
YSTA,Ysta
YSTB,Ystb
YSTC,Stuart Creek
YSTH,Ysth
YSTI,Ysti
YSTO,Ysto
YSTR,Ystr
YSTT,Ystt
YSTW,Tamworth
YSUJ,Ysuj
YSVH,Ysvh
YSVN,Ysvn
YSWA,Yswa
YSWE,Yswe
YSWG,Wagga Wagga
YSWH,Yswh
YSWL,Yswl
YSYN,Ysyn
YTAA,Ytaa
YTAB,Ytab
YTAD,Ytad
YTAM,Ytam
YTAN,Ytan
YTAR,Tarcoola
YTBB,Ytbb
YTBF,Ytbf
YTBG,Ytbg
YTBR,Ytbr
YTCF,Ytcf
YTCK,Ytck
YTCY,Ytcy
YTDL,Ytdl
YTDM,Ytdm
YTDN,Ytdn
YTDR,Ytdr
YTEC,Ytec
YTEE,Ytee
YTEF,Ytef
YTEM,Ytem
YTEN,Yten
YTFA,Truro Flat
YTFD,Tenterfield
YTGA,Ytga
YTGG,Ytgg
YTGI,Ytgi
YTGM,Ytgm
YTGT,Ytgt
YTGV,Ytgv
YTHD,Ythd
YTHI,Thistle Island
YTHR,Ythr
YTHS,Yths
YTHV,Ythv
YTHY,Ythy
YTIB,Ytib
YTII,Ytii
YTIN,Ytin
YTIT,Ytit
YTJI,Ytji
YTJU,Ytju
YTKS,Ytks
YTKY,Turkey Creek
YTLG,Ytlg
YTLL,Ytll
YTLP,Tilpa
YTLT,Ytlt
YTMB,Ytmb
YTML,Ytml
YTMN,Ytmn
YTMO,Ytmo
YTMP,Tom Price
YTMS,Ytms
YTMU,Ytmu
YTMY,Tobermorey
YTNB,Ytnb
YTNC,Ytnc
YTNE,Ytne
YTNG,Biloela - Thangool
YTNK,Tennant Creek
YTNN,Ytnn
YTNR,Ytnr
YTNS,Ytns
YTOA,Ytoa
YTOB,Ytob
YTOC,Ytoc
YTOG,Ytog
YTOK,Ytok
YTOS,Ytos
YTOT,Ytot
YTPE,Ytpe
YTQY,Torquay
YTRB,Ytrb
YTRC,Ytrc
YTRE,Taree
YTRK,Ytrk
YTST,Ytst
YTTE,Ytte
YTTI,Ytti
YTUA,Ytua
YTUC,Ytuc
YTUG,Ytug
YTUN,Ytun
YTUY,Ytuy
YTVA,Ytva
YTWB,Ytwb
YTWE,Ytwe
YTWN,Ytwn
YTYA,Melbourne - Tyabb
YTYH,Ytyh
YTYN,Ytyn
YUCH,Ucharonidge Station
YUDA,Yuda
YUDG,Yudg
YUDL,Yudl
YUMB,Yumb
YUMU,Yumu
YUNY,Yuny
YUPG,Yupg
YUPH,Yuph
YUSL,Yusl
YUTP,Yutp
YUTS,Yuts
YVAF,Yvaf
YVIV,Yviv
YVLG,Yvlg
YVNS,Yvns
YVRD,Yvrd
YVRS,Yvrs
YVSH,Yvsh
YVVA,Victoria Valley
YVVL,Yvvl
YWAB,Ywab
YWAC,Wauchope
YWAG,Ywag
YWAL,Wallal
YWAT,Ywat
YWAV,Ywav
YWAX,Wanarn
YWBH,Ywbh
YWBI,Ywbi
YWBL,Ywbl
YWBN,Ywbn
YWBR,Ywbr
YWBS,Sue Islet - Warraber Island
YWCA,Ywca
YWCH,Ywch
YWCK,Ywck
YWCM,Ywcm
YWDA,Ywda
YWDC,Ywdc
YWDG,Ywdg
YWDH,Ywdh
YWDJ,Ywdj
YWDL,Ywdl
YWDR,Ywdr
YWDS,Ywds
YWDT,Ywdt
YWDV,Ywdv
YWEC,Ywec
YWED,Ywed
YWEE,Ywee
YWEL,Ywel
YWEO,Yweo
YWER,Ywer
YWEX,Ywex
YWFD,Ywfd
YWGN,Ywgn
YWGT,Ywgt
YWGW,Ywgw
YWHA,Whyalla
YWHC,Ywhc
YWHI,Ywhi
YWHL,Ywhl
YWIB,Ywib
YWIE,Ywie
YWIL,Ywil
YWIO,Ywio
YWIS,Ywis
YWIT,Ywit
YWJS,Ywjs
YWKB,Ywkb
YWKI,Ywki
YWKM,Wyalkatchem
YWKS,Ywks
YWKW,Warkworth
YWLA,Ywla
YWLB,Ywlb
YWLG,Ywlg
YWLH,Ywlh
YWLM,Williamtown - Newcastle
YWLN,Ywln
YWLP,Ywlp
YWLU,Ywlu
YWLX,Ywlx
YWMA,Ywma
YWMC,Ywmc
YWMG,Ywmg
YWML,Ywml
YWMM,Ywmm
YWMP,Ywmp
YWMY,Ywmy
YWNA,Ywna
YWND,Ywnd
YWNI,Ywni
YWNL,Ywnl
YWNO,Ywno
YWNS,Ywns
YWOH,Ywoh
YWOL,Ywol
YWOM,Ywom
YWON,Ywon
YWOR,Ywor
YWOV,Ywov
YWOX,Ywox
YWPA,Ywpa
YWPE,Ywpe
YWPL,Ywpl
YWRA,Ywra
YWRC,Ywrc
YWRE,Ywre
YWRL,Ywrl
YWRN,Ywrn
YWRR,Ywrr
YWRT,Ywrt
YWRV,Ywrv
YWSD,Ywsd
YWSG,Ywsg
YWSI,Ywsi
YWSL,Ywsl
YWSX,Ywsx
YWTL,Ywtl
YWTN,Ywtn
YWTO,Ywto
YWTV,Ywtv
YWUD,Ywud
YWVA,Warnervale
YWVL,Ywvl
YWWA,Ywwa
YWWG,Ywwg
YWWH,Ywwh
YWWI,Woodie Woodie
YWWL,West Wyalong
YWYA,Ywya
YWYB,Ywyb
YWYF,Ywyf
YWYM,Ywym
YWYY,Burnie - Wynyard
YXGS,Gosford
YXTA,Yxta
YYAA,Yyaa
YYAC,Yyac
YYAG,Yyag
YYAK,Yyak
YYAL,Yalgoo
YYAS,Yyas
YYBE,Yybe
YYDE,Yyde
YYDM,Yydm
YYEA,Yyea
YYER,Yyer
YYGG,Yygg
YYKI,Yorke Island
YYLD,Yyld
YYLG,Yylg
YYLR,Yylr
YYMI,Yam Island
YYND,Yynd
YYNG,Yyng
YYNR,Yynr
YYOO,Yyoo
YYOR,Yyor
YYRK,Yyrk
YYRM,Yyrm
YYRN,Yyrn
YYRW,Yyrw
YYTA,Yalata Mission
YYUM,Yyum
YYUN,Yyun
YYWA,Yywa
YYWG,Yywg
YZAN,Yzan
YZHN,Yzhn
Z14,Tazlina
Z17,Ophir
Z19M,Al Abdaliyah
Z20,Tuntutuliak
Z23Z,Paraguari
Z25,Aleknagik - Tripod
Z33,Aleknagik
Z40,Goose Bay
Z43,Annette - Tamgas Harbor
Z47,Basin Creek - Engstrom
Z48,Bear Creek 3
Z52,Bear Lake - Johnsons Landing
Z55,Lake Louise
Z58,Bethel - Hangar Lake
Z59,Bethel
Z71,Cape Pole
Z78,Chignik Bay
Z81,Salmon Lake
Z87,Cold Bay - Blinn Lake
Z90,Kantishna - Stampede
Z91,Birch Creek
Z93,Copper Center
Z95,Cibecue
Z98,Zeeland - Ottawa
Z99,Yakima - Mettie Airstrip
ZBAA,Beijing Capital
ZBAD,Beijing Daxing
ZBAL,Bayanhot
ZBAR,Badanjilin
ZBBB,Beijing Xijiao
ZBCD,Zbcd
ZBCF,Chifeng
ZBCZ,Changzhi
ZBDH,Zbdh
ZBDS,Ordos
ZBDT,Datong
ZBEN,Zben
ZBER,Erenhot
ZBES,Arxan - Aershan Yiershi
ZBGS,Baise - Tian Yang
ZBHD,Handan
ZBHH,Hohhot - Baita
ZBHZ,Holingol - Huolinguole Huolinhe
ZBLA,Hailar - Dongshan
ZBLL,Zbll
ZBMZ,Manzhouli
ZBNY,Beijing Nanyuan
ZBOW,Baotou
ZBSG,Zbsg
ZBSH,Qinhuangdao - Shanhaiguan
ZBSJ,Shijiazhuang
ZBTJ,Tianjin
ZBTL,Tongliao
ZBTS,Zbts
ZBUC,Ulanqab
ZBUH,Wuhai
ZBUL,Ulanhot
ZBXH,Xilinhot
ZBXT,Zbxt
ZBXZ,Zbxz
ZBYC,Yuncheng
ZBYN,Taiyuan
ZBYZ,Bayannur - Bayannaoer Tianjitai
ZBZJ,Zbzj
ZBZL,Zalantun - Zhalantun Chengjisihan
ZGBH,Beihai
ZGBS,Zgbs
ZGCD,Changde
ZGCJ,Huaihua - Zhijiang
ZGCZ,Chenzhou
ZGDY,Dayong
ZGFS,Foshan
ZGGG,Guangzhou
ZGHA,Changsha
ZGHC,Zghc
ZGHY,Hengyang
ZGHZ,Huizhou
ZGKL,Guilin City
ZGLD,Louding City - Luoding Sulong
ZGLG,Yongzhou - Lingling
ZGMX,Meixian
ZGNN,Nanning
ZGOW,Shantou
ZGSD,Zhuhai
ZGSY,Zgsy
ZGSZ,Shenzhen
ZGWZ,Wuzhou
ZGXN,Xingning
ZGYL,Yulin Fumian
ZGYY,Yueyang
ZGZH,Liuzhou - Bailian
ZGZJ,Zhanjiang
ZHAY,Anyang
ZHCC,Zhengzhou - Xinzheng
ZHEC,Ezhou
ZHES,Enshi
ZHGH,Guanghua - Guangzhou
ZHHH,Wuhan
ZHLY,Luoyang
ZHNY,Nanyang
ZHSN,Zhsn
ZHSS,Shashi
ZHSY,Zhsy
ZHXF,Xiangfan
ZHXY,Xinyang
ZHYC,Yichang
ZJHK,Haikou
ZJQH,Qionghai
ZJSY,Sanya
ZJYX,Woody Island
ZKHM,Zkhm
ZKPY,Pyongyang - Sunan
ZKSD,Zksd
ZKSE,Samjiyon
ZKUJ,Zkuj
ZKWS,Zkws
ZLAK,Ankang
ZLDH,Dunhuang
ZLDL,Zldl
ZLGL,Zlgl
ZLGM,Golmud
ZLGY,Guyuan
ZLHB,Haibei
ZLHZ,Hanzhong
ZLIC,Yinchuan
ZLJC,Jinchang - Jinchuan
ZLJN,Jining Qufu
ZLJQ,Jiayuguan
ZLLL,Lanzhou
ZLLN,Longnan
ZLQY,Qingyang
ZLSN,Xi'An - Xiguan
ZLTS,Tianshui
ZLXH,Zlxh
ZLXN,Xining
ZLXY,Xianyang
ZLYA,Yan'An
ZLYL,Yulin Apt
ZLYS,Zlys
ZLZW,Zhongwei
ZLZY,Zlzy
ZMAH,Arvaikheer
ZMAT,Altai
ZMBD,Binder
ZMBH,Bayankhongor
ZMBN,Bulgan
ZMBR,Umnugobitour - Bulagtai Resort
ZMBS,Zmbs
ZMBU,Zmbu
ZMCD,Zmcd
ZMCK,Ulaanbaatar - Chinggis Khaan
ZMDN,Zmdn
ZMDZ,Dalanzadgad
ZMHG,Zmhg
ZMHH,Zmhh
ZMHU,Zmhu
ZMKD,Khovd
ZMMG,Zmmg
ZMMN,Moron Apt
ZMOT,Zmot
ZMSH,Zmsh
ZMTG,Zmtg
ZMTL,Zmtl
ZMUB,Ulan Bator - Chinggis Khaan
ZMUG,Zmug
ZMUH,Zmuh
ZMUL,Zmul
ZNC,Nyac
ZPBS,Zpbs
ZPCW,Zpcw
ZPDL,Xiaguan - Dali
ZPDQ,Shangri-La - Diqing
ZPJH,Jinghong - Xishuangbanna Gasa
ZPJM,Zpjm
ZPLC,Lincang
ZPLJ,Lijiang
ZPLX,Luxi - Mangshi
ZPMS,Zpms
ZPPP,Kunming
ZPSM,Simao
ZPWS,Zpws
ZPYM,Zpym
ZPZT,Zhaotong
ZSAM,Xiamen
ZSAQ,Anqing
ZSBB,Bengbu
ZSCG,Changzhou
ZSCN,Nanchang Changbei
ZSDY,Dongying
ZSFY,Fuyang
ZSFZ,Fuzhou
ZSGS,Ji'An - Jinggangshan
ZSGZ,Ganzhou
ZSHC,Hangzhou
ZSHZ,Zshz
ZSJA,Zsja
ZSJD,Jingdezhen
ZSJG,Jining Da'An
ZSJJ,Jiujiang
ZSJN,Jinan - Yaoqiang
ZSJU,Quzhou
ZSLD,Longyan
ZSLG,Lianyungang
ZSLO,Zslo
ZSLQ,Huangyan
ZSLY,Linyi - Shubuling
ZSNB,Ningbo
ZSNJ,Nanjing
ZSNT,Nantong
ZSOF,Hefei
ZSPD,Shanghai Pudong
ZSQD,Qingdao
ZSQZ,Quanzhou
ZSRG,Rugao
ZSSH,Huai'An - Lianshui
ZSSL,Shanghai Longhua
ZSSM,Sanming
ZSSR,Zssr
ZSSS,Shanghai Hongqiao
ZSSZ,Suzhou - Guangfu
ZSTX,Huangshan - Tunxi
ZSWA,Wuhu Xuanzhou
ZSWF,Weifang
ZSWH,Weihai
ZSWU,Wuhu Air
ZSWX,Wuxi - Sunan Shuofang
ZSWY,Wuyishan
ZSWZ,Wenzhou
ZSXZ,Xuzhou
ZSYA,Zsya
ZSYC,Zsyc
ZSYH,Nanchang Yaohu
ZSYN,Yancheng
ZSYT,Yantai
ZSYW,Yiwu
ZSZS,Zhoushan
ZUAL,Shiquanhe - Ngari Gunsa
ZUAS,Anshun
ZUBD,Bangda
ZUBJ,Bijie
ZUBZ,Bazhong
ZUCK,Chongqing
ZUDA,Zuda
ZUDC,Daocheng County
ZUDR,Zudr
ZUDX,Dazhou - Dachuan
ZUDZ,Zudz
ZUGH,Zugh
ZUGU,Guangyuan
ZUGY,Guiyang - Longdongbao
ZUGZ,Garze
ZUHY,Zuhy
ZUJZ,Jiuzhaigou - Jiuzhai Huanglong
ZUKD,Zukd
ZUKJ,Kaili
ZULA,Langzhong
ZULB,Zulb
ZULP,Liangping
ZULS,Lhasa
ZULZ,Luzhou
ZUMT,Zunyi Maotai
ZUMY,Mianyang
ZUNC,Nanchong
ZUNP,Zunp
ZUNZ,Nyingchi
ZUPS,Liupanshui
ZUQJ,Chongqing - Qianjiang Wulingshan
ZURK,Zurk
ZUTC,Tengchong
ZUTF,Chengdu Tianfu
ZUTR,Zutr
ZUUU,Chengdu Shuangliu
ZUWL,Wulong
ZUWS,Wushan
ZUWX,Wanxian
ZUXC,Xichang
ZUYB,Yibin
ZUYI,Xingyi
ZUZH,Zuzh
ZUZY,Zunyi Xinzhou
ZWAK,Aksu
ZWAL,Aral
ZWAT,Altay
ZWBL,Bole
ZWCM,Qiemo
ZWFY,Zwfy
ZWHM,Hami
ZWHZ,Zwhz
ZWKC,Kuqa
ZWKL,Korla
ZWKM,Karamay
ZWKN,Zwkn
ZWNL,Zwnl
ZWRQ,Ruoqiang
ZWSH,Kashgar
ZWSS,Shanshan
ZWTC,Tacheng
ZWTK,Tashkurgan
ZWTL,Zwtl
ZWTN,Hotan
ZWTS,Tumxuk
ZWWW,Urumqi
ZWYN,Yining
ZWYT,Yutian
ZYAS,Anshan
ZYBA,Zyba
ZYBS,Baishan
ZYCC,Changchun - Longjia
ZYCH,Changhai
ZYCY,Chaoyang
ZYDD,Dandong
ZYDQ,Daqing Shi - Saertu
ZYFY,Zyfy
ZYHB,Harbin - Taiping
ZYHE,Heihe
ZYJD,Zyjd
ZYJL,Jilin
ZYJM,Jiamusi
ZYJS,Zyjs
ZYJX,Zyjx
ZYJZ,Jinzhou
ZYLD,Yichun - Lindu
ZYLS,Yushu
ZYMD,Mudanjiang
ZYMH,Mohe - Gu Lian
ZYQQ,Qiqihar
ZYSQ,Songyuan
ZYTH,Tahe
ZYTL,Dalian - Zhoushuizi
ZYTN,Tonghua
ZYTX,Shenyang - Taoxian
ZYXC,Zyxc
ZYYJ,Yanji
ZYYK,Zyyk
ZYYL,Zyyl
ZYYY,Shenyang
